{"frames": {

"arrow_left_paytable_click.png":
{
	"frame": {"x":623,"y":71,"w":47,"h":52},
	"rotated": false,
	"trimmed": false,
	"spriteSourceSize": {"x":0,"y":0,"w":47,"h":52},
	"sourceSize": {"w":47,"h":52}
},
"arrow_left_paytable_normal.png":
{
	"frame": {"x":623,"y":71,"w":47,"h":52},
	"rotated": false,
	"trimmed": false,
	"spriteSourceSize": {"x":0,"y":0,"w":47,"h":52},
	"sourceSize": {"w":47,"h":52}
},
"arrow_left_paytable_over.png":
{
	"frame": {"x":1,"y":1,"w":74,"h":78},
	"rotated": false,
	"trimmed": false,
	"spriteSourceSize": {"x":0,"y":0,"w":74,"h":78},
	"sourceSize": {"w":74,"h":78}
},
"arrow_right_paytable_click.png":
{
	"frame": {"x":1,"y":161,"w":47,"h":52},
	"rotated": false,
	"trimmed": false,
	"spriteSourceSize": {"x":0,"y":0,"w":47,"h":52},
	"sourceSize": {"w":47,"h":52}
},
"arrow_right_paytable_normal.png":
{
	"frame": {"x":1,"y":161,"w":47,"h":52},
	"rotated": false,
	"trimmed": false,
	"spriteSourceSize": {"x":0,"y":0,"w":47,"h":52},
	"sourceSize": {"w":47,"h":52}
},
"arrow_right_paytable_over.png":
{
	"frame": {"x":1,"y":81,"w":74,"h":78},
	"rotated": false,
	"trimmed": false,
	"spriteSourceSize": {"x":0,"y":0,"w":74,"h":78},
	"sourceSize": {"w":74,"h":78}
},
"button_close_paytable_click.png":
{
	"frame": {"x":623,"y":125,"w":40,"h":40},
	"rotated": false,
	"trimmed": false,
	"spriteSourceSize": {"x":0,"y":0,"w":40,"h":40},
	"sourceSize": {"w":40,"h":40}
},
"button_close_paytable_normal.png":
{
	"frame": {"x":623,"y":125,"w":40,"h":40},
	"rotated": false,
	"trimmed": false,
	"spriteSourceSize": {"x":0,"y":0,"w":40,"h":40},
	"sourceSize": {"w":40,"h":40}
},
"button_close_paytable_over.png":
{
	"frame": {"x":623,"y":1,"w":68,"h":68},
	"rotated": false,
	"trimmed": false,
	"spriteSourceSize": {"x":0,"y":0,"w":68,"h":68},
	"sourceSize": {"w":68,"h":68}
},
"lineaPaytable1.png":
{
	"frame": {"x":77,"y":1,"w":89,"h":55},
	"rotated": false,
	"trimmed": false,
	"spriteSourceSize": {"x":0,"y":0,"w":89,"h":55},
	"sourceSize": {"w":89,"h":55}
},
"lineaPaytable2.png":
{
	"frame": {"x":532,"y":1,"w":89,"h":55},
	"rotated": false,
	"trimmed": false,
	"spriteSourceSize": {"x":0,"y":0,"w":89,"h":55},
	"sourceSize": {"w":89,"h":55}
},
"lineaPaytable3.png":
{
	"frame": {"x":50,"y":171,"w":89,"h":55},
	"rotated": false,
	"trimmed": false,
	"spriteSourceSize": {"x":0,"y":0,"w":89,"h":55},
	"sourceSize": {"w":89,"h":55}
},
"lineaPaytable4.png":
{
	"frame": {"x":141,"y":172,"w":89,"h":55},
	"rotated": false,
	"trimmed": false,
	"spriteSourceSize": {"x":0,"y":0,"w":89,"h":55},
	"sourceSize": {"w":89,"h":55}
},
"lineaPaytable5.png":
{
	"frame": {"x":232,"y":172,"w":89,"h":55},
	"rotated": false,
	"trimmed": false,
	"spriteSourceSize": {"x":0,"y":0,"w":89,"h":55},
	"sourceSize": {"w":89,"h":55}
},
"lineaPaytable6.png":
{
	"frame": {"x":323,"y":172,"w":89,"h":55},
	"rotated": false,
	"trimmed": false,
	"spriteSourceSize": {"x":0,"y":0,"w":89,"h":55},
	"sourceSize": {"w":89,"h":55}
},
"lineaPaytable7.png":
{
	"frame": {"x":414,"y":172,"w":89,"h":55},
	"rotated": false,
	"trimmed": false,
	"spriteSourceSize": {"x":0,"y":0,"w":89,"h":55},
	"sourceSize": {"w":89,"h":55}
},
"lineaPaytable8.png":
{
	"frame": {"x":505,"y":172,"w":89,"h":55},
	"rotated": false,
	"trimmed": false,
	"spriteSourceSize": {"x":0,"y":0,"w":89,"h":55},
	"sourceSize": {"w":89,"h":55}
},
"lineaPaytable9.png":
{
	"frame": {"x":596,"y":172,"w":89,"h":55},
	"rotated": false,
	"trimmed": false,
	"spriteSourceSize": {"x":0,"y":0,"w":89,"h":55},
	"sourceSize": {"w":89,"h":55}
},
"lineaPaytable10.png":
{
	"frame": {"x":77,"y":115,"w":89,"h":54},
	"rotated": false,
	"trimmed": true,
	"spriteSourceSize": {"x":0,"y":0,"w":89,"h":54},
	"sourceSize": {"w":89,"h":55}
},
"lineaPaytable11.png":
{
	"frame": {"x":77,"y":58,"w":89,"h":55},
	"rotated": false,
	"trimmed": false,
	"spriteSourceSize": {"x":0,"y":0,"w":89,"h":55},
	"sourceSize": {"w":89,"h":55}
},
"lineaPaytable12.png":
{
	"frame": {"x":168,"y":1,"w":89,"h":55},
	"rotated": false,
	"trimmed": false,
	"spriteSourceSize": {"x":0,"y":0,"w":89,"h":55},
	"sourceSize": {"w":89,"h":55}
},
"lineaPaytable13.png":
{
	"frame": {"x":168,"y":58,"w":89,"h":55},
	"rotated": false,
	"trimmed": false,
	"spriteSourceSize": {"x":0,"y":0,"w":89,"h":55},
	"sourceSize": {"w":89,"h":55}
},
"lineaPaytable14.png":
{
	"frame": {"x":259,"y":1,"w":89,"h":55},
	"rotated": false,
	"trimmed": false,
	"spriteSourceSize": {"x":0,"y":0,"w":89,"h":55},
	"sourceSize": {"w":89,"h":55}
},
"lineaPaytable15.png":
{
	"frame": {"x":259,"y":58,"w":89,"h":55},
	"rotated": false,
	"trimmed": false,
	"spriteSourceSize": {"x":0,"y":0,"w":89,"h":55},
	"sourceSize": {"w":89,"h":55}
},
"lineaPaytable16.png":
{
	"frame": {"x":350,"y":1,"w":89,"h":55},
	"rotated": false,
	"trimmed": false,
	"spriteSourceSize": {"x":0,"y":0,"w":89,"h":55},
	"sourceSize": {"w":89,"h":55}
},
"lineaPaytable17.png":
{
	"frame": {"x":350,"y":58,"w":89,"h":55},
	"rotated": false,
	"trimmed": false,
	"spriteSourceSize": {"x":0,"y":0,"w":89,"h":55},
	"sourceSize": {"w":89,"h":55}
},
"lineaPaytable18.png":
{
	"frame": {"x":441,"y":1,"w":89,"h":55},
	"rotated": false,
	"trimmed": false,
	"spriteSourceSize": {"x":0,"y":0,"w":89,"h":55},
	"sourceSize": {"w":89,"h":55}
},
"lineaPaytable19.png":
{
	"frame": {"x":441,"y":58,"w":89,"h":55},
	"rotated": false,
	"trimmed": false,
	"spriteSourceSize": {"x":0,"y":0,"w":89,"h":55},
	"sourceSize": {"w":89,"h":55}
},
"lineaPaytable20.png":
{
	"frame": {"x":532,"y":58,"w":89,"h":55},
	"rotated": false,
	"trimmed": false,
	"spriteSourceSize": {"x":0,"y":0,"w":89,"h":55},
	"sourceSize": {"w":89,"h":55}
},
"lineaPaytable21.png":
{
	"frame": {"x":168,"y":115,"w":89,"h":55},
	"rotated": false,
	"trimmed": false,
	"spriteSourceSize": {"x":0,"y":0,"w":89,"h":55},
	"sourceSize": {"w":89,"h":55}
},
"lineaPaytable22.png":
{
	"frame": {"x":259,"y":115,"w":89,"h":55},
	"rotated": false,
	"trimmed": false,
	"spriteSourceSize": {"x":0,"y":0,"w":89,"h":55},
	"sourceSize": {"w":89,"h":55}
},
"lineaPaytable23.png":
{
	"frame": {"x":350,"y":115,"w":89,"h":55},
	"rotated": false,
	"trimmed": false,
	"spriteSourceSize": {"x":0,"y":0,"w":89,"h":55},
	"sourceSize": {"w":89,"h":55}
},
"lineaPaytable24.png":
{
	"frame": {"x":441,"y":115,"w":89,"h":55},
	"rotated": false,
	"trimmed": false,
	"spriteSourceSize": {"x":0,"y":0,"w":89,"h":55},
	"sourceSize": {"w":89,"h":55}
},
"lineaPaytable25.png":
{
	"frame": {"x":532,"y":115,"w":89,"h":55},
	"rotated": false,
	"trimmed": false,
	"spriteSourceSize": {"x":0,"y":0,"w":89,"h":55},
	"sourceSize": {"w":89,"h":55}
}},
"meta": {
	"app": "http://www.codeandweb.com/texturepacker",
	"version": "1.0",
	"image": "paytableSpritesheet.png",
	"format": "RGBA8888",
	"size": {"w":692,"h":228},
	"scale": "1",
	"smartupdate": "$TexturePacker:SmartUpdate:713ab1a661241a1243aea740e063fdd9:4666139f8c90e50049eb35af4bf13f36:e0198a80c22887e7bc99d773707493ea$"
}
}
