{"frames": {

"arrow_left_paytable_click.png":
{
	"frame": {"x":162,"y":172,"w":47,"h":52},
	"rotated": false,
	"trimmed": false,
	"spriteSourceSize": {"x":0,"y":0,"w":47,"h":52},
	"sourceSize": {"w":47,"h":52}
},
"arrow_left_paytable_normal.png":
{
	"frame": {"x":162,"y":172,"w":47,"h":52},
	"rotated": false,
	"trimmed": false,
	"spriteSourceSize": {"x":0,"y":0,"w":47,"h":52},
	"sourceSize": {"w":47,"h":52}
},
"arrow_left_paytable_over.png":
{
	"frame": {"x":1,"y":1,"w":74,"h":78},
	"rotated": false,
	"trimmed": false,
	"spriteSourceSize": {"x":0,"y":0,"w":74,"h":78},
	"sourceSize": {"w":74,"h":78}
},
"arrow_right_paytable_click.png":
{
	"frame": {"x":211,"y":172,"w":47,"h":52},
	"rotated": false,
	"trimmed": false,
	"spriteSourceSize": {"x":0,"y":0,"w":47,"h":52},
	"sourceSize": {"w":47,"h":52}
},
"arrow_right_paytable_normal.png":
{
	"frame": {"x":211,"y":172,"w":47,"h":52},
	"rotated": false,
	"trimmed": false,
	"spriteSourceSize": {"x":0,"y":0,"w":47,"h":52},
	"sourceSize": {"w":47,"h":52}
},
"arrow_right_paytable_over.png":
{
	"frame": {"x":1,"y":81,"w":74,"h":78},
	"rotated": false,
	"trimmed": false,
	"spriteSourceSize": {"x":0,"y":0,"w":74,"h":78},
	"sourceSize": {"w":74,"h":78}
},
"button_close_paytable_click.png":
{
	"frame": {"x":260,"y":172,"w":40,"h":40},
	"rotated": false,
	"trimmed": false,
	"spriteSourceSize": {"x":0,"y":0,"w":40,"h":40},
	"sourceSize": {"w":40,"h":40}
},
"button_close_paytable_normal.png":
{
	"frame": {"x":260,"y":172,"w":40,"h":40},
	"rotated": false,
	"trimmed": false,
	"spriteSourceSize": {"x":0,"y":0,"w":40,"h":40},
	"sourceSize": {"w":40,"h":40}
},
"button_close_paytable_over.png":
{
	"frame": {"x":1,"y":161,"w":68,"h":68},
	"rotated": false,
	"trimmed": false,
	"spriteSourceSize": {"x":0,"y":0,"w":68,"h":68},
	"sourceSize": {"w":68,"h":68}
},
"lineaPaytable1.png":
{
	"frame": {"x":77,"y":1,"w":89,"h":55},
	"rotated": false,
	"trimmed": false,
	"spriteSourceSize": {"x":0,"y":0,"w":89,"h":55},
	"sourceSize": {"w":89,"h":55}
},
"lineaPaytable2.png":
{
	"frame": {"x":168,"y":1,"w":89,"h":55},
	"rotated": false,
	"trimmed": false,
	"spriteSourceSize": {"x":0,"y":0,"w":89,"h":55},
	"sourceSize": {"w":89,"h":55}
},
"lineaPaytable3.png":
{
	"frame": {"x":259,"y":1,"w":89,"h":55},
	"rotated": false,
	"trimmed": false,
	"spriteSourceSize": {"x":0,"y":0,"w":89,"h":55},
	"sourceSize": {"w":89,"h":55}
},
"lineaPaytable4.png":
{
	"frame": {"x":168,"y":58,"w":89,"h":55},
	"rotated": false,
	"trimmed": false,
	"spriteSourceSize": {"x":0,"y":0,"w":89,"h":55},
	"sourceSize": {"w":89,"h":55}
},
"lineaPaytable5.png":
{
	"frame": {"x":259,"y":58,"w":89,"h":55},
	"rotated": false,
	"trimmed": false,
	"spriteSourceSize": {"x":0,"y":0,"w":89,"h":55},
	"sourceSize": {"w":89,"h":55}
},
"lineaPaytable6.png":
{
	"frame": {"x":77,"y":115,"w":89,"h":55},
	"rotated": false,
	"trimmed": false,
	"spriteSourceSize": {"x":0,"y":0,"w":89,"h":55},
	"sourceSize": {"w":89,"h":55}
},
"lineaPaytable7.png":
{
	"frame": {"x":168,"y":115,"w":89,"h":55},
	"rotated": false,
	"trimmed": false,
	"spriteSourceSize": {"x":0,"y":0,"w":89,"h":55},
	"sourceSize": {"w":89,"h":55}
},
"lineaPaytable8.png":
{
	"frame": {"x":259,"y":115,"w":89,"h":55},
	"rotated": false,
	"trimmed": false,
	"spriteSourceSize": {"x":0,"y":0,"w":89,"h":55},
	"sourceSize": {"w":89,"h":55}
},
"lineaPaytable9.png":
{
	"frame": {"x":71,"y":172,"w":89,"h":54},
	"rotated": false,
	"trimmed": true,
	"spriteSourceSize": {"x":0,"y":0,"w":89,"h":54},
	"sourceSize": {"w":89,"h":55}
},
"lineaPaytable10.png":
{
	"frame": {"x":77,"y":58,"w":89,"h":55},
	"rotated": false,
	"trimmed": false,
	"spriteSourceSize": {"x":0,"y":0,"w":89,"h":55},
	"sourceSize": {"w":89,"h":55}
}},
"meta": {
	"app": "http://www.codeandweb.com/texturepacker",
	"version": "1.0",
	"image": "paytableSpritesheet.png",
	"format": "RGBA8888",
	"size": {"w":349,"h":230},
	"scale": "1",
	"smartupdate": "$TexturePacker:SmartUpdate:1e8d3fa75cc9ce7404664a85ee566d63:9ac58b89f7a7da12fa540b8a84c83829:e0198a80c22887e7bc99d773707493ea$"
}
}
