{"frames": {

"autoplay_bt_click.png":
{
	"frame": {"x":837,"y":1,"w":95,"h":95},
	"rotated": false,
	"trimmed": false,
	"spriteSourceSize": {"x":0,"y":0,"w":95,"h":95},
	"sourceSize": {"w":95,"h":95}
},
"autoplay_bt_normal.png":
{
	"frame": {"x":837,"y":98,"w":95,"h":95},
	"rotated": false,
	"trimmed": false,
	"spriteSourceSize": {"x":0,"y":0,"w":95,"h":95},
	"sourceSize": {"w":95,"h":95}
},
"autoplay_stop_bt_click.png":
{
	"frame": {"x":934,"y":1,"w":95,"h":95},
	"rotated": false,
	"trimmed": false,
	"spriteSourceSize": {"x":0,"y":0,"w":95,"h":95},
	"sourceSize": {"w":95,"h":95}
},
"autoplay_stop_bt_normal.png":
{
	"frame": {"x":934,"y":98,"w":95,"h":95},
	"rotated": false,
	"trimmed": false,
	"spriteSourceSize": {"x":0,"y":0,"w":95,"h":95},
	"sourceSize": {"w":95,"h":95}
},
"closemenu_bt_click.png":
{
	"frame": {"x":1128,"y":1,"w":58,"h":58},
	"rotated": false,
	"trimmed": false,
	"spriteSourceSize": {"x":0,"y":0,"w":58,"h":58},
	"sourceSize": {"w":58,"h":58}
},
"closemenu_bt_normal.png":
{
	"frame": {"x":1128,"y":61,"w":58,"h":58},
	"rotated": false,
	"trimmed": false,
	"spriteSourceSize": {"x":0,"y":0,"w":58,"h":58},
	"sourceSize": {"w":58,"h":58}
},
"pay_bt_click.png":
{
	"frame": {"x":1031,"y":1,"w":95,"h":95},
	"rotated": false,
	"trimmed": false,
	"spriteSourceSize": {"x":0,"y":0,"w":95,"h":95},
	"sourceSize": {"w":95,"h":95}
},
"pay_bt_normal.png":
{
	"frame": {"x":1031,"y":98,"w":95,"h":95},
	"rotated": false,
	"trimmed": false,
	"spriteSourceSize": {"x":0,"y":0,"w":95,"h":95},
	"sourceSize": {"w":95,"h":95}
},
"play_bt_click.png":
{
	"frame": {"x":1,"y":1,"w":207,"h":207},
	"rotated": false,
	"trimmed": false,
	"spriteSourceSize": {"x":0,"y":0,"w":207,"h":207},
	"sourceSize": {"w":207,"h":207}
},
"play_bt_normal.png":
{
	"frame": {"x":210,"y":1,"w":207,"h":207},
	"rotated": false,
	"trimmed": false,
	"spriteSourceSize": {"x":0,"y":0,"w":207,"h":207},
	"sourceSize": {"w":207,"h":207}
},
"stop_bt_click.png":
{
	"frame": {"x":419,"y":1,"w":207,"h":207},
	"rotated": false,
	"trimmed": false,
	"spriteSourceSize": {"x":0,"y":0,"w":207,"h":207},
	"sourceSize": {"w":207,"h":207}
},
"stop_bt_normal.png":
{
	"frame": {"x":628,"y":1,"w":207,"h":207},
	"rotated": false,
	"trimmed": false,
	"spriteSourceSize": {"x":0,"y":0,"w":207,"h":207},
	"sourceSize": {"w":207,"h":207}
}},
"meta": {
	"app": "http://www.codeandweb.com/texturepacker",
	"version": "1.0",
	"image": "gamePanelSpritesheet.png",
	"format": "RGBA8888",
	"size": {"w":1187,"h":209},
	"scale": "1",
	"smartupdate": "$TexturePacker:SmartUpdate:5e42f90c32fe027410ed264d6c423039:79ef5f0aa8b40a32600acfaa24794fe4:f96d2b9c931b409bdaf7c72568fe31df$"
}
}
