{
	"mainMenuItems": [
		{
			"id": "lobby",
			"desktop": {
				"mode": "redirect",
				"hideFromMenu": [
					"always"
				],
				"href": "get-from-url",
				"target": "_self"
			},
			"mobile": {
				"mode": "redirect",
				"href": "get-from-url"
			},
			"native": {
				"mode": "redirect",
				"href": "htcmd://goToHomePage"
			}
		},
		{
			"id": "sound"
		},
		{
			"id": "freespins",
			"desktop": {
				"hideFromMenu": [
					"demoplay"
				]
			},
			"mobile": {
				"hideFromMenu": [
					"demoplay"
				]
			}
		},
		{
			"id": "paytable"
		},
		{
			"id": "rules"
		},
		{
			"id": "balanceDecorations",
			"icons":{
				"real" : "realbalance.svg",
				"fun" : "funbalance.svg"
			}
		},
		{
			"id": "history",
			"download": {
				"mode": "open-popup",
				"href": "get-from-ims",
				"hideFromMenu": [
					"demoplay"
				]
			},
			"desktop": {
				"mode": "open-popup",
				"href": "get-from-url",
				"hideFromMenu": [
					"demoplay"
				]
			},
			"mobile": {
				"mode": "open-popup",
				"href": "get-from-url",
				"hideFromMenu": [
					"always"
				]
			},
			"native": {
				"mode": "redirect",
				"href": "htcmd://gameHistory",
				"hideFromMenu": [
					"demoplay"
				]
			}
		},
		{
			"id": "playForReal",
			"native": {
				"mode": "redirect",
				"href": "htcmd://playForReal",
				"hideFromMenu": [
					"realplay"
				]
			},
			"download": {
				"hideFromMenu": [
					"always"
				]
			},
			"desktop": {
				"hideFromMenu": [
					"always"
				]
			},
			"mobile": {
				"hideFromMenu": [
					"always"
				]
			}
		},
		{
			"id": "cashier",
			"download": {
				"hideFromMenu": [
					"always"
				]
			},
			"desktop": {
				"mode": "open-popup",
				"href": "get-from-url",
				"hideFromMenu": [
					"demoplay"
				]
			},
			"native": {
				"mode": "redirect",
				"href": "htcmd://deposit",
				"hideFromMenu": [
					"demoplay"
				]
			},
			"mobile": {
				"mode": "open-popup",
				"href": "get-from-url",
				"hideFromMenu": [
					"demoplay"
				]
			}
		}
	],
	"regulationLinks": [
		{
			"id": "reg_se_spelpaus",
			"desktop":{
				"mode": "open-popup",
				"href": "https://google.com"
			},
			"mobile": {
				"mode": "open-popup",
				"href": "https://google.com"
			}
		},
		{
			"id": "reg_se_spelgranser",
			"desktop":{
				"mode": "open-popup",
				"href": "https://www.wikipedia.org"
			},
			"mobile": {
				"mode": "open-popup",
				"href": "https://www.wikipedia.org"
			}
		},
		{
			"id": "reg_se_sjalvtest",
			"desktop":{
				"mode": "open-popup",
				"href": "https://www.playtech.com"
			},
			"mobile": {
				"mode": "open-popup",
				"href": "https://www.playtech.com"
			}
		},
	  	{
			"id": "denmark_regulation_link",
			"desktop":{
				"mode": "open-popup",
				"href": "https://www.google.com"
			},
			"mobile": {
				"mode": "open-popup",
				"href": "https://www.google.com"
			}
		}
	],
	"swipeUpOff": false
}