{"frames": {

"arrow_left_click.png":
{
	"frame": {"x":441,"y":87,"w":27,"h":27},
	"rotated": false,
	"trimmed": false,
	"spriteSourceSize": {"x":0,"y":0,"w":27,"h":27},
	"sourceSize": {"w":27,"h":27}
},
"arrow_left_normal.png":
{
	"frame": {"x":441,"y":87,"w":27,"h":27},
	"rotated": false,
	"trimmed": false,
	"spriteSourceSize": {"x":0,"y":0,"w":27,"h":27},
	"sourceSize": {"w":27,"h":27}
},
"arrow_left_over.png":
{
	"frame": {"x":470,"y":87,"w":27,"h":27},
	"rotated": false,
	"trimmed": false,
	"spriteSourceSize": {"x":0,"y":0,"w":27,"h":27},
	"sourceSize": {"w":27,"h":27}
},
"arrow_right_click.png":
{
	"frame": {"x":516,"y":59,"w":27,"h":27},
	"rotated": false,
	"trimmed": false,
	"spriteSourceSize": {"x":0,"y":0,"w":27,"h":27},
	"sourceSize": {"w":27,"h":27}
},
"arrow_right_normal.png":
{
	"frame": {"x":516,"y":59,"w":27,"h":27},
	"rotated": false,
	"trimmed": false,
	"spriteSourceSize": {"x":0,"y":0,"w":27,"h":27},
	"sourceSize": {"w":27,"h":27}
},
"arrow_right_over.png":
{
	"frame": {"x":545,"y":59,"w":27,"h":27},
	"rotated": false,
	"trimmed": false,
	"spriteSourceSize": {"x":0,"y":0,"w":27,"h":27},
	"sourceSize": {"w":27,"h":27}
},
"autoplay_click.png":
{
	"frame": {"x":1,"y":1,"w":173,"h":41},
	"rotated": false,
	"trimmed": false,
	"spriteSourceSize": {"x":0,"y":0,"w":173,"h":41},
	"sourceSize": {"w":173,"h":41}
},
"autoplay_normal.png":
{
	"frame": {"x":1,"y":1,"w":173,"h":41},
	"rotated": false,
	"trimmed": false,
	"spriteSourceSize": {"x":0,"y":0,"w":173,"h":41},
	"sourceSize": {"w":173,"h":41}
},
"autoplay_over.png":
{
	"frame": {"x":176,"y":1,"w":173,"h":41},
	"rotated": false,
	"trimmed": false,
	"spriteSourceSize": {"x":0,"y":0,"w":173,"h":41},
	"sourceSize": {"w":173,"h":41}
},
"button_close_autoplay_click.png":
{
	"frame": {"x":557,"y":88,"w":16,"h":17},
	"rotated": false,
	"trimmed": false,
	"spriteSourceSize": {"x":0,"y":0,"w":16,"h":17},
	"sourceSize": {"w":16,"h":17}
},
"button_close_autoplay_normal.png":
{
	"frame": {"x":557,"y":88,"w":16,"h":17},
	"rotated": false,
	"trimmed": false,
	"spriteSourceSize": {"x":0,"y":0,"w":16,"h":17},
	"sourceSize": {"w":16,"h":17}
},
"button_close_autoplay_over.png":
{
	"frame": {"x":557,"y":107,"w":16,"h":17},
	"rotated": false,
	"trimmed": false,
	"spriteSourceSize": {"x":0,"y":0,"w":16,"h":17},
	"sourceSize": {"w":16,"h":17}
},
"button_n_autoplay_click.png":
{
	"frame": {"x":526,"y":1,"w":48,"h":27},
	"rotated": false,
	"trimmed": false,
	"spriteSourceSize": {"x":0,"y":0,"w":48,"h":27},
	"sourceSize": {"w":48,"h":27}
},
"button_n_autoplay_normal.png":
{
	"frame": {"x":526,"y":1,"w":48,"h":27},
	"rotated": false,
	"trimmed": false,
	"spriteSourceSize": {"x":0,"y":0,"w":48,"h":27},
	"sourceSize": {"w":48,"h":27}
},
"button_n_autoplay_over.png":
{
	"frame": {"x":526,"y":30,"w":48,"h":27},
	"rotated": false,
	"trimmed": false,
	"spriteSourceSize": {"x":0,"y":0,"w":48,"h":27},
	"sourceSize": {"w":48,"h":27}
},
"button_stop_autoplay_click.png":
{
	"frame": {"x":341,"y":87,"w":48,"h":27},
	"rotated": false,
	"trimmed": false,
	"spriteSourceSize": {"x":0,"y":0,"w":48,"h":27},
	"sourceSize": {"w":48,"h":27}
},
"button_stop_autoplay_normal.png":
{
	"frame": {"x":341,"y":87,"w":48,"h":27},
	"rotated": false,
	"trimmed": false,
	"spriteSourceSize": {"x":0,"y":0,"w":48,"h":27},
	"sourceSize": {"w":48,"h":27}
},
"button_stop_autoplay_over.png":
{
	"frame": {"x":391,"y":87,"w":48,"h":27},
	"rotated": false,
	"trimmed": false,
	"spriteSourceSize": {"x":0,"y":0,"w":48,"h":27},
	"sourceSize": {"w":48,"h":27}
},
"maxBet_click.png":
{
	"frame": {"x":351,"y":1,"w":173,"h":41},
	"rotated": false,
	"trimmed": false,
	"spriteSourceSize": {"x":0,"y":0,"w":173,"h":41},
	"sourceSize": {"w":173,"h":41}
},
"maxBet_normal.png":
{
	"frame": {"x":351,"y":1,"w":173,"h":41},
	"rotated": false,
	"trimmed": false,
	"spriteSourceSize": {"x":0,"y":0,"w":173,"h":41},
	"sourceSize": {"w":173,"h":41}
},
"maxBet_over.png":
{
	"frame": {"x":341,"y":44,"w":173,"h":41},
	"rotated": false,
	"trimmed": false,
	"spriteSourceSize": {"x":0,"y":0,"w":173,"h":41},
	"sourceSize": {"w":173,"h":41}
},
"paytable_click.png":
{
	"frame": {"x":499,"y":88,"w":27,"h":27},
	"rotated": false,
	"trimmed": false,
	"spriteSourceSize": {"x":0,"y":0,"w":27,"h":27},
	"sourceSize": {"w":27,"h":27}
},
"paytable_normal.png":
{
	"frame": {"x":499,"y":88,"w":27,"h":27},
	"rotated": false,
	"trimmed": false,
	"spriteSourceSize": {"x":0,"y":0,"w":27,"h":27},
	"sourceSize": {"w":27,"h":27}
},
"paytable_over.png":
{
	"frame": {"x":528,"y":88,"w":27,"h":27},
	"rotated": false,
	"trimmed": false,
	"spriteSourceSize": {"x":0,"y":0,"w":27,"h":27},
	"sourceSize": {"w":27,"h":27}
},
"play_click.png":
{
	"frame": {"x":1,"y":44,"w":83,"h":82},
	"rotated": false,
	"trimmed": false,
	"spriteSourceSize": {"x":0,"y":0,"w":83,"h":82},
	"sourceSize": {"w":83,"h":82}
},
"play_normal.png":
{
	"frame": {"x":1,"y":44,"w":83,"h":82},
	"rotated": false,
	"trimmed": false,
	"spriteSourceSize": {"x":0,"y":0,"w":83,"h":82},
	"sourceSize": {"w":83,"h":82}
},
"play_over.png":
{
	"frame": {"x":86,"y":44,"w":83,"h":82},
	"rotated": false,
	"trimmed": false,
	"spriteSourceSize": {"x":0,"y":0,"w":83,"h":82},
	"sourceSize": {"w":83,"h":82}
},
"play_stop_click.png":
{
	"frame": {"x":171,"y":44,"w":83,"h":82},
	"rotated": false,
	"trimmed": false,
	"spriteSourceSize": {"x":0,"y":0,"w":83,"h":82},
	"sourceSize": {"w":83,"h":82}
},
"play_stop_normal.png":
{
	"frame": {"x":171,"y":44,"w":83,"h":82},
	"rotated": false,
	"trimmed": false,
	"spriteSourceSize": {"x":0,"y":0,"w":83,"h":82},
	"sourceSize": {"w":83,"h":82}
},
"play_stop_over.png":
{
	"frame": {"x":256,"y":44,"w":83,"h":82},
	"rotated": false,
	"trimmed": false,
	"spriteSourceSize": {"x":0,"y":0,"w":83,"h":82},
	"sourceSize": {"w":83,"h":82}
}},
"meta": {
	"app": "http://www.codeandweb.com/texturepacker",
	"version": "1.0",
	"image": "gamePanelSpritesheet.png",
	"format": "RGBA8888",
	"size": {"w":575,"h":127},
	"scale": "1",
	"smartupdate": "$TexturePacker:SmartUpdate:3c4f531d922e486307028524b8542806:f14b7943ee065df783c8197ac20363a9:f96d2b9c931b409bdaf7c72568fe31df$"
}
}
