{
	"$schema": "http://json-schema.org/draft-06/schema#",
	"additionalProperties": false,
	"definitions": {
		"genericItem": {
			"type": "object",
			"additionalProperties": true,
			"required": ["id"]
		},
		"gluItem": {
			"allOf": [{
					"ref": "#/definitions/genericItem"
				},
				{
					"additionalProperties": true,
					"properties": {
						"id": {
							"enum": ["sound", "paytable", "rules"]
						}
					}
				}
			]
		},
		"linkItem": {
			"allOf": [{
					"ref": "#/definitions/genericItem"
				},
				{
					"type": "object",
					"properties": {
						"id": {
							"enum": ["lobby", "history", "cashier"]
						},
						"desktop": {
							"$ref": "#/definitions/linkBehaviour"
						},
						"tablet": {
							"$ref": "#/definitions/linkBehaviour",
							"description": "optional - defaults to mobile behaviour if it doesn't exist"
						},
						"mobile": {
							"$ref": "#/definitions/linkBehaviour"
						}
					},
					"required": ["id", "desktop", "mobile"],
					"additionalProperties": false
				}
			]
		},
		"linkBehaviour": {
			"properties": {
				"mode": {
					"enum": ["open-popup", "close-window", "redirect", "gambling-commission", "responsible-gambling"]
				},
				"href": {
					"enum": ["get-from-url", "get-from-url-with-validation", "get-from-ims", "use-from-url"]
				},
				"hrefFallback": {
					"type": "string"
				},
				"hideFromMenu": {
					"type": "array",
					"items": {
						"enum": ["always", "demoplay"]
					}
				},
				"hideFromFeature": {
					"type": "array",
					"items": {
						"enum": ["reality-check"]
					}
				}
			},
			"required": ["mode"],
			"additionalProperties": false
		}
	},
	"properties": {
		"mainMenuItems": {
			"items": {
				"oneOf": [{
						"$ref": "#/definitions/gluItem"
					},
					{
						"$ref": "#/definitions/linkItem"
					}
				]
			},
			"type": "array",
			"uniqueItems": true,
			"additionalItems": false
		}
	},
	"required": [
		"mainMenuItems"
	],
	"type": "object"
}
