{"frames": {

"arrow_left_paytable_click.png":
{
	"frame": {"x":547,"y":71,"w":47,"h":52},
	"rotated": false,
	"trimmed": false,
	"spriteSourceSize": {"x":0,"y":0,"w":47,"h":52},
	"sourceSize": {"w":47,"h":52}
},
"arrow_left_paytable_normal.png":
{
	"frame": {"x":547,"y":71,"w":47,"h":52},
	"rotated": false,
	"trimmed": false,
	"spriteSourceSize": {"x":0,"y":0,"w":47,"h":52},
	"sourceSize": {"w":47,"h":52}
},
"arrow_left_paytable_over.png":
{
	"frame": {"x":1,"y":1,"w":74,"h":78},
	"rotated": false,
	"trimmed": false,
	"spriteSourceSize": {"x":0,"y":0,"w":74,"h":78},
	"sourceSize": {"w":74,"h":78}
},
"arrow_right_paytable_click.png":
{
	"frame": {"x":547,"y":125,"w":47,"h":52},
	"rotated": false,
	"trimmed": false,
	"spriteSourceSize": {"x":0,"y":0,"w":47,"h":52},
	"sourceSize": {"w":47,"h":52}
},
"arrow_right_paytable_normal.png":
{
	"frame": {"x":547,"y":125,"w":47,"h":52},
	"rotated": false,
	"trimmed": false,
	"spriteSourceSize": {"x":0,"y":0,"w":47,"h":52},
	"sourceSize": {"w":47,"h":52}
},
"arrow_right_paytable_over.png":
{
	"frame": {"x":1,"y":81,"w":74,"h":78},
	"rotated": false,
	"trimmed": false,
	"spriteSourceSize": {"x":0,"y":0,"w":74,"h":78},
	"sourceSize": {"w":74,"h":78}
},
"button_close_paytable_click.png":
{
	"frame": {"x":77,"y":115,"w":40,"h":40},
	"rotated": false,
	"trimmed": false,
	"spriteSourceSize": {"x":0,"y":0,"w":40,"h":40},
	"sourceSize": {"w":40,"h":40}
},
"button_close_paytable_normal.png":
{
	"frame": {"x":77,"y":115,"w":40,"h":40},
	"rotated": false,
	"trimmed": false,
	"spriteSourceSize": {"x":0,"y":0,"w":40,"h":40},
	"sourceSize": {"w":40,"h":40}
},
"button_close_paytable_over.png":
{
	"frame": {"x":532,"y":1,"w":68,"h":68},
	"rotated": false,
	"trimmed": false,
	"spriteSourceSize": {"x":0,"y":0,"w":68,"h":68},
	"sourceSize": {"w":68,"h":68}
},
"lineaPaytable1.png":
{
	"frame": {"x":1,"y":161,"w":89,"h":55},
	"rotated": false,
	"trimmed": false,
	"spriteSourceSize": {"x":0,"y":0,"w":89,"h":55},
	"sourceSize": {"w":89,"h":55}
},
"lineaPaytable2.png":
{
	"frame": {"x":274,"y":172,"w":89,"h":55},
	"rotated": false,
	"trimmed": false,
	"spriteSourceSize": {"x":0,"y":0,"w":89,"h":55},
	"sourceSize": {"w":89,"h":55}
},
"lineaPaytable3.png":
{
	"frame": {"x":350,"y":58,"w":89,"h":55},
	"rotated": false,
	"trimmed": false,
	"spriteSourceSize": {"x":0,"y":0,"w":89,"h":55},
	"sourceSize": {"w":89,"h":55}
},
"lineaPaytable4.png":
{
	"frame": {"x":365,"y":115,"w":89,"h":55},
	"rotated": false,
	"trimmed": false,
	"spriteSourceSize": {"x":0,"y":0,"w":89,"h":55},
	"sourceSize": {"w":89,"h":55}
},
"lineaPaytable5.png":
{
	"frame": {"x":365,"y":172,"w":89,"h":55},
	"rotated": false,
	"trimmed": false,
	"spriteSourceSize": {"x":0,"y":0,"w":89,"h":55},
	"sourceSize": {"w":89,"h":55}
},
"lineaPaytable6.png":
{
	"frame": {"x":441,"y":1,"w":89,"h":55},
	"rotated": false,
	"trimmed": false,
	"spriteSourceSize": {"x":0,"y":0,"w":89,"h":55},
	"sourceSize": {"w":89,"h":55}
},
"lineaPaytable7.png":
{
	"frame": {"x":441,"y":58,"w":89,"h":55},
	"rotated": false,
	"trimmed": false,
	"spriteSourceSize": {"x":0,"y":0,"w":89,"h":55},
	"sourceSize": {"w":89,"h":55}
},
"lineaPaytable8.png":
{
	"frame": {"x":456,"y":115,"w":89,"h":55},
	"rotated": false,
	"trimmed": false,
	"spriteSourceSize": {"x":0,"y":0,"w":89,"h":55},
	"sourceSize": {"w":89,"h":55}
},
"lineaPaytable9.png":
{
	"frame": {"x":456,"y":172,"w":89,"h":55},
	"rotated": false,
	"trimmed": false,
	"spriteSourceSize": {"x":0,"y":0,"w":89,"h":55},
	"sourceSize": {"w":89,"h":55}
},
"lineaPaytable10.png":
{
	"frame": {"x":77,"y":1,"w":89,"h":55},
	"rotated": false,
	"trimmed": false,
	"spriteSourceSize": {"x":0,"y":0,"w":89,"h":55},
	"sourceSize": {"w":89,"h":55}
},
"lineaPaytable11.png":
{
	"frame": {"x":77,"y":58,"w":89,"h":55},
	"rotated": false,
	"trimmed": false,
	"spriteSourceSize": {"x":0,"y":0,"w":89,"h":55},
	"sourceSize": {"w":89,"h":55}
},
"lineaPaytable12.png":
{
	"frame": {"x":92,"y":157,"w":89,"h":55},
	"rotated": false,
	"trimmed": false,
	"spriteSourceSize": {"x":0,"y":0,"w":89,"h":55},
	"sourceSize": {"w":89,"h":55}
},
"lineaPaytable13.png":
{
	"frame": {"x":168,"y":1,"w":89,"h":55},
	"rotated": false,
	"trimmed": false,
	"spriteSourceSize": {"x":0,"y":0,"w":89,"h":55},
	"sourceSize": {"w":89,"h":55}
},
"lineaPaytable14.png":
{
	"frame": {"x":168,"y":58,"w":89,"h":55},
	"rotated": false,
	"trimmed": false,
	"spriteSourceSize": {"x":0,"y":0,"w":89,"h":55},
	"sourceSize": {"w":89,"h":55}
},
"lineaPaytable15.png":
{
	"frame": {"x":183,"y":115,"w":89,"h":55},
	"rotated": false,
	"trimmed": false,
	"spriteSourceSize": {"x":0,"y":0,"w":89,"h":55},
	"sourceSize": {"w":89,"h":55}
},
"lineaPaytable16.png":
{
	"frame": {"x":183,"y":172,"w":89,"h":55},
	"rotated": false,
	"trimmed": false,
	"spriteSourceSize": {"x":0,"y":0,"w":89,"h":55},
	"sourceSize": {"w":89,"h":55}
},
"lineaPaytable17.png":
{
	"frame": {"x":259,"y":1,"w":89,"h":55},
	"rotated": false,
	"trimmed": false,
	"spriteSourceSize": {"x":0,"y":0,"w":89,"h":55},
	"sourceSize": {"w":89,"h":55}
},
"lineaPaytable18.png":
{
	"frame": {"x":259,"y":58,"w":89,"h":55},
	"rotated": false,
	"trimmed": false,
	"spriteSourceSize": {"x":0,"y":0,"w":89,"h":55},
	"sourceSize": {"w":89,"h":55}
},
"lineaPaytable19.png":
{
	"frame": {"x":274,"y":115,"w":89,"h":55},
	"rotated": false,
	"trimmed": false,
	"spriteSourceSize": {"x":0,"y":0,"w":89,"h":55},
	"sourceSize": {"w":89,"h":55}
},
"lineaPaytable20.png":
{
	"frame": {"x":350,"y":1,"w":89,"h":55},
	"rotated": false,
	"trimmed": false,
	"spriteSourceSize": {"x":0,"y":0,"w":89,"h":55},
	"sourceSize": {"w":89,"h":55}
}},
"meta": {
	"app": "http://www.codeandweb.com/texturepacker",
	"version": "1.0",
	"image": "paytableSpritesheet.png",
	"format": "RGBA8888",
	"size": {"w":601,"h":228},
	"scale": "1",
	"smartupdate": "$TexturePacker:SmartUpdate:3b748ff9df1b5c6924175dec24826be3:dea5917f2adb1a291eeea4fe4bf43edb:e0198a80c22887e7bc99d773707493ea$"
}
}
