{
	"enableIframeIntegration":"always",
	"switchGameMode": "disabled", 
	"operationMode": "iosLocal",
    "mainMenuItems": [
        {
            "id": "lobby",
            "desktop": {
                "mode": "close-window",
                "hideFromMenu": [
                    "always"
                ]
            },
            "mobile": {
                "mode": "redirect",
                "href": "get-from-ims",
                "hrefFallback": "https://www.eurobet.it/it/casino/#!"
            },
            "native":{
               "mode":"redirect",
               "href":"htcmd://goToHomePage"
            }
        },
        {
            "id": "sound"
        },
        {
            "id": "freespins",
            "desktop": {
                "hideFromMenu": [
                    "demoplay"
                ]
            },
            "mobile": {
                "hideFromMenu": [
                    "demoplay"
                ]
            },
            "native":{
               "hideFromMenu":[
                  "demoplay"
               ]
            }
        },
        {
            "id": "paytable"
        },
        {
            "id": "rules"
        },
        {
            "id": "history",
            "desktop": {
                "mode": "open-popup",
                "href": "get-from-ims",
                "hideFromMenu": [
                    "demoplay"
                ],
                "hideFromFeature": [
                    "reality-check"
                ]
            },
            "mobile": {
                "mode": "open-popup",
                "href": "get-from-ims",
                "hideFromMenu": [
                    "always"
                ],
                "hideFromFeature": [
                    "reality-check"
                ]
            },
            "native":{
               "mode":"open-popup",
               "href":"get-from-ims",
               "hideFromMenu":[
                  "demoplay"
               ]
            }
        },
        {
            "id": "cashier",
            "desktop": {
                "mode": "open-popup",
                "href": "get-from-ims",
                "hideFromMenu": [
                    "demoplay"
                ]
            },
            "mobile": {
                "mode": "open-popup",
                "href": "get-from-ims",
                "hideFromMenu": [
                    "demoplay"
                ]
            },
            "native":{
               "mode":"redirect",
               "href":"htcmd://deposit",
               "hideFromMenu":[
                  "demoplay"
               ]
            }
        },
        {
            "id": "aams",
            "desktop": {
                "mode": "open-popup",
                "href": "get-from-popItaly",
                "iconSrc": "aams.svg"
            },
            "mobile": {
                "mode": "open-popup",
                "href": "get-from-popItaly",
                "iconSrc": "aams.svg"
            },
            "native": {
                "mode": "open-popup",
                "href": "get-from-popItaly",
                "iconSrc": "aams.svg"
            }
        },
        {
            "id": "adm",
            "desktop": {
                "mode": "open-popup",
                "href": "get-from-popItaly",
                "iconSrc": "adm.svg"
            },
            "mobile": {
                "mode": "open-popup",
                "href": "get-from-popItaly",
                "iconSrc": "adm.svg"
            },
            "native": {
                "mode": "open-popup",
                "href": "get-from-popItaly",
                "iconSrc": "adm.svg"
            }
        },
        {
            "id": "gioco",
            "desktop": {
                "mode": "open-popup",
                "href": "get-from-popItaly",
                "iconSrc": "gioca.svg"
            },
            "mobile": {
                "mode": "open-popup",
                "href": "get-from-popItaly",
                "iconSrc": "gioca.svg"
            },
            "native": {
                "mode": "open-popup",
                "href": "get-from-popItaly",
                "iconSrc": "gioca.svg"
            }
        },
        {
            "id": "plus18",
            "desktop": {
                "mode": "open-popup",
                "href": "get-from-popItaly",
                "iconSrc": "plus18.svg"
            },
            "mobile": {
                "mode": "open-popup",
                "href": "get-from-popItaly",
                "iconSrc": "plus18.svg"
            },
            "native": {
                "mode": "open-popup",
                "href": "get-from-popItaly",
                "iconSrc": "plus18.svg"
            }
        }
    ],
	"sendStats":"sendStats",
	"analyticsEndpoint":"tgw.staging.bit.sysa.io/analytics/pixel",
    "relaunchUrl": "",
    "insight": {
        "wrapper":{
           "adapter":"ngmFeature"
        },
        "pushnotifications":{
        	"subscriptions": ["alert", "advanced-dialog"]
        }
    }
}