{
  "brandShortName": "eurobetcasino",
  "clientCloseURL": "https://web.eurobet.it/webeb/games/closegames.jsp",
  "features": {
    "inGameLobby": {
      "enabled": false
    },
    "nicknameUpdate": {
      "enabled": true
    }
  },
  "enabledRegulation": "IT",
  "regulations": {
    "autoplay": [
      50,
      40,
      30,
      20,
      10
    ]
  },
  "listenBalanceUpdates": [
    "userBalanceNotification"
  ],
  "externalLinksConfig": {
    "mobile_lobby": {
      "urlAlias": "lobbyPage"
    }
  },
  "mainMenuItems": [
    {
      "id": "responsibleGaming",
      "enabledInMode": {
        "offline": true,
        "online_Real": true,
        "online_Demo": true
      }
    },
    {
      "id": "help",
      "enabledInMode": {
        "offline": false,
        "online_Real": false,
        "online_Demo": false
      }
    },
    {
      "id": "settings",
      "enabledInMode": {
        "offline": false,
        "online_Real": false,
        "online_Demo": false
      }
    },
    {
      "id": "support",
      "enabledInMode": {
        "online_Real": true
      }
    },
    {
      "id": "sound",
      "enabledInMode": {
        "offline": false,
        "online_Real": false,
        "online_Demo": false
      }
    },
    {
      "id": "playForReal",
      "enabledInMode": {
        "offline": false
      }
    },
    {
      "id": "changeToReal",
      "enabledInMode": {
        "online_Demo": false
      }
    },
    {
      "id": "logout",
      "enabledInMode": {
        "online_Real": false,
        "online_Demo": false
      }
    },
    {
      "id": "transactions",
      "orderIndex": 120,
      "enabledInMode": {
        "online_Real": false
      }
    },
    {
      "id": "compPoints",
      "enabledInMode": {
        "online_Real": false
      }
    },
    {
      "id": "chat",
      "enabledInMode": {
        "offline": false,
        "online_Real": false,
        "online_Demo": false
      }
    },
    {
      "id": "depositLimit",
      "enabledInMode": {
        "online_Real": false
      }
    },
    {
      "id": "share",
      "enabledInMode": {
        "online_Real": false
      }
    }
  ]
}