{"games": {"bvs": {"title": "Batman vs Superman: Dawn of Justice\u2122"}, "mfrt": {"title": "Miss Fortune"}, "tmqd": {"title": "The Three Musketeers and the Queen's Diamond"}, "wotp": {"title": "Ways of the Phoenix"}, "batcat": {"title": "Batman & Catwoman Cash"}, "gtswg": {"title": "Wild Gambler"}, "aeolus": {"title": "Age of the Gods: God of Storms"}, "cheaa": {"title": "Casino Hold'Em"}, "bfb": {"title": "Buffalo Blitz"}, "dbro": {"title": "Diamond Bet Roulette"}, "ashsbd": {"title": "Sinbad's Golden Voyage"}, "lm": {"title": "Lotto Madness"}, "aogmt": {"title": "Age Of The Gods: Mighty Midas\u2122"}, "ashtkp2": {"title": "Tiki Paradise - not branded"}, "pfbj_mh5": {"title": "Perfect Blackjack"}, "aogrots": {"title": "Age of the Gods\u2122: Ruler of the Sky"}, "aogmm": {"title": "Age of the Gods Medusa & Monsters"}, "jbells": {"title": "Jackpot Bells"}, "rbcp": {"title": "Robocop"}, "bib": {"title": "Great Blue"}, "abbj": {"title": "All Bets Blackjack"}, "mobdt": {"title": "Desert Treasure"}, "scrdstns": {"title": "Sacred Stones"}, "whk2": {"title": "White King II"}, "bjsd2": {"title": "Blackjack Surrender"}, "ashbob": {"title": "Bounty of the Beanstalk"}, "gtspor": {"title": "Plenty O`Fortune"}, "kkg": {"title": "King Kong"}, "aogro": {"title": "Age of the Gods\u2122 Roulette"}, "ashfta": {"title": "Fairest Of Them All"}, "fxf": {"title": "Fortunes of the Fox (Foxy Fortune)"}, "strsawk": {"title": "Stars Awakening"}, "drgro": {"title": "Dragon Jackpot Roulette"}, "grnlt": {"title": "Green Lantern"}, "cbells": {"title": "Christmas Jackpot Bells"}, "athn": {"title": "Age of the Gods\u2122 Goddess of Wisdom"}, "hlf2": {"title": "Halloween Fortune II"}, "dvncv": {"title": "Da Vinci's Vault"}, "aogs": {"title": "Age of the Gods\u2122"}, "amdad": {"title": "American Dad"}, "zcjb": {"title": "Zhao Cai Jin Bao"}, "www": {"title": "WOLVES WOLVES WOLVES"}, "rrd": {"title": "Royal Respin Deluxe"}, "tonymc": {"title": "AP McCoy: Sporting Legends\u2122"}, "mrcb": {"title": "Mr.Cashback"}, "batbeg": {"title": "Batman Begins\u2122"}, "jla": {"title": "Justice League"}, "hlf": {"title": "Halloween Fortune"}, "sem": {"title": "7 e mezzo"}, "mobro": {"title": "Mobile Roulette"}, "tege": {"title": "Terminator Genisys"}, "bigsh": {"title": "Big Shots"}, "mobbj": {"title": "Mobile Blackjack"}, "ashneo": {"title": "Neon Life"}, "pisa": {"title": "Pixel Samurai\u2122"}, "totl": {"title": "Treasures of the Lamps"}, "gemheat": {"title": "New Gem Heat"}, "bjcb": {"title": "Cashback Blackjack"}, "fdtsl": {"title": "Frankie Dettori: Sporting Legends\u2122"}, "catqc": {"title": "Cat Queen"}, "ashwdw": {"title": "Wild Wishes"}, "ro": {"title": "Classic Roulette"}, "gos": {"title": "Golden Tour"}, "thedk": {"title": "The Dark Knight\u2122"}, "ba": {"title": "Baccarat"}, "bl": {"title": "Beach Life"}, "mgstk": {"title": "Magical Stacks"}, "ashjut": {"title": "Jungle Trouble"}, "3cb": {"title": "3 Card Brag"}, "hwilds": {"title": "Hologram Wilds"}, "fdtro": {"title": "Frankie Dettori Roulette"}, "whk": {"title": "White King"}, "ashndm": {"title": "Nostradamus"}, "fdtbj": {"title": "Frankie Dettori's Magic Seven Blackjack"}, "batjok": {"title": "Batman & The Joker Jewels"}, "aogroo": {"title": "Age of the Gods - Rulers of Olympus"}, "phtd": {"title": "Pharaoh's Treasure Deluxe"}, "dw_mh": {"title": "Deuces Wild Multi-Hand"}, "fdtjg": {"title": "Frankie Dettori's\u2122 Magic Seven Jackpot"}, "frtf": {"title": "Fortunate Five"}, "op": {"title": "Ocean Princess"}, "donq": {"title": "The Riches of Don Quixote"}, "cm": {"title": "Chinese Kitchen"}, "wildb": {"title": "Wild Beats"}, "bjp": {"title": "Perfect Blackjack"}, "grbjp": {"title": "Great Blue Jackpot\u2122"}, "jnglg": {"title": "Jungle Giants"}, "gts50": {"title": "Hot Gems"}, "glr2": {"title": "Gladiator Road to Rome\u2122"}, "ct": {"title": "Captain Treasure"}, "ashhotj": {"title": "Heart of the Jungle"}, "ftsis": {"title": "Age of the Gods\u2122 Fate sisters"}, "ashbmbg": {"title": "Batman & The Batgirl Bonanza"}, "ashjid": {"title": "Jurassic Island"}, "galst": {"title": "Galactic Streak"}, "bjto": {"title": "Premium European Blackjack"}, "po": {"title": "Jacks or Better"}, "supman": {"title": "Superman The Movie"}, "murder": {"title": "Murder Mystery"}, "glrj": {"title": "Gladiator Jackpot"}, "agoeg": {"title": "Age of Egypt"}, "pnp": {"title": "Pink Panther"}, "bup": {"title": "Buckle Up"}, "zeus": {"title": "Age of the Gods\u2122 King of Olympus"}, "huh": {"title": "Heads Up Hold'em"}, "toptf": {"title": "Top Trumps Football Stars:Sporting Legends"}, "tigc": {"title": "Tiger Claw"}, "kolymp": {"title": "Age of the Gods\u2122 King of Olympus"}, "batfree": {"title": "Batman& Mr. Freeze Fortune"}, "ro101": {"title": "101 Roulette"}, "ro_g": {"title": "Premium European Roulette"}, "hb": {"title": "A Night Out"}, "cnpr": {"title": "Sweet Party"}, "astrob": {"title": "Astro Babes"}, "bbbo": {"title": "Berry Berry Bonanza\u2122"}, "lumli": {"title": "Luminous Life"}, "rodz_g": {"title": "Premium American Roulette"}, "bjll": {"title": "Lucky Lucky Blackjack"}, "fdt": {"title": "Frankie Dettorie's Magic 7"}, "frr_g": {"title": "Premium French Roulette"}, "roos": {"title": "Ronnie O'Sullivan: Sporting Legends\u2122"}, "mtrx": {"title": "The Matrix"}, "gtsmrln": {"title": "Marilyn Monroe"}, "rosup": {"title": "Superman Roulette"}, "jb_mh": {"title": "Jacks or Better"}, "furf": {"title": "Age of the Gods\u2122 Furious Four"}, "drgch": {"title": "Dragon Champions"}, "jpgt": {"title": "Jackpot Giant"}, "supman2": {"title": "Superman II"}, "wkw": {"title": "Wacky Waters"}, "grs": {"title": "Grease"}, "mwilds": {"title": "Maji Wilds"}, "ashace": {"title": "Ace Ventura"}, "batrid": {"title": "Batman & The Riddler Riches"}, "samz": {"title": "Secrets of the Amazon"}, "af_mh": {"title": "Aces and Faces\u2122 Multi-Hand"}, "er": {"title": "Vacation Station"}, "batpen": {"title": "Batman & The Penguin Prize"}, "tmoz": {"title": "The Mask of Zorro"}, "vcstd": {"title": "Vacation Station Deluxe"}, "manos": {"title": "Man Of Steel"}, "upgdm": {"title": "Upgradium"}, "ssp": {"title": "Santa Surprise"}, "anwild": {"title": "Anaconda Wild"}, "topg": {"title": "Top Gun"}, "fcbj": {"title": "Free Chip Blackjack"}, "ashjah": {"title": "Jekyll and Hyde"}, "thedkr": {"title": "The Dark Knight Rises\u2122"}, "hrcls": {"title": "Age of the Gods\u2122 Prince of Olympus"}, "mro": {"title": "Mini Roulette"}, "legwld": {"title": "Legacy of the Wild"}, "epa": {"title": "Epic Ape"}, "ashwnoz": {"title": "Winnings of Oz"}}}