{"texts": {"blockScreen.swipeDown": "↓ Please, swipe down ↓","bringMoney.bring": "Játékba","bringMoney.fsbTitle": "Válassza ki az ingyen pörgetés összeget,<br/>amit magával akar vinni a játékba","bringMoney.participationCode": "Részvételi kód:","bringMoney.realTitle": "Válassza ki a valódi pénz összeget,<br/>amit magával akar vinni a játékba","brokenGames.unfinishedGames": "Önnek befejezetlen játékai vannak a kaszinóban.","brokenGames.likeToResume": "Szeretné folytatni?","brokenGames.selectGame": "Kérjük, hogy a folytatáshoz válasszon ki egy játékot!","desktopGameAdvisor.header": "Segítségre van szüksége további játékok megtalálásához?","desktopGameAdvisor.hideButton": "Ne jelenjen meg többé ez az üzenet","desktopGameAdvisor.suggestions": "Nézze meg az alábbi ajánlásokat!","download.installFlashPlayer.linkText": "Adobe.com","download.installFlashPlayer.part1": "A kaszinó indításához Önnek rendelkeznie kell az Adobe Flash Player telepítésével.","download.installFlashPlayer.part2.1": "Kattintson ide a látogatáshoz","download.installFlashPlayer.part2.2": "most.","download.installFlashPlayer.part3": "Miután telepítette a lejátszót, indítsa újra a kaszinót.","label.notInUse": "Nincs használatban","mainMenu.licenseeInfo": "Engedélyes információ","mainMenu.quickDeposit": "Gyors befizetés","message.button.close": "Close","message.button.later": "Később","message.button.update": "Frissítés","message.button.resume": "Folytatás","message.gameNotLoaded": "Játék nem tölt. Kérjük, próbálja ismét vagy válasszon másik játékot. Ha a probléma továbbra is fennáll, forduljon ügyfélszolgálatunkhoz.","message.loggedOut": "Kijelentkezett. Ha nem tud ismét bejelentkezni, forduljon ügyfélszolgálatunkhoz.","message.needLogin": "Kérjük, hogy lépjen be az előszobába, hogy valódi pénzes játékot játszhasson.","message.sessionClosed": "A játékmenet elévült: most átirányítjuk Önt az előszobába.","message.networkError": "Egy hálózati hiba történt. Most bezárjuk a játékot.","message.shutdownNotification": "Jelenleg karbantartást végzünk a rendszeren. A kapcsolatát {timeLeft} percen belül megszakítjuk. A játék folytatásához, kérjük, hogy jelentkezzen be újra a kaszinóba.","message.selectGame": "A bónusz használatához válasszon ki egy játékot","message.termsAndConditions": "Felhasználói feltételek","nickname.error": "Kérjük, válasszon egy másik becenevet.","nickname.message": "Üdvözöljük! <br> Válasszon egy becenevet a kaszinóhoz!","nickname.note": "Megjegyzés: Beceneve megváltoztatásához lépjen kapcsolatba az Ügyfélszolgálattal.","realitycheck.message.button.continue": "Folytatás","realitycheck.message.button.stop": "Stop","unit.time.dimension.day.1": "nap","unit.time.dimension.day.few": "nap","unit.time.dimension.day.other": "nap","unit.time.dimension.hour.1": "óra","unit.time.dimension.hour.few": "óra","unit.time.dimension.hour.other": "óra","unit.time.dimension.minute.1": "perc","unit.time.dimension.minute.few": "perc","unit.time.dimension.minute.other": "perc","unit.time.dimension.month.1": "hónap","unit.time.dimension.month.few": "hónap","unit.time.dimension.month.other": "hónap","unit.time.dimension.second.1": "másodperc","unit.time.dimension.second.few": "másodperc","unit.time.dimension.second.other": "másodperc","unit.time.dimension.week.1": "hét","unit.time.dimension.week.few": "hét","unit.time.dimension.week.other": "hét","update.ie9.browser.checkbox": "Ne mutassa ismét","update.ie9.browser.message": "A játék jobban fut az Internet Explorer vagy a Chrome legújabb verziójában. <br/>Kattintson ide az Internet Explorer frissítéséhez.","bringMoney.mobilePrimarySpinsCurrency" : "Ingyen Pörgetések","italyDesktopGameBonusNotification" : "Ön most a játékbónusszal játszik. Kattintson a panel alján látható gombra, hogy valódi pénzre váltson!","bringMoney.multiBonusTitle" : "Válassza ki azon ingyenes pörgetések<br/>és szórakoztató kreditek számát, amelyeket a játékba kíván hozni!","desktop.label.freeSpins" : "INGYEN PÖRGETÉSEK","bringMoney.desktopSpinsCurrency" : "INGYEN PÖRGETÉSEK","italyDesktopRealMoneyNotification" : "Ön jelenleg valódi pénzzel játszik. Kattintson a panel alján látható gombra, hogy a játékbónuszra váltson!","mainMenu.gameVersion": "Játékverzió","mainMenu.multiplayerLobby": "Többjátékos lobbi","multiplayerlobby.avatar": "Avatar","multiplayerlobby.join": "Belépés","multiplayerlobby.join.table": "Join Table","multiplayerlobby.limits": "Limits","multiplayerlobby.my.account": "Számlám","multiplayerlobby.nickname": "Becenév","multiplayerlobby.player.profile": "Játékos profil","multiplayerlobby.players": "Játékosok","multiplayerlobby.save": "Mentés","multiplayerlobby.status": "Státusz","multiplayerlobby.table.name": "Asztal neve","multiplayerlobby.timer": "Időzítő","message.unexpectedError.501" : "Sajnos ez a játék szórakoztató módban nem érhető el. Kérjük, hogy előbb jelentkezzen be!","multiplayerlobby.playerprofile.error.nickname.3" : "A nicknév legfeljebb 20 szimbólumnyi lehet","multiplayerlobby.playerprofile.error.nickname.2" : "A nicknév mezőt ki kell tölteni","multiplayerlobby.playerprofile.error.nickname.4" : "Egy hiba történt a nicknév letöltése közben","multiplayerlobby.playerprofile.error.avatar.2" : "Avatár frissítése sikertelen","multiplayerlobby.switch.to.another.game" : "BIZTOS BENNE, HOGY MEG SZERETNÉ VÁLTOZTATNI A JÁTÉKOT?","multiplayerlobby.playerprofile.error.avatar.1" : "Egy hiba történt az avatár letöltése közben","multiplayerlobby.playerprofile.error.status.2" : "Az állapotmező legfeljebb 20 szimbólumnyi lehet","multiplayerlobby.nickname.update.error" : "A nicknév megváltoztatásához, kérjük, hogy forduljon az adminisztrátorhoz!","multiplayerlobby.playerprofile.error.status.3" : "Egy hiba történt az állapot letöltése közben","multiplayerlobby.playerprofile.error.showcountry.2" : "Egy hiba történt az bemutatóország letöltése közben","multiplayerlobby.playerprofile.error.showcountry.1" : "Bemutatóország frissítése sikertelen","multiplayerlobby.playerprofile.error.status.1" : "Játékos állapotának frissítése sikertelen","multiplayerlobby.stay" : "Maradás","multiplayerlobby.change" : "Módosítás","multiplayerlobby.playerprofile.error.nickname.1" : "Kérjük, hogy csak betűket és számokat használjon","leaderboard.notification.leaderboard.completed": "Ranglista teljesítve","leaderboard.notification.leaderboard.finished": "Ranglista befejezve","leaderboard.notification.leaderboard.cancelled": "Ranglista törölve","leaderboard.notification.leaderboard.started": "Ranglista megkezdve","leaderboard.notification.active": "Aktív","leaderboard.notification.starts.in": "KEZDÉS:"}
}