{"texts": {"GAME_CATEGORY_FEATURED": "Features","GAME_CATEGORY_LIVE": "Live","GAME_CATEGORY_NEW": "Ny","GAME_CATEGORY_POKER": "Poker","GAME_CATEGORY_SCRATCH": "Skrab","GAME_CATEGORY_SLOTS": "Spillemaskiner","GAME_CATEGORY_TABLE_GAMES": "Casinospil","GAME_CATEGORY_VIDEO_POKER": "Video poker","affiliate.button.casino": "Casino","affiliate.button.dl": "Download","blockScreen.close.split": "Slå Splitvisning fra for at fortsætte spillet","blockScreen.doubleTap": "Dobbelt-tap for at spille i normal størrelse","blockScreen.singleTap": "Tap på skærmen for at fortsætte spillet","blockScreen.swipeDown": "↓ Svirp ned ↓","blockScreen.swipeUp": "↑ Svirp op for at spille i fuldskærm. ↑","blockScreen.enterFullscreen": "Tryk for at spille i fuld skærm","bringMoney.aamsCode": "AAMS sessionskode:","bringMoney.amountPlaceholder": "Overfør penge til bordet","bringMoney.bring": "Overfør til spillet","bringMoney.casinoBalance": "Casinosaldo:","bringMoney.failure.message": "Transmissionen mislykkedes","bringMoney.fsbTitle": "Vælg hvor mange Gratis Spin<br/>du vil overføre til spillet","bringMoney.notEnough.message": "Du har ikke penge nok på din saldo","bringMoney.participationCode": "Deltagerkode:","bringMoney.realTitle": "Vælg hvor mange rigtige penge<br/>du vil overføre til spillet","bringMoney.ropCode": "Den sidste lovlige deltagelseskode er:","bringMoney.ropTimestamp": "Kode oprettet:","bringMoney.sessionLimit.message": "Du kan ikke overføre mere end {0} i en session","bringMoney.success.message": "Transmission lykkedes <br />Din deltagelseskode til denne session er:\n{0}","bringMoney.tableBalance": "Spilsaldo:","bringMoney.transactionLimit.message": "Du kan ikke overføre mere end {0}","brokenGames.unfinishedGames": "Du har uafsluttede spil i Casinoet.","brokenGames.likeToResume": "Vil du genoptage dit spil?","brokenGames.selectGame": "Vælg venligst et spil for at genoptage.","desktop.caption.audioSettings": "Lydindstillinger","desktop.caption.generalSettings": "Generelle Indstillinger","desktop.fsb.ButtonText": "Klik her","desktop.fsb.notificationText": "Du har gratis spin! Klik her for at anvende dem nu!","desktop.goldenchip.ButtonText": "Info","desktop.goldenchip.notificationText": "Tap for at vælge en Guld Jeton fra Guld Jeton bakken nederst på bordet","desktop.goldenchip.v2.notificationText": "Du har tilgængelige Golden Chips. Golden Chips kan kun anvendes til at satse og bliver fratrukket dine gevinster efter hver indsatsrunde.","desktop.label.gameSounds": "Spillyde","desktop.label.skipIntro": "Spring over introvideoo","desktop.label.splashScreen": "Vis ikke splash-skærm","desktop.label.volume": "Volume","desktop.loading.gameBy": "ET SPIL AF","desktop.loading.loadingGame": "Indlæser Spil...","desktop.loading.proudlyPresents": "PRÆSENTERER MED STOLTHED","desktop.promotetoreal.continuePlaying": "Fortsæt med at spille","desktop.promotetoreal.playForReal": "SPIL FOR RIGTIGE PENGE","desktop.promotetoreal.text": "Det ser ud som om, atdu er inde i en gevinststime.Ønsker du at spille for rigtige penge?","desktopGameAdvisor.header": "Brug for hjælp til at finde flere spil?","desktopGameAdvisor.hideButton": "Vis ikke denne meddelelse igen","desktopGameAdvisor.suggestions": "Se %26 prøv følgende forslag","download.installFlashPlayer.linkText": "Adobe.com","download.installFlashPlayer.part1": "For at lancere kasinoet skal du have Adobe Flash Player installeret på dit system.","download.installFlashPlayer.part2.1": "Klik her for at besøge","download.installFlashPlayer.part2.2": "nu.","download.installFlashPlayer.part3": "Efter at afspilleren er blevet installeret, skal kasinoet genlanceres.","error.id.title": "Forkert spil-ID","error.item.unavailable": "Beklager, men denne enhed er i øjeblikket utilgængelig. Prøv igen senere.","error.malformed.back.url": "Misdannet back URL. Du kan ikke starte spillet","gameAdvisor.header": "Spilrådgiver","gameAdvisor.hideButton": "skjul midlertidig","gameAdvisor.mostPopular": "Favoritter","gameAdvisor.mostPopular_1": "Spillemaskiner","gameAdvisor.mostPopular_2": "Casinospil","gameAdvisor.mostPopular_3": "Kortspil","gameAdvisor.mostPopular_4": "Video Poker","gameAdvisor.mostPopular_5": "Arkadespil","gameAdvisor.mostPopular_6": "Progressive Spil","gameAdvisor.mostPopular_7": "Progressive Spil","gameAdvisor.newGames": "Nye spil","gameAdvisor.otherGames": "Andre Spil","gameAdvisor.otherPlayers": "Andre Spillere","gameAdvisor.similarGames": "Lignende Spil","gameAdvisor.suggestions": "Se følgende forslag","gameConfigurationError1": "Dette spil har desværre konfigureringsproblemer. Du videresendes til lobbyen. <br>Kontakt venligst Kundesupport<br>eller prøv et andet spil.","gameConfigurationError2": "Denne feature virker desværre ikke i dette spil på grund af konfigureringsproblemer. <br>Kontakt venligst Kundesupport<br>eller prøv denne feature i et andet spil.","goldenChip.notification": "{count} GULDJETONER TIL EN VÆRDI AF {amount} ER TILGÆNGELIG I DETTE SPIL","italyBonusRewards": "Spilbonus","italyFunBonusCreditsMessage": "Hvilken slags kredit ønsker du at anvende i dette spil?","italyGameBonus": "Spilbonus","italyGameBonusNotification": "Du spiller nu med spilbonus, klik på kvik-menuen for at skifte til rigtige penge","italyLowGameBonusBalance": "Din Spilbonus-saldo er for lav til at fortsætte med at spille i denne spiltilstand.Spillet vil blive ændret til Rigtige Penge","italyRealMoney": "Rigtige Penge","italyRealMoneyNotification": "Du spiller nu med rigtige penge, klik på kvik-menuen for at skifte til spilbonus","label.concession": "Koncession","label.extend": "Forlæng","label.extend.for": "%time% minutter","label.forgot": "Glemt adgangskode?","label.joinNow": "Tilmeld dig nu","label.logIn": "Log ind","label.logout": "Log ud","label.mode.fun": "SPIL FOR SJOV","label.mode.real": "SPIL FOR RIGTIGE PENGE","label.notInUse": "Ikke i brug","label.practice": "Spil i Træningstilstand","label.rememberPass": "Husk Adgangskode","limits.state.title": "GRÆNSER:","loading.game.title": "Loader<br />","lobbyInGame.categoryName.featured": "Featured","lobbyInGame.categoryName.jackpots": "Jackpotter","lobbyInGame.categoryName.slots": "Spilleautomat","lobbyInGame.categoryName.tableGames": "Casinospil","lobbyInGame.title": "Spil","mainMenu.account": "Min konto","mainMenu.bank": "Bank","mainMenu.bonusTerms": "Bonusvilkår","mainMenu.bringMoney": "Bring Penge","mainMenu.chat": "Chat","mainMenu.compPoints": "Bonuspoint","mainMenu.deposit": "Indbetal","mainMenu.depositLimit": "Indbetalingsgrænse","mainMenu.fullScreen": "Fuld skærm","mainMenu.fundsTransfer": "Overfør Penge","mainMenu.gameVersion": "Spilversion","mainMenu.help": "Hjælp","mainMenu.history": "Historik","mainMenu.inviteFriend": "Inviter Ven","mainMenu.licenseeInfo": "licenshaver information","mainMenu.limits": "Grænser","mainMenu.lobby": "Lobby","mainMenu.multiplayerLobby": "Multispiller Lobby","mainMenu.logout": "Log ud","mainMenu.options": "Indstillinger","mainMenu.panic": "Panik","mainMenu.paytable": "Udbetalingstabel","mainMenu.playForReal": "Spil for rigtige penge","mainMenu.promotions": "Kampagner","mainMenu.quickDeposit": "Hurtig indbetaling","mainMenu.respGaming": "Ansvarligt spil","mainMenu.responsibleGamingApproval": "Ansvarligt spil","mainMenu.responsibleGamingSngc": "Godkendt af SNGC","mainMenu.reverse.withdraw": "Tilbagefør Hævning","mainMenu.selfExclusion": "Selvudelukkelse","mainMenu.settings": "Indstillinger","mainMenu.share": "Del","mainMenu.shareRefer": "Henvis en ven","mainMenu.sound": "Lyd","mainMenu.support": "Support","mainMenu.timeOut": "Timeout","mainMenu.transactions": "Transaktioner","mainMenu.withdraw": "Hæv","menu.main.left.right.hand": "Venstre/Højre hånd","message.autoplayFinished": "Autospil stoppede","message.browserMode": "Er du sikker på, at du vil skifte browsertilstand? Dette kræver, at spillet genindlæses, og det nuværende spil vil ikke blive gemt.","message.button.accept": "Accepter","message.button.cancel": "Annuller","message.button.close": "Luk","message.button.decline": "Afvis","message.button.later": "Senere","message.button.no": "Nej","message.button.ok": "OK","message.button.play_fun": "Spil for Sjov","message.button.reload": "Genindlæs","message.button.relogin": "Prøv igen","message.button.update": "Opdater","message.button.yes": "Ja","message.button.resume": "Genoptag","message.connError": "Det var ikke muligt at forbinde til serveren. Prøv igen senere. Spillet loades i For Sjov-tilstand.","message.connectionLost": "Der opstod desværre et problem med forbindelsen.<br/>Prøv at genindlæse spillet eller vælg et andet.","message.exit": "Tak fordi du spillede hos [casinoname] Casino!<br/>Er du sikker på, at du vil afslutte?","message.fsbError": "Free Spin er ikke tilgængelig i øjeblikket.Prøv venligst igen senere","message.gameNotLoaded": "Spillet loader ikke. Prøv venligst igen eller vælg et andet spil. Hvis problemet fortsætter, kontakt da venligst vores kundesupport.","message.incorrectUser": "Det indtastede brugernavn eller adgangskode er ugyldigt. Verificer din kontoinformation og prøv igen.","message.insufDep": "Utilstrækkelig saldo. Ønsker du at foretage en indbetaling?","message.insufReal": "Utilstrækkelig saldo. Ønsker du at spille for rigtige penge?","message.insufTable": "Utilstrækkelig saldo. Ønsker du at bringe ekstra penge til bordet?","message.loggedOut": "Du blev logget af. Hvis du ikke er i stand til at logge ind igen, så kontakt venligst vores kundesupport.","message.login.failed": "Log ind mislykkedes. Vi sender dig til lobby-siden.","message.login.retry": "Ude af stand til at logge ind","message.loginError": "Sessionen udløb, log ind igen.","message.needLogin": "Log ind på lobbyen for at spille for rigtige penge.","message.sessionClosed": "Sessionen udløb: Du vil blive videresendt til lobbyen.","message.networkError": "Der opstod en netværksfejl. Spillet vil blive lukket.","message.shutdownNotification": "Systemet er ved at blive opdateret. Du bliver logget af om {timeLeft} minutter. For at fortsætte med at spille skal du logge ind på casinoet igen.","message.panicMessage": "Er du sikker på, at du vil selvudelukkesde næste 12 timer?","message.reconnect": "Mistet forbindelse, genforbinder","message.selectGame": "Vælg et spil for at anvende bonussen","message.server.disconnect": "Frakobl fra server. Spillet loades i For Sjov-tilstand.","message.single.session": "Et spil med denne bruger er blevet åbnet på en anden enhed","message.spinError": "Spil spin-fejl. Prøv igen.","message.termsAndConditions": "Vilkår og Betingelser","mg.label.balance": "SALDO","mg.label.demo": "DEMO","mini.caption.settings": "Indstillinger","mini.label.disableWarnings": "Deaktiver advarsler","mini.label.volume": "VOLUMEN","nickname.error": "Vælg venligst et andet kaldenavn.","nickname.message": "Velkommen! <br> Vælg dit casino-kaldenavn!","nickname.note": "Bemærk: Du skal kontakte Kundeservice for at ændre dit kaldenavn.","notification.installChrome": "Anvend Chrome-browseren for at få den bedste oplevelse, <br/> tap <a href=\"{0}\" > her for at starte </a> spillet i Chrome ","notification.updateChrome": "Opdater din gamle Chrome-browser til den seneste version, <br/> tap <a href=\"{0}\" > her for at opdatere </a> den","promotionsTitle": "Kampagner","quickMenu.inGameLobby": "","quickMenu.notification.freeSpin": "[count] GRATIS SPIL TILGÆNGELIGE I DETTE SPIL","quickMenu.notification.promoGadget": "NYE KAMPAGNER","quickMenu.promoGadget": "","realitycheck.message.button.continue": "Fortsæt","realitycheck.message.button.stop": "Stop","servererror10": "Dette kaldenavn anvendes i øjeblikket af en anden spiller.<br>Indtast et andet kaldenavn og prøv igen.","servererror1018": "Du kan kun spille i et netvært ad gangen. Luk alle spil og forlad ventelister inden du skifter netværk.","servererror104": "Din session er ugyldig","servererror108": "Utilstrækkelig saldo til anmodet indsats. Placer en lavere indsats eller gå til <u><a href=\"htcmd:switchtogame?code=cashier\">Kasse</a></u>, for at foretage en indbetaling.","servererror178": "Log ind mislykkedes. Vi sender dig til lobby-siden.","servererror113": "Vi er ikke i stand til at afslutte denne runde på grund af tekniske problemer.<br>Du kan afslutte spillet eller se resultatet under spilhistorik senere hen, når problemet er blevet løst.<br>Kontakt Kundesupport på [supportemail] for yderligere assistance.<br>Vi beklager ulejligheden.","servererror13": "Beklager, den progressive jackpotserver svarer ikke i øjeblikket.<br>Prøv igen senere.<br>Du kan i mellemtiden prøve nogle af vores andre spil.","servererror147": "Du skal afslutte dit uafsluttede spil før du kan spille et nyt","servererror15": "Beklager, Kundesupportholdet er ikke tilgængelig i øjeblikket.<br>Prøv igen om nogle minutter.<br>Vi beklager ulejligheden.","servererror16": "Kortgiveren befinder sig i øjeblikket ikke ved bordet. Prøv i stedet nogle af vores andre borde.","servererror17": "Beklager, spilserveren svarer ikke.<br>Hvis problemet fortsætter, kan du kun fortsætte med at spille i offline-tilstand.<br> Kontakt Kundesupport på [supportemail] for øjeblikkelig assistance.<br>Vi beklager ulejligheden.","servererror204": "Kortgiveren er ikke ved bordet.","servererror233": "Dine indsatser blev ikke bekræftet til denne spillerunde pga. problemer med din internetforbindelse. Prøv igen i næste spillerunde. Hvis problemet fortsætter, skal du kontakte din internet serviceudbyder for hjælp.","servererror27": "Der opstod en intern synkroniseringsfejl.Kontakt Kundesupport på [supportemail] for yderligere assistance.<br>Vi beklager ulejligheden.","servererror28": "Dette spil er i øjeblikket lukket. Prøv i stedet nogle af vores andre spil.","servererror29": "Du kan ikke slutte dig til det samme live bord to gange.","servererror31": "Din indsats blev ikke registreret i tide på grund af kommunikationsproblemer.Luk spillevinduet og start spillet igen.For at forhindre, at dette problem opstår i fremtiden, bekræft dine indsatser hurtigst muligt, da spillerunden starter.","servererror33": "Du har ikke nok rigtige penge til at placere drikkepengene.","servererror332": "Du prøver at optage flere pladser end tilladt.","servererror334": "Dette bord er forbudt af de italienske myndigheder.Prøv i stedet nogle af vores andre spil.","servererror35": "Den progressive sideindsats kunne ikke placeres. For yderligere assistance kontakt kundesupport på [supportemail].","servererror4": "Dette bord er i øjeblikket fyldt.<br>Prøv igen senere eller vælg et af vores andre borde.","servererror522": "'<b>Bekræft Adgangskode</b>' feltet stemmer ikke overens med den indtastede adgangskode.<br>Indtast adgangskode i '<b>Bekræft Adgangskode</b>' feltet igen.","servererror57": "Teknisk fejl. Alle dine indsatser blev returneret","servererror586": "Din adgangskodes minimumsstyrken er 'Meget Svag': den skal mindst bestå af 8 tegn.","servererror587": "Din adgangskodes minimumsstyrken er ' Svag': den skal mindst bestå af 8 tegn og indeholde både store og små bogstaver.","servererror588": "Din adgangskodes minimumsstyrken er ' Medium': den skal mindst bestå af 8 tegn og indeholde både store og små bogstaver samt mindst et tal.","servererror589": "Din adgangskodes minimumsstyrken er ' Stærk': den skal mindst bestå af 8 tegn og indeholde både store og små bogstaver, mindst et tal og et specialtegn.","servererror590": "Din adgangskodes minimumsstyrken er ' Meget stærk': den skal mindst bestå af 12 tegn og indeholde både store og små bogstaver, mindst et tal og et specialtegn.","servererror6": "Beklager, spilserveren svarer ikke.<br>Kontakt Kundesupport på [supportemail] for øjeblikkelig assistance.<br>Vi beklager ulejligheden.","servererror610": "Dette spil er ikke tilgængeligt i øjeblikket. Prøv i stedet nogle af vores andre spil.","servererror615": "Progressive spil er kun tilgængelige, når der spilles for Rigtige Penge.","servererror616": "Dette sæde er allerede taget af en anden spiller. Vælg et andet frit sæde.","servererror630": "Vi var ikke i stand til at afslutte denne runde på grund af tekniske problemer.<br>Du vil få besked, så snart spillet er blevet afsluttet og din saldo korrigeret tilsvarende.","servererror644": "Beklager, denne feature er i øjeblikket ikke tilgængeligt.","servererror647": "Beklager, dine indsatser blev ikke accepteret. Kontakt venligst kundesupport på [supportemail] for yderligere assistance.","servererror650": "Dette spil er begrænset til at spille en session ad gangen. Luk venligst dit aktive spil, for at åbne et ny bord.","servererror680": "Du har et uafsluttet spil fra en tidligere spillesession i en spiltilstand, som ikke understøttes i øjeblikket. Kontakt venligst kundesupport for assistance nu og her. Vi beklager for enhver ulejlighed, som dette måtte have forårsaget.","servererror681": "Din nye adgangskode skal være forskellig fra din gamle adgangskode.<br>Indtast en anden adgangskode og prøv igen.","servererror700": "[casino] har nået maks. antallet af gentaget interne spillere.","servererror701": "Maks. indsatsgrænsen for interne spillere i [casino] er overskredet.","servererror720": "Dette spil er begrænset til en session ad gangen.","servererror801": "Du er allerede tilskuer ved dette bord.","servererror802": "Beklager, maks. antallet af tilskuere for dette bord er nået. Du fjernes nu fra dette bord.","servererror803": "Dette bord er i øjeblikket fyldt. Du fjernes nu fra dette bord.","servererror804": "Beklager, dette bord er ikke tilgængeligt. Vælg et andet bord.","servererror805": "Runden er ikke aktiv.","servererror806": "Ugyldig handling.","servererror807": "Beklager, du kan ikke slutte dig til bordet, da indsatsgrænserne ikke er tilgængelig for dig.","servererror808": "Duplikeret indsats.","servererror809": "Maks. antallet af ubenyttede runder tilladt er nået. Du fjernes nu fra dette bord.","servererror810": "Maks. antallet af tilladte runder som tilskuer er nået. Du fjernes nu fra dette bord.","servererror811": "Du kan ikke slutte dig til det samme bord to gange.","servererror812": "Du er tilskuer.","servererror813": "Dette sæde er allerede taget af en anden spiller. Vælg et andet frit sæde.","servererror814": "Ubekræftede indsatser vil blive fjernet fra bordet.","servererror815": "Beklager, dette bord lukker. Vælg et andet bord.","servererror816": "Der er ingen spillere ved dette bord. Det lukkes om [1] sekund(er).","servererror817": "Beklager, dette bord blev lukket. Vælg et andet bord.","servererror818": "Aktivt spil ikke fundet.","servererror819": "Du har ikke tilladelse til at slutte dig til dette bord.","servererror820": "Bordets sluttid er nået og bordet er blevet lukket.","servererror821": "Ukorrekt invitationskode. Bekræft din invitationskode.","servererror822": "Det indtastede bordnavn indeholder utilladte ord. Indtast et andet bordnavn.","servererror823": "Bordnavnet skal være mellem 1 til 30 tegn og må kun indeholde bogstaver, tal og mellemrum.","servererror824": "Du kan ikke oprette flere borde, da du allerede har oprettet tre private gruppeborde, hvis status på nuværende tidspunkt er åben.","servererror825": "Det indtastede bordnavn er allerede i brug. Indtast et andet bordnavn.","servererror826": "Den private gruppetemplate er blevet lukket. Vælg en anden template.","servererror827": "Den indtastede adgangskode indeholder utilladte ord. Indtast en anden adgangskode.","servererror828": "Invitationskoden skal være mellem 1 til 10 tegn og må kun indeholde bogstaver og tal.","servererror832": "Du kan ikke slutte dig til bordet med den samme samlede indsats.","servererror9": "Vælg et andet kaldenavn.","setSelfExclusionDialog.cancelButton": "Annuller","setSelfExclusionDialog.header": "Selvudelukkelse","setSelfExclusionDialog.okButton": "Anvend","setSelfExclusionDialog.periodRestrictionLabel": "Aktiver selvudelukkelse","sky.error.undefined": "Der opstod en spilfejl! Du vil blive videresendt til lobbyen.","sound.popup.dontShowMeAgain": "Vis ikke igen","sound.popup.text": "Vil du spille med lyd?","timeLossLimit.gambling.closeGame.button": "Fortsæt","timeLossLimit.gambling.ignore.button": "Ignorer","timeLossLimit.gambling.warning": "Du har nu spillet i [minutes] minutter fra du startede spillesessionen på spillemaskiner. I denne periode har du i alt satset [bets]","timeLossLimit.limitReached.loss.error": "Du har nået din sessions maksimale tabsgrænse og spillet vil nu blive lukket. I denne session har du satset [bets] i alt og vundet [wins] i alt","timeLossLimit.limitReached.time.error": "Du har nået din sessions maksimale tidsgrænse, og spillet vil nu blive lukket. I denne session har du satset [bets] i alt og vundet [wins] i alt","timeLossLimit.losslimit.proximity.warning": "Bemærk venligst – du nærmer dig sessionens tabsgrænse","timeLossLimit.sessionsummary": "Din nuværende spilsession slutter nu. I denne session har du satset [bets] i alt og vundet [wins] i alt","timeLossLimit.timelimit.proximity.warning": "Bemærk venligst – du nærmer dig sessionens tidsgrænse","timeLossLimit.tooHighBet.error": "Din indsats kan ikke accepteres, idet den muligvis vil overskride din sessions tabsgrænse. Placer venligst en lavere indsats.","timeLossLimitDialog.betLimit.label": "Tabsgrænse","timeLossLimitDialog.betLimit.value.error.bigThanBalance": "Din tabsgrænse er højere end din saldo. Indtast et lavere beløb eller foretag en indbetaling.","timeLossLimitDialog.betLimit.value.error.notValid": "Ugyldigt beløb. Genindtast et gyldigt beløb","timeLossLimitDialog.cancelButton.label": "Annuller","timeLossLimitDialog.gamblingNoticeInterval.label": "Spilmeddelelsesinterval","timeLossLimitDialog.okButton.label": "Ok","timeLossLimitDialog.sessionTimer.label": "Sessionstimer","timeLossLimitDialog.sessionTimer.placeholder": "Tap for at vælge","timeLossLimitDialog.timeLimit.value.error.empty": "Ugyldig Sessiontidsværdi. Vælg venligst en gyldig tidsperiode","timeLossLimitDialog.title": "Spillemaskine Spilgrænser","uifeatures.demo.popup": "Prøv det nu gratis","uifeatures.real.popup": "Du spiller nu om ægte penge","ukreg.autoplay.jackpotsinglewinlimit.message": "Autospil stoppede: jackpotten blev vundet. Der blev vundet mere end [amount].","ukreg.autoplay.jackpotwinlimit.message": "Autospil stoppede: jackpotten blev vundet.","ukreg.autoplay.losslimit.message": "Autospil stoppede: tabsgrænsen blev nået.","ukreg.autoplay.singlewinlimit.message": "Autospil stoppede: der blev vundet mere end [amount].","ukreg.cancelButtonText": "Afslut","ukreg.confirmButtonText": "Bekræft","ukreg.jackPotLabel": "Stop autospil ved jackpot gevinst","ukreg.lossLabel": "Stop autospil ved samlet tab på:","ukreg.lossLimitExceedMessage": "Tabsgrænseværdi er for høj: Det højeste tilladte beløb er [amount]","ukreg.lossLimitInvalidMessage": "Ugyldigt beløb i feltet for tabsgrænse. Indtast et gyldigt beløb.","ukreg.lossLimitLowMessage": "Den indtastede tabsgrænse er for lav til at starte autospil. Indtast et større beløb.","ukreg.singleWinExceedMessage": "Grænseværdien for single gevinster er for høj: Det højeste tilladte beløb er [amount]","ukreg.singleWinInvalidMessage": "Ugyldigt beløb i grænsefeltet for single gevinster. Indtast et gyldigt beløb.","ukreg.singleWinLabel": "Stop ved single gevinster over:","ukreg.singleWinLowMessage": "Grænseværdien for enkelt gevinster er for høj: Den højeste tilladte indsats er [amount]","ukreg.title": "Ansvarligt spil - autospil","unit.time.10minutes": "10 minutter","unit.time.12hours": "12 timer","unit.time.15minutes": "15 minutter","unit.time.1day": "1 dag","unit.time.1hour": "1 time","unit.time.1month": "1 måned","unit.time.1week": "1 uge","unit.time.20minutes": "20 minutter","unit.time.2hours": "2 timer","unit.time.30minutes": "30 minutter","unit.time.40minutes": "40 minutter","unit.time.50minutes": "50 minutter","unit.time.5minutes": "5 minutter","unit.time.60minutes": "60 minutter","unit.time.dimension.day.1": "dag","unit.time.dimension.day.few": "dage","unit.time.dimension.day.other": "dage","unit.time.dimension.hour.1": "time","unit.time.dimension.hour.few": "timer","unit.time.dimension.hour.other": "timer","unit.time.dimension.minute.1": "minut","unit.time.dimension.minute.few": "minutter","unit.time.dimension.minute.other": "minutter","unit.time.dimension.month.1": "måned","unit.time.dimension.month.few": "måneder","unit.time.dimension.month.other": "måneder","unit.time.dimension.second.1": "sekund","unit.time.dimension.second.few": "sekunder","unit.time.dimension.second.other": "sekunder","unit.time.dimension.week.1": "uge","unit.time.dimension.week.few": "uger","unit.time.dimension.week.other": "uger","unsupported.landscape.text": "SPILLET ER DESIGNET TIL PORTRÆT-TILSTAND.<br />VEND DIN ENHED VERTIKALT FOR AT SPILLE.","unsupported.landscape.title": "SPIL<br />I PORTRÆT","unsupported.portrait.text": "SPILLET ER DESIGNET TIL LANDSKAB-TILSTAND.<br />VEND DIN ENHED HORISONTAL FOR AT SPILLE.","unsupported.portrait.title": "SPIL<br /> I LANDSKAB","update.ie9.browser.checkbox": "Vis ikke igen","update.ie9.browser.message": "Spillet kører bedre i den nyeste udgave af Internet Explorer eller Chrome. <br/>Klik her for at opdatere Internet Explorer.","bringMoney.mobilePrimarySpinsCurrency" : "Gratis Spin","italyDesktopGameBonusNotification" : "Du spiller nu for spilbonus. Klik på knappen på panelet i bunden for at skifte til rigtige penge.","bringMoney.multiBonusTitle" : "Vælg antallet af gratis spin<br/>og for sjov-kredit, der skal overføres til spillet.","desktop.label.freeSpins" : "GRATIS SPIN","bringMoney.desktopSpinsCurrency" : "GRATIS SPIN","italyDesktopRealMoneyNotification" : "Du spiller nu med rigtige penge. Klik på knappen på panelet i bunden for at skifte til spilbonus","multiplayerlobby.avatar": "Avatar","multiplayerlobby.join": "Deltag","multiplayerlobby.join.table": "Tilslut bordet","multiplayerlobby.limits": "Grænser","multiplayerlobby.my.account": "Min konto","multiplayerlobby.nickname": "Kaldenavn","multiplayerlobby.player.profile": "Spillerprofil","multiplayerlobby.players": "Spillere","multiplayerlobby.save": "Redning","multiplayerlobby.status": "Status","multiplayerlobby.table.name": "Bordnavn","multiplayerlobby.timer": "Timer","multiplayerlobby.show.country": "Vis mit land","message.unexpectedError.501" : "Beklager, dette spil er ikke tilgængeligt i For Sjov-tilstand. Log venligst ind først","multiplayerlobby.playerprofile.error.nickname.3" : "Kaldenavnet skal være færre eller svare til 20 symboler","multiplayerlobby.playerprofile.error.nickname.2" : "Kaldenavn-feltet skal være udfyldt","multiplayerlobby.playerprofile.error.nickname.4" : "Der opstod en fejl under download af dit kaldenavn","multiplayerlobby.playerprofile.error.avatar.2" : "Avatar kunne ikke opdateres","multiplayerlobby.switch.to.another.game" : "ER DU SIKKER PÅ, AT DU VIL ÆNDRE SPILLET?","multiplayerlobby.playerprofile.error.avatar.1" : "Der opstod en fejl under download af din avatar","multiplayerlobby.playerprofile.error.status.2" : "Statusfeltet skal være færre eller svare til 20 symboler","multiplayerlobby.nickname.update.error" : "Kontakt venligst administratoren for at ændre dit kaldenavn.","multiplayerlobby.playerprofile.error.status.3" : "Der opstod en fejl under download af din status","multiplayerlobby.playerprofile.error.showcountry.2" : "Der opstod en fejl under download af dit showland","multiplayerlobby.playerprofile.error.showcountry.1" : "Showland kunne ikke opdateres","multiplayerlobby.playerprofile.error.status.1" : "Spillerstatus kunne ikke opdateres","multiplayerlobby.stay" : "Bliv","multiplayerlobby.change" : "Ændr","multiplayerlobby.join.error.no.nickname": "Beklager, du kan ikke slutte dig til spillet uden et kaldenavn.","multiplayerlobby.playerprofile.error.nickname.1" : "Anvend kun bogstaver og tal","leaderboard.notification.leaderboard.completed": "Førertavle fuldført","leaderboard.notification.leaderboard.finished": "Førertavle færdigt","leaderboard.notification.leaderboard.cancelled": "Førertavle annulleret","leaderboard.notification.leaderboard.started": "Førertavle startet","leaderboard.notification.active": "Aktiv","leaderboard.notification.starts.in": "STARTER OM"}
}