{"texts": {"GAME_CATEGORY_FEATURED": "แนะนำ","GAME_CATEGORY_LIVE": "ถ่ายทอดสด","GAME_CATEGORY_NEW": "ใหม่","GAME_CATEGORY_POKER": "โป๊กเกอร์","GAME_CATEGORY_SCRATCH": "ขูด","GAME_CATEGORY_SLOTS": "สล็อต","GAME_CATEGORY_TABLE_GAMES": "เกมโต๊ะ","GAME_CATEGORY_VIDEO_POKER": "โป๊กเกอร์วิดีโอ","affiliate.button.casino": "คาสิโน","affiliate.button.dl": "ดาวน์โหลด","blockScreen.close.split": "โปรดปิดการแบ่งมุมมองที่จะดำเนินการต่อเกม","blockScreen.doubleTap": "กรุณาแตะสองครั้งเพื่อเล่นในขนาดปกติ","blockScreen.singleTap": "กรุณาแตะบนหน้าจอเพื่อดำเนินเกมต่อ","blockScreen.swipeDown": "↓ กรุณาปาดลง ↓","blockScreen.swipeUp": "↑ ปาดนิ้วขึ้นบน เพื่อเล่นในแบบเต็มหน้าจอ↑","blockScreen.enterFullscreen": "แตะเพื่อเล่นแบบเต็มหน้าจอ","bringMoney.aamsCode": "รหัสเซสชั่น AAMS:","bringMoney.amountPlaceholder": "นำเงินไปที่โต๊ะ","bringMoney.bring": "นำมาที่โต๊ะ","bringMoney.casinoBalance": "ยอดเงินคงเหลือของคาสิโน:","bringMoney.failure.message": "การส่งล้มเหลว","bringMoney.fsbTitle": "เลือกจำนวนการหมุนฟรี<br/>ที่จะนำมาที่โต๊ะ","bringMoney.notEnough.message": "คุณไม่ได้มีเงินมากพอในยอดเงินของคุณ","bringMoney.participationCode": "รหัสการมีส่วนร่วม:","bringMoney.realTitle": "ลือกจำนวนเงินจริง<br/>ที่จะนำมาที่โต๊ะ","bringMoney.ropCode": "ล่าสุดรหัสการมีส่วนร่วมในทางกฎหมายคือ:","bringMoney.ropTimestamp": "รหัสที่สร้าง:","bringMoney.sessionLimit.message": "คุณไม่สามารถนำเงินมาเล่นในหนึ่งช่วงเซสชั่นเกมมากกว่า {0}","bringMoney.success.message": "{0} ประสบความสำเร็จในการส่ง<br/>รหัสการมีส่วนร่วมของช่วงเซสชั่นนี้คือ: {1}","bringMoney.tableBalance": "ยอดเงินในเกม:","bringMoney.transactionLimit.message": "คุณไม่สามารถนำเงินมาเล่นในเกมมากกว่า {0}","brokenGames.unfinishedGames": "ท่านยังมีเกมที่ยังเล่นไม่จบในคาสิโน","brokenGames.likeToResume": "ท่านต้องการกลับไปเล่นต่อหรือไม่?","brokenGames.selectGame": "กรุณาเลือกเกมที่จะกลับไปเล่นต่อ","desktop.caption.audioSettings": "การตั้งค่าเสียง","desktop.caption.generalSettings": "การตั้งค่าทั่วไป","desktop.fsb.ButtonText": "คลิกที่นี่","desktop.fsb.notificationText": "คุณมีการหมุนฟรี! คลิกที่นี่เพื่อใช้ได้ในขณะนี้เลย!","desktop.goldenchip.ButtonText": "ข้อมูล","desktop.goldenchip.notificationText": "แตะเพื่อเลือกชิปทองคำจากถาดชิปทองคำที่ด้านล่างของโต๊ะ","desktop.goldenchip.v2.notificationText": "ท่านมี Golden Chips พร้อมใช้งานอยู่ Golden Chips นั้นมีไว้สำหรับลงเดิมพันเท่านั้น และจะถูกหักออกจากเงินรางวัลที่ท่านได้รับหลังจากแต่ละรอบลงเดิมพัน","desktop.label.gameSounds": "เสียงเกม","desktop.label.skipIntro": "ข้ามวิดีโอแนะนำ","desktop.label.splashScreen": "ไม่แสดงหน้าจอ","desktop.label.volume": "ปริมาณ","desktop.loading.gameBy": "เกม","desktop.loading.loadingGame": "โหลดเกม ...","desktop.loading.proudlyPresents": "ภูมิใจนำเสนอ","desktop.promotetoreal.continuePlaying": "เล่นต่อไป","desktop.promotetoreal.playForReal": "เล่นเงินจริง","desktop.promotetoreal.text": "ดูเหมือนว่าคุณกำลังชนะต่อเนื่อง คุณต้องการเล่นโดยใช้เงินจริงหรือไม่?","desktopGameAdvisor.header": "ต้องการความช่วยเหลือในการค้นหาเกมมากขึ้นงั้นเหรอ?","desktopGameAdvisor.hideButton": "ไม่ต้องแสดงข้อความนี้อีก","desktopGameAdvisor.suggestions": "ลองดูข้อเสนอแนะดังต่อไปนี้","download.installFlashPlayer.linkText": "Adobe.com","download.installFlashPlayer.part1": "การเปิดคาสิโนนั้น คุณจะต้องติดตั้ง Adobe Flash Player ที่ติดตั้งในระบบของท่าน","download.installFlashPlayer.part2.1": "คลิกที่นี่เพื่อไปเยี่ยมชม","download.installFlashPlayer.part2.2": "ตอนนี้เลย","download.installFlashPlayer.part3": "หลังจากที่ติดตั้งเพลเยอร์ กรุณาเปิดคาสิโน","error.id.title": "ID ของเกมไม่ถูกต้อง","error.item.unavailable": "ขออภัย รายการนี้ไม่มีให้เลือกซื้อได้ในขณะนี้ กรุณาลองใหม่อีกครั้งในภายหลัง","error.malformed.back.url": "URL ที่กลับมาในรูปแบบไม่ถูกต้อง คุณไม่สามารถเริ่มเกม","gameAdvisor.header": "ที่ปรึกษาเกม","gameAdvisor.hideButton": "ซ่อนชั่วคราว","gameAdvisor.mostPopular": "ได้รับความนิยมมากที่สุด","gameAdvisor.mostPopular_1": "เครื่องสล็อต","gameAdvisor.mostPopular_2": "เกมเล่นที่โต๊ะ","gameAdvisor.mostPopular_3": "เกมเล่นโดยใช้ไพ่","gameAdvisor.mostPopular_4": "โป๊กเกอร์วิดีโอ","gameAdvisor.mostPopular_5": "เกมอาเขต","gameAdvisor.mostPopular_6": "เกมส์สะสม","gameAdvisor.mostPopular_7": "เกมแบบสะสม","gameAdvisor.newGames": "เกมใหม่","gameAdvisor.otherGames": "เกมอื่นๆ","gameAdvisor.otherPlayers": "ผู้เล่นอื่นๆ","gameAdvisor.similarGames": "เกมส์ที่คล้ายกัน","gameAdvisor.suggestions": "ลองดูข้อเสนอแนะดังต่อไปนี้","gameConfigurationError1": "น่าเสียดายที่เกมนี้มีปัญหาการตั้งค่า คุณจะถูกนำไปล็อบบี้ <br> กรุณาติดต่อฝ่ายบริการลูกค้า หรือลองเกมอื่น","gameConfigurationError2": "แต่น่าเสียดายที่คุณลักษณะนี้ไม่พร้อมใช้งานในเกมนี้เนื่องจากมีปัญหาการกำหนดค่า <br> กรุณาติดต่อฝ่ายบริการลูกค้าฟรีหรือลองคุณลักษณะนี้ในเกมอื่น","goldenChip.notification": "มี {count} ชิปทองคำที่มีมูลค่า {amount} ให้เลือกเล่นในเกมนี้","italyBonusRewards": "โบนัสเกม","italyDesktopGameBonusNotification": "ขณะนี้คุณกำลังเล่นกับโบนัสเกม คลิกที่ปุ่มบนแผงด้านล่างเพื่อสลับไปยังเงินจริง","italyDesktopRealMoneyNotification": "ขณะนี้คุณกำลังเล่นด้วยเงินจริง คลิกที่ปุ่มบนแผงด้านล่างเพื่อสลับไปยังเกมโบนัส","italyFunBonusCreditsMessage": "คุณต้องการใช้งานเครดิตแบบไหนในเกมนี้?","italyGameBonus": "โบนัสเกม","italyGameBonusNotification": "ขณะนี้คุณกำลังเล่นกับโบนัสเกมให้คลิกที่เมนูที่รวดเร็วในการเปลี่ยนไปใช้จริง","italyLowGameBonusBalance": "ยอดเงินโบนัสเกมของคุณอยู่ในระดับต่ำเกินไปที่จะเล่นต่อไปในโหมดการเล่นเกมนี้ จะทำการสลับไปยังเกมเล่นเงินจริง","italyRealMoney": "เงินจริง","italyRealMoneyNotification": "ขณะนี้คุณกำลังเล่นด้วยเงินจริงคลิกเมนูลัดเพื่อสลับไปยังเกมโบนัส","label.addMoreMoney": "เติมเงินเพิ่มอีก","label.balance": "สมดุล","label.concession": "คอนเซสชั่น","label.extend": "ต่ออายุ","label.extend.for": "ขยายสำหรับ% นาทีเวลา%","label.forgot": "ลืมรหัสผ่านงั้นหรือ?","label.joinNow": "เข้าร่วมเดี๋ยวนี้","label.logIn": "เข้าสู่ระบบ","label.logout": "ออกจากระบบ","label.mode.fun": "เล่นเพื่อความสนุกสนาน","label.mode.real": "เล่นจริง","label.notInUse": "ไม่ได้ใช้งาน","label.practice": "เล่นในโหมดฝึกหัด","label.rememberPass": "จดจำรหัสผ่าน","licenseeInfo.message": "ตัวอย่าง","limits.state.title": "ขีดจำกัด :","loading.game.title": "กำลังโหลด <br />","lobbyInGame.categoryName.featured": "แนะนำ","lobbyInGame.categoryName.jackpots": "แจ๊คพ็อต","lobbyInGame.categoryName.slots": "สล็อต","lobbyInGame.categoryName.tableGames": "เกมเล่นบนโต๊ะ","lobbyInGame.title": "เกม","mainMenu.account": "บัญชีของฉัน","mainMenu.bank": "ธนาคาร","mainMenu.bonusTerms": "ข้อตกลงโบนัส","mainMenu.bringMoney": "นำเงิน","mainMenu.chat": "พูดคุย","mainMenu.compPoints": "จุดคอมพ์","mainMenu.deposit": "เงินฝาก","mainMenu.depositLimit": "เงินฝากวงเงิน","mainMenu.fullScreen": "โหมดเต็มหน้าจอ","mainMenu.fundsTransfer": "การโอนเงิน","mainMenu.gameVersion": "เวอร์ชันของเกม","mainMenu.help": "ช่วยด้วย","mainMenu.history": "ประวัติ","mainMenu.inviteFriend": "เชิญเพื่อน","mainMenu.licenseeInfo": "ข้อมููลใบอนุญาต","mainMenu.limits": "ขีด จำกัด","mainMenu.lobby": "ล๊อบบี้","mainMenu.multiplayerLobby": "ล็อบบี้ผู้เล่นหลายคน","mainMenu.logout": "ออกจากระบบ","mainMenu.options": "ตัวเลือก","mainMenu.panic": "ความตื่นตระหนก","mainMenu.paytable": "ตารางการจ่ายเงินรางวัล","mainMenu.playForReal": "เล่นจริง","mainMenu.promotions": "โปรโมชั่น","mainMenu.promptTempToken": "แจ้งให้เลือกโทเค็นการชั่วคราว","mainMenu.quickDeposit": "ฝากเงินด่วน","mainMenu.respGaming": "การเล่นเกมอย่างมีความรับผิดชอบ","mainMenu.responsibleGamingApproval": "การเล่นเกมอย่างมีความรับผิดชอบ","mainMenu.responsibleGamingSngc": "อนุมัติโดย SNGC","mainMenu.reverse.withdraw": "ย้อนกลับถอน","mainMenu.selfExclusion": "การแยกตัวเอง","mainMenu.settings": "การตั้งค่า","mainMenu.share": "แบ่งปัน","mainMenu.shareRefer": "แนะนำเพื่อน","mainMenu.sound": "เสียง","mainMenu.support": "สนับสนุน","mainMenu.timeOut": "หมดเวลา","mainMenu.transactions": "การทำธุรกรรม","mainMenu.withdraw": "ถอน","menu.main.left.right.hand": "ซ้าย / ขวา","message.autoplayFinished": "หยุดเล่นอัตโนมัติ","message.browserMode": "คุณแน่ใจหรือไม่ว่าต้องการที่จะสลับไปยังโหมดเบราว์เซอร์ คำสั่งนี้จะต้องมีการเปิดเกมใหม่ และเกมในปัจจุบันจะไม่ได้รับการบันทึก","message.button.accept": "ยอมรับ","message.button.cancel": "ยกเลิก","message.button.close": "ปิด","message.button.decline": "ปฏิเสธ","message.button.later": "ภายหลัง","message.button.no": "ไม่","message.button.ok": "ตกลง","message.button.play_fun": "เล่นเพื่อความสนุกสนาน","message.button.reload": "โหลด","message.button.relogin": "ลองใหม่อีกครั้ง","message.button.update": "อัปเดต","message.button.yes": "ใช่","message.button.resume": "กลับไปเล่นต่อ","message.connError": "ไม่สามารถเชื่อมต่อกับเซิร์ฟเวอร์ได้ กรุณาลองใหม่อีกครั้งในภายหลัง เกมจะโหลดในโหมดความสนุก","message.connectionLost": "แต่น่าเสียดายที่มีปัญหาการเชื่อมต่อเครือข่าย <br/> โปรดลองเปิดเกมใหม่ หรือเลือกเกมอื่น","message.exit": "ขอบคุณที่ร่วมเล่นกับคาสิโน [casinoname]!<br/>คุณต้องการออกจริงๆ หรือไม่?","message.fsbError": "ไม่สามารถใช้การหมุนฟรีได้ในขณะนี้ กรุณาลองใหม่อีกครั้งในภายหลัง","message.gameNotLoaded": "ไม่สามารถโหลดเกมได้ กรุณาลองใหม่อีกครั้ง หรือ เลือกเกมอื่น และหากยังประสบปัญหาอยู่ กรุณาติดต่อฝ่ายบริการลูกค้าของเรา","message.incorrectUser": "ชื่อผู้ใช้หรือรหัสผ่านที่ป้อนไม่ถูกต้อง โปรดตรวจสอบข้อมูลบัญชีของคุณแล้วลองใหม่อีกครั้ง","message.insufDep": "ยอดเงินไม่เพียงพอ คุณต้องการที่จะฝากเงินหรือไม่?","message.insufDl": "ยอดเงินไม่เพียงพอ กรุณาวางเดิมพันที่ต่ำกว่า","message.insufReal": "ยอดเงินไม่เพียงพอ คุณต้องการที่จะเล่นด้วยเงินจริงหรือไม่?","message.insufTable": "ยอดเงินไม่เพียงพอ คุณต้องการที่จะนำเงินมาเพิ่มที่โต๊ะหรือไม่?","message.loggedOut": "ท่านถูกให้ออกจากระบบ หากท่านไม่สามารถกลับเข้าสู่ระบบได้ กรุณาติดต่อฝ่ายบริการลูกค้าของเรา","message.login.failed": "เข้าสู่ระบบล้มเหลว เราจะนำคุณไปยังหน้าล็อบบี้","message.login.retry": "ไม่สามารถเข้าสู่ระบบได้","message.loginError": "เซสชั่นหมดอายุ กรุณาเข้าสู่ระบบอีกครั้ง","message.needLogin": "กรุณาเข้าสู่ระบบในล็อบบี้เพื่อเล่นด้วยเงินจริง","message.sessionClosed": "ช่วงเซสชันหมดอายุ: ท่านจะถูกพาไปยังล็อบบี้","message.networkError": "เกิดข้อผิดพลาดด้านเครือข่าย เกมจะถูกปิด","message.shutdownNotification": "ระบบกำลังอยู่ระหว่างการบำรุงรักษา คุณจะถูกตัดการเชื่อมต่อในอีก {timeLeft} นาที กรุณาเข้าสู่ระบบคาสิโนอีกครั้งเพื่อเริ่มเล่น","message.panicMessage": "ท่านแน่ใจหรือว่าต้องการแยกตัวเองออกเป็นเวลา 12 ชั่วโมงหลังจากนี้?","message.reconnect": "การเชื่อมต่อขาดหาย กำลังพยายามเชื่อมต่อใหม่อีกครั้ง","message.selectGame": "เลือกเกมที่จะใช้โบนัส","message.server.disconnect": "ตัดการเชื่อมต่อจากเซิร์ฟเวอร์ เกมจะโหลดในโหมดความสนุก","message.single.session": "เกมที่มีผู้ใช้รายนี้ได้รับการเปิดบนอุปกรณ์อื่นๆ","message.spinError": "ข้อผิดพลาดของเกมการหมุน กรุณาลองใหม่อีกครั้ง","message.termsAndConditions": "ข้อตกลงและเงื่อนไข","mg.label.balance": "สมดุล","mg.label.demo": "การสาธิต","mini.caption.settings": "การตั้งค่า","mini.label.disableWarnings": "ปิดการเตือน","mini.label.volume": "ปริมาณ","nickname.error": "กรุณาเลือกชื่อเล่นอื่น","nickname.message": "ยินดีต้อนรับ! <br> กรุณาเลือกชื่อเล่นของคุณสำหรับคาสิโน!","nickname.note": "หมายเหตุ: เปลี่ยนชื่อเล่นของคุณได้โดยการติดต่อฝ่ายบริการลูกค้า","promotionsTitle": "โปรโมชั่น","quickMenu.inGameLobby": "","quickMenu.notification.freeSpin": "[count] มีการหมุนฟรีในเกมนี้","quickMenu.notification.promoGadget": "โปรโมชั่นใหม่ที่สามารถใช้ได้","quickMenu.promoGadget": "","realitycheck.message.button.continue": "ต่อ","realitycheck.message.button.stop": "หยุด","servererror10": "ชื่อเล่นนี้กำลังถูกใช้โดยผู้เล่นคนอื่น <br>ใส่ชื่อเล่นที่แตกต่างกันออกไปและลองอีกครั้ง","servererror1018": "คุณสามารถเล่นได้เฉพาะในหนึ่งเครือข่าย กรุณาปิดเกมทั้งหมดและออกจากรายการที่รอก่อนที่คุณจะเปลี่ยนเครือข่าย","servererror104": "ช่วงเซสชั่นของคุณไม่ถูกต้อง","servererror108": "ยอดเงินคงเหลือไม่เพียงพอสำหรับการเดิมพันที่ร้องขอ โปรดวางเดิมพันต่ำลง หรือไปที่ <u> <a href=\"htcmd:switchtogame?code=cashier\"> แคชเชียร์ </a> </u> เพื่อทำการฝากเงิน","servererror178": "เข้าสู่ระบบล้มเหลว เราจะนำคุณไปยังหน้าล็อบบี้","servererror113": "เนื่องจากปัญหาทางเทคนิคที่เราประสบอยู่ในปัจจุบันไม่สามารถดำเนินการรอบนี้ <br>คุณสามารถจบเกมหรือดูผลในประวัติศาสตร์เกมที่จุดในเวลาต่อมาเมื่อปัญหาได้รับการแก้ไข <br>กรุณาติดต่อ ฝ่ายสนับสนุนลูกค้าที่ [supportemail] สำหรับความช่วยเหลือเพิ่มเติม <br>เราต้องขออภัยในความไม่สะดวกที่เกิดขึ้น","servererror13": "ขออภัยเซิร์ฟเวอร์เกมสะสมไม่ตอบสนองอยู่ในขณะนี้<br>โปรดลองอีกครั้งในภายหลัง <br>ในขณะเดียวกันลองเล่นของเกมขาประจำของเรา","servererror147": "คุณต้องจบเกมที่ไม่สมบูรณ์ของคุณก่อนที่จะเล่นใหม่","servererror15": "ขออภัยทีมบริการลูกค้าได้ในขณะนี้ <br>โปรดลองใหม่อีกครั้งในไม่กี่นาที <br>เราต้องขออภัยในความไม่สะดวกที่เกิดขึ้น","servererror16": "ผู้แจกไพ่ไม่อยู่ที่โต๊ะในขณะนี้ โปรดลองโต๊ะเกมอื่นๆ ของเรา","servererror17": "ยังไม่มีการตอบสนองจากเซิร์ฟเวอร์เกม <br>หากยังคงประสบปัญหาอยู่ คุณอาจจะยังคงเล่นในโหมดออฟไลน์เท่านั้น <br>กรุณาติดต่อฝ่ายบริการลูกค้าที่ [supportemail] สำหรับความช่วยเหลือในทันที <br>เราต้องขออภัยสำหรับการก่อให้เกิดความไม่สะดวกใดๆ","servererror204": "ผู้แจกไพ่ไม่ได้อยู่ที่โต๊ะ","servererror233": "เดิมพันของคุณไม่ได้รับการยืนยันสำหรับรอบเกมนี้เนื่องจากปัญหาเกี่ยวกับการเชื่อมต่ออินเทอร์เน็ตของคุณ โปรดลองอีกครั้งในรอบเกมถัดไป หากยังคงประสบปัญหาอยู่ คุณอาจจำเป็นต้องติดต่อผู้ให้บริการอินเทอร์เน็ตของคุณเพื่อขอความช่วยเหลือ","servererror27": "มีข้อผิดพลาดในการประสานภายในเกิดขึ้น กรุณาติดต่อฝ่ายบริการลูกค้าที่ [supportemail] สำหรับความช่วยเหลือเพิ่มเติม <br>เราต้องขออภัยในความไม่สะดวกที่เกิดขึ้น","servererror28": "เกมนี้ถูกปิดอยู่ในขณะนี้ โปรดลองเกมอื่นๆ ของเรา","servererror29": "คุณไม่สามารถเข้าร่วมโต๊ะเกมถ่ายทอดสดเดียวกันสองครั้ง","servererror31": "เนื่องจากปัญหาการสื่อสารทำให้เดิมพันของท่านไม่ได้ลงทะเบียนให้ทันเวลา โปรดปิดหน้าต่างเกมและเริ่มต้นเกมอีกครั้ง เพื่อป้องกันไม่ให้ปัญหานี้ในอนาคตโปรดพยายามที่จะยืนยันการเดิมพันของคุณโดยเร็วที่สุดเท่ารอบที่เกมจะเริ่มต้น","servererror33": "คุณไม่ได้มีเงินจริงพอที่จะให้ทิป","servererror332": "คุณกำลังพยายามที่จะครอบครองที่นั่งมากกว่าที่ได้รับอนุญาต","servererror334": "โต๊ะนี้เป็นถูกห้ามตามข้อบังคับประเทศอิตาลี โปรดลองเกมอื่นๆ ของเรา","servererror35": "ไม่สามารถวางเดิมพันแบบสะสมได้ สำหรับความช่วยเหลือเพิ่มเติมกรุณาติดต่อฝ่ายสนับสนุนลูกค้าที่ [supportemail]","servererror4": "โต๊ะเกมนี้เต็มอยู่ตอนนี้ <br>โปรดลองอีกครั้งในภายหลังหรือลองดูโต๊ะอื่นๆ ของเรา","servererror522": "การ '<b> ยืนยันรหัสผ่าน </b>' ข้อมูลไม่ตรง <br>กรุณาป้อนซ้ำช่องข้อมูล '<b> ยืนยันรหัสผ่าน </b>'","servererror57": "ข้อผิดพลาดทางเทคนิค การเดิมพันทั้งหมดของคุณถูกส่งกลับ","servererror586": "ความปลอดภัยขั้นต่ำสำหรับรหัสผ่านของคุณคือ 'อ่อนแอมาก': มันต้องมีความยาวอย่างน้อย 8 ตัวอักษร","servererror587": "ความปลอดภัยขั้นต่ำสำหรับรหัสผ่านของคุณคือ 'อ่อนแอ': รหัสผ่านต้องมีความยาวอย่างน้อย 8 ตัวอักษรและมีตัวอักษรทั้งตัวพิมพ์เล็กและตัวพิมพ์ใหญ่","servererror588": "ความปลอดภัยขั้นต่ำสำหรับรหัสผ่านของคุณคือ 'ปานกลาง': มันต้องมีความยาวอย่างน้อย 8 ตัวอักษร มีทั้งพิมพ์เล็กและตัวพิมพ์ใหญ่ และอย่างน้อยหนึ่งตัวเลข","servererror589": "ความปลอดภัยขั้นต่ำสำหรับรหัสผ่านของคุณคือ 'แข็งแรง': มันต้องมีความยาวอย่างน้อย 8 ตัวอักษรมีทั้งพิมพ์เล็กและตัวพิมพ์ใหญ่อย่างน้อยหนึ่งหมายเลข และอย่างน้อยหนึ่งอักขระพิเศษ","servererror590": "ความปลอดภัยขั้นต่ำสำหรับรหัสผ่านของคุณคือ 'ที่แข็งแกร่ง': มันต้องมีความยาวอย่างน้อย 12 ตัวอักษร มีทั้งตัวพิมพ์เล็กและตัวพิมพ์ใหญ่ มีอย่างน้อยหนึ่งตัวเลข และอย่างน้อยหนึ่งอักขระพิเศษ","servererror6": "ยังไม่มีการตอบสนองจากเซิร์ฟเวอร์เกม <br>กรุณาติดต่อฝ่ายบริการลูกค้าที่ [supportemail] สำหรับความช่วยเหลือในทันที <br>เราต้องขออภัยในความไม่สะดวกที่เกิดขึ้น","servererror610": "เกมนี้ไม่พร้อมให้บริการในขณะนี้ กรุณาลองเล่นเกมอื่นๆ ของเราแทน","servererror615": "เกมสะสมใช้ได้เฉพาะเมื่อเล่นด้วยเงินจริง","servererror616": "ที่นั่งนี้มีผู้เล่นคนอื่นนั่งอยู่แล้ว โปรดเลือกที่นั่งที่ว่างอยู่","servererror630": "เนื่องจากปัญหาทางเทคนิค เราไม่สามารถดำเนินการรอบนี้ให้เสร็จสมบูรณ์ได้ <br>คุณจะได้รับแจ้งเมื่อเกมได้รับการแก้ไขและยอดเงินคงเหลือก็จะได้รับของการปรับเปลี่ยนตามที่ควร","servererror644": "ขออภัย ฟีเจอร์นี้ยังไม่สามารถใช้ได้ขณะนี้","servererror647": "ขออภัย เดิมพันของคุณไม่เป็นที่ยอมรับ กรุณาติดต่อฝ่ายบริการลูกค้าที่ [supportemail] สำหรับความช่วยเหลือเพิ่มเติม","servererror650": "เกมนี้จะถูกจำกัดการเล่นต่อหนึ่งช่วงเซสชั่นในช่วงเวลาหนึ่ง กรุณาปิดเกมที่เปิดเล่นอยู่ของคุณ เพื่อที่จะเข้าเล่นที่โต๊ะใหม่","servererror680": "คุณมีเกมที่ไม่สมบูรณ์จากช่วงเซสชั่นการเล่นเกมก่อนหน้านี้ในโหมดเกมที่ยังไม่ได้รับการสนับสนุน กรุณาติดต่อฝ่ายบริการลูกค้าเพื่อขอความช่วยเหลือทันที เราต้องขออภัยในความไม่สะดวกที่เกิดขึ้น","servererror681": "รหัสผ่านใหม่ของคุณจะต้องแตกต่างจากรหัสผ่านเก่าของคุณ <br>ป้อนรหัสผ่านที่แตกต่างกันและลองอีกครั้ง","servererror700": "[casino] ได้มีจำนวนเงินสูงสุดของผู้เล่นภายในพร้อมกันแล้ว","servererror701": "เกินขีดจำกัดเดิมพันสูงสุดสำหรับผู้เล่นใน [casino] แล้ว","servererror720": "เกมนี้จะถูกจำกัด ให้เล่นได้เพียงครั้งละหนึ่งเซสชั่น","servererror801": "คุณมีอยู่แล้วดูโต๊ะนี้","servererror802": "ขออภัย ถึงจำนวนสูงสุดของผู้ชมโต๊ะแล้ว ตอนนี้คุณจะถูกตัดการเชื่อมต่อจากโต๊ะนี้","servererror803": "โต๊ะนี้เต็มอยู่ในปัจจุบัน ตอนนี้คุณจะถูกตัดการเชื่อมต่อออกจากโต๊ะนี้","servererror804": "ขออภัยโต๊ะนี้ไม่สามารถใช้ได้ โปรดเลือกโต๊ะอื่น","servererror805": "รอบที่ไม่ได้ใช้งาน","servererror806": "คำสั่งที่ไม่ถูกต้อง","servererror807": "ขออภัย คุณไม่สามารถเข้าร่วมโต๊ะนี้ได้เนื่องจากข้อจำกัด ของการเดิมพันจะไม่สามารถใช้ได้กับคุณ","servererror808": "เดิมพันซ้ำ","servererror809": "ถึงจำนวนรอบที่ไร้การตอบสนองสูงสุดที่ได้รับอนุญาตแล้ว ตอนนี้คุณจะถูกตัดการเชื่อมต่อออกจากโต๊ะนี้","servererror810": "ถึงจำนวนของรอบการรับชมสูงสุดที่ได้รับอนุญาตแล้ว ตอนนี้คุณจะถูกตัดการเชื่อมต่อจากโต๊ะนี้ ..","servererror811": "คุณไม่สามารถเข้าร่วมโต๊ะเดียวกันได้สองครั้ง","servererror812": "คุณกำลังดู","servererror813": "ที่นั่งมีผู้เล่นคนอื่นนั่งไปแล้ว โปรดเลือกที่นั่งที่ว่างอยู่","servererror814": "เดิมพันที่ไม่ได้รับยืนยันจะถูกลบออกจากโต๊ะ","servererror815": "ขออภัยโต๊ะนี้จะถูกปิด โปรดเลือกโต๊ะอื่น","servererror816": "ไม่มีผู้เล่นที่โต๊ะนี้ มันจะถูกปิดลงใน [1] วินาที","servererror817": "ขออภัย โต๊ะนี้ถูกปิด กรุณาเลือกโต๊ะอื่น","servererror818": "ไม่พบเกมที่ใช้งานอยู่","servererror819": "คุณไม่ได้รับอนุญาตให้เข้าร่วมเล่นที่โต๊ะนี้","servererror820": "ถึงเวลาสิ้นสุดของโต๊ะแล้ว และโต๊ะได้ถูกปิด","servererror821": "รหัสคำเชิญไม่ถูกต้อง โปรดตรวจสอบรหัสคำเชิญของคุณ","servererror822": "ชื่อโต๊ะที่ป้อนมีคำที่ไม่ได้รับอนุญาต กรุณาใส่ชื่อโต๊ะอื่น","servererror823": "ชื่อโต๊ะต้องอยู่ระหว่าง 1 ถึง 30 ตัวอักษรและสามารถมีได้เฉพาะตัวอักษร ตัวเลขและช่องว่าง","servererror824": "คุณไม่สามารถสร้างโต๊ะเพิ่มเติมเนื่องจากคุณได้สร้างโต๊ะกลุ่มส่วนตัวที่อยู่ในสถานะเปิดแล้วสามโต๊ะ","servererror825": "ชื่อโต๊ะที่ป้อนมีถูกใช้งานอยู่แล้ว กรุณาป้อนชื่อโต๊ะอื่น","servererror826": "แม่แบบกลุ่มส่วนตัวได้ถูกปิด โปรดเลือกแม่แบบอื่น","servererror827": "รหัสผ่านที่ป้อนมีคำที่ไม่ได้รับอนุญาต กรุณป้อนรหัสผ่านอื่น","servererror828": "คำเชิญจะต้องอยู่ระหว่าง 1 ถึง 10 ตัวอักษร และสามารถใช้ประกอบด้วยตัวอักษรและตัวเลขเท่านั้น","servererror832": "คุณไม่สามารถเข้าร่วมโต๊ะที่มีเดิมพันทั้งหมดเดียวกัน","servererror9": "โปรดเลือกชื่อเล่นที่แตกต่างกัน","setSelfExclusionDialog.cancelButton": "ยกเลิก","setSelfExclusionDialog.header": "การแยกตัวเองออกมา","setSelfExclusionDialog.okButton": "ใช้","setSelfExclusionDialog.periodRestrictionLabel": "เปิดใช้งานการแยกตนเอง","sky.error.undefined": "ข้อผิดพลาดที่เกิดขึ้นในเกม! คุณจะถูกนำไปยังล็อบบี้","sound.popup.dontShowMeAgain": "ไม่ต้องแสดงอีกครั้ง","sound.popup.text": "คุณต้องการที่จะเล่นแบบเปิดเสียงหรือไม่?","timeLossLimit.gambling.closeGame.button": "ออก","timeLossLimit.gambling.ignore.button": "ต่อ","timeLossLimit.gambling.warning": "คุณได้เล่นเป็นเวลา [minutes] นาทีนับตั้งแต่ตอนเริ่มช่วงเซสชั่นการเล่นการพนันเครื่องสล็อต ในช่วงเวลานี้คุณได้วางเดิมพันทั้งหมด [bets]","timeLossLimit.limitReached.loss.error": "คุณถึงขีดจำกัดการเล่นเสียสูงสุดต่อช่วงเซสชั่นของคุณ และเกมจะถูกปิดลงแล้ว ในระหว่างช่วงเซสชั่นครั้งนี้ คุณเดิมพันทั้งหมด [bets] และได้รับรางวัลทั้งหมด [wins]","timeLossLimit.limitReached.time.error": "คุณถึงขีดจำกัดเวลาสูงสุดในช่วงเซสชั่นการเล่นเกมของคุณ และเกมจะถูกปิดลงแล้ว ในระหว่างช่วงเซสชั่นการเล่นครั้งนี้คุณเดิมพันทั้งหมด [bets] และได้รับรางวัลทั้งหมด [wins]","timeLossLimit.losslimit.proximity.warning": "โปรดทราบ - คุณกำลังใกล้ขีดจำกัด การเล่นเสียสูงสุดต่อช่วงเซสชั่น","timeLossLimit.sessionsummary": "เซสชั่นเล่นเกมของคุณในปัจจุบันจะสิ้นสุด ในระหว่างช่วงเซสชั่นครั้งนี้คุณเดิมพันทั้งหมด [bets] และได้รับรางวัลทั้งหมด [wins]","timeLossLimit.timelimit.proximity.warning": "โปรดทราบ – คุณกำลังเข้าสู่ชีดจำกัดเวลาของช่วงเซสชั่น","timeLossLimit.tooHighBet.error": "เดิมพันของคุณไม่ได้รับการยอมรับในขณะที่มันอาจจะเกินขีด จำกัด การเล่นเสียของเซสชั่นของคุณ โปรดวางเดิมพันที่ต่ำกว่า","timeLossLimitDialog.betLimit.label": "ขีดจำกัด การเล่นเสีย","timeLossLimitDialog.betLimit.value.error.bigThanBalance": "ขีดจำกัดการเล่นเสียของคุณสูงกว่ายอดเงินของคุณ กรุณากรอกจำนวนเงินที่มีจำนวนต่ำลง หรือทำการฝากเงิน","timeLossLimitDialog.betLimit.value.error.notValid": "จำนวนเงินไม่ถูกต้อง กรุณาป้อนจำนวนที่ถูกต้อง","timeLossLimitDialog.cancelButton.label": "ยกเลิก","timeLossLimitDialog.gamblingNoticeInterval.label": "การเล่นการพนันแจ้งให้ทราบช่วงเวลา","timeLossLimitDialog.okButton.label": "ตกลง","timeLossLimitDialog.sessionTimer.label": "ที่จับเวลาช่วงเซสชั่น","timeLossLimitDialog.sessionTimer.placeholder": "แตะเพื่อเลือก","timeLossLimitDialog.timeLimit.value.error.empty": "ค่าตัวจับเวลาเซสชั่นที่ไม่ถูกต้อง กรุณาเลือกช่วงเวลาที่ถูกต้อง","timeLossLimitDialog.title": "ขีดจำกัดเกมสล็อต","uifeatures.demo.popup": "ลองตอนนี้ได้ฟรีๆ","uifeatures.real.popup": "ขณะนี้คุณกำลังเล่นด้วยเงินจริง","ukreg.autoplay.jackpotsinglewinlimit.message": "หยุดเล่นอัตโนมัติ: ชนะแจ๊คพ็อต ได้รางวัลมากกว่า [amount]","ukreg.autoplay.jackpotwinlimit.message": "เล่นอัตโนมัติหยุด: ชนะแจ๊คพ็อต","ukreg.autoplay.losslimit.message": "เล่นอัตโนมัติหยุด: ถึงขีดจำกัดสำหรับการเล่นเสียแล้ว","ukreg.autoplay.singlewinlimit.message": "หยุดการเล่นอัตโนมัติแล้ว: ชนะรางวัลมากกว่า [amount]","ukreg.cancelButtonText": "ออก","ukreg.confirmButtonText": "ตกลง","ukreg.jackPotLabel": "หยุดการเล่นโดยอัตโนมัติเมื่อชนะรางวัลแจ๊คพ็อต","ukreg.lossLabel": "หยุดการเล่นโดยอัตโนมัติเมื่อเสียเงินเดิมพันรวมกันถึงจำนวน:","ukreg.lossLimitExceedMessage": "ค่าขีดจำกัดการเสียเดิมพันรวมสูงเกินไป: ค่าสูงสุดที่อนุญาตคือ [amount]","ukreg.lossLimitInvalidMessage": "ค่าในช่องขีดจำกัดการเสียเดิมพันรวมไม่ถูกต้อง กรุณากรอกค่าที่ถูกต้อง","ukreg.lossLimitLowMessage": "ขีดจำกัดการเสียเดิมพันรวมที่ป้อน ต่ำเกินไปที่จะเริ่มการเล่นโดยอัตโนมัติ กรุณาป้อนค่าที่สูงขึ้น","ukreg.singleWinExceedMessage": "ค่าขีดจำกัดรางวัลเดี่ยวสูงเกินไป: ค่าสูงสุดที่อนุญาตคือ [amount]","ukreg.singleWinInvalidMessage": "ค่าในช่องขีดจำกัดรางวัลเดี่ยวไม่ถูกต้อง กรุณากรอกค่าที่ถูกต้อง","ukreg.singleWinLabel": "หยุดเมื่อได้รับรางวัลครั้งใดๆ ที่มากกว่าจำนวน:","ukreg.singleWinLowMessage": "ค่าขีดจำกัด เงินรางวัลที่ได้ต่อครั้งสูงเกินไป: จำนวนเงินสูงสุดที่อนุญาตคือ 999,999,999.00","ukreg.title": "การเล่นพนันอย่างมีความรับผิดชอบ – การเล่นโดยอัตโนมัติ","unit.time.10minutes": "10 นาที","unit.time.12hours": "12 ชั่วโมง","unit.time.15minutes": "15 นาที","unit.time.1day": "1 วัน","unit.time.1hour": "1 ชั่วโมง","unit.time.1month": "1 เดือน","unit.time.1week": "1 สัปดาห์","unit.time.20minutes": "20 นาที","unit.time.2hours": "2 ชั่วโมง","unit.time.30minutes": "30 นาที","unit.time.40minutes": "40 นาที","unit.time.50minutes": "50 นาที","unit.time.5minutes": "5 นาที","unit.time.60minutes": "60 นาที","unit.time.dimension.day.1": "วัน","unit.time.dimension.day.few": "วัน","unit.time.dimension.day.other": "วัน","unit.time.dimension.hour.1": "ชั่วโมง","unit.time.dimension.hour.few": "ชั่วโมง","unit.time.dimension.hour.other": "ชั่วโมง","unit.time.dimension.minute.1": "นาที","unit.time.dimension.minute.few": "นาที","unit.time.dimension.minute.other": "นาที","unit.time.dimension.month.1": "เดือน","unit.time.dimension.month.few": "เดือน","unit.time.dimension.month.other": "เดือน","unit.time.dimension.second.1": "ที่สอง","unit.time.dimension.second.few": "วินาที","unit.time.dimension.second.other": "วินาที","unit.time.dimension.week.1": "สัปดาห์","unit.time.dimension.week.few": "สัปดาห์ที่ผ่านมา","unit.time.dimension.week.other": "สัปดาห์ที่ผ่านมา","unsupported.landscape.text": "เกมถูกออกแบบมาสำหรับโหมดแนวตั้ง <br /> หันอุปกรณ์ของคุณให้อยู่ในแนวตั้งเพื่อเล่น","unsupported.landscape.title": "เล่น <br /> ในแนวตั้ง","unsupported.portrait.text": "เกมถูกออกแบบมาสำหรับโหมดแนวนอน <br /> เปิดอุปกรณ์ของคุณในแนวนอนเพื่อเล่น","unsupported.portrait.title": "เล่น <br /> ในแนวนอน","update.ie9.browser.checkbox": "ไม่ต้องแสดงอีกครั้ง","update.ie9.browser.message": "เกมจะทำงานได้ดีกว่าเมื่อใช้ Internet Explorer หรือ Chrome <br/>เวอร์ชั่นล่าสุด กรุณาคลิกที่นี่เพื่อทำการอัปเดต Internet Explorer.","bringMoney.mobilePrimarySpinsCurrency" : "การหมุนฟรี","bringMoney.multiBonusTitle" : "เลือกจำนวนการหมุนฟรี<br/> และเครดิตเล่นสนุกที่จะนำไปที่เกม","desktop.label.freeSpins" : "การหมุนฟรี","bringMoney.desktopSpinsCurrency" : "การหมุนฟรี","multiplayerlobby.avatar": "อวตาร","multiplayerlobby.join": "เข้าร่วม","multiplayerlobby.join.table": "เข้าร่วมโต๊ะ","multiplayerlobby.limits": "ขีดจำกัด","multiplayerlobby.my.account": "บัญชีของฉัน","multiplayerlobby.nickname": "ชื่อเล่น","multiplayerlobby.player.profile": "โปร์ไฟล์ของผู้เล่น","multiplayerlobby.players": "ผู้เล่น","multiplayerlobby.save": "กู้ได้","multiplayerlobby.status": "สถานะ","multiplayerlobby.table.name": "ชื่อโต๊ะ","multiplayerlobby.timer": "จับเวลา","multiplayerlobby.show.country": "แสดงประเทศของฉัน","message.unexpectedError.501" : "น่าเสียดาย ไม่มีเกมนี้ในโหมดเล่นสนุก กรุณาเข้าสู่ระบบก่อน","multiplayerlobby.playerprofile.error.nickname.3" : "ชื่อเล่นจะต้องสั้นกว่าหรือเท่ากับ 20 อักขระ","multiplayerlobby.playerprofile.error.nickname.2" : "ต้องป้อนข้อมูลลงในเขตข้อมูลชื่อเล่น","multiplayerlobby.playerprofile.error.nickname.4" : "เกิดข้อผิดพลาดกับการดาวน์โหลดชื่อเล่นของท่าน","multiplayerlobby.playerprofile.error.avatar.2" : "ไม่สามารถอัปเดตอวตารได้","multiplayerlobby.switch.to.another.game" : "ท่านแน่ใจหรือไม่ว่าต้องการเปลี่ยนเกม?","multiplayerlobby.playerprofile.error.avatar.1" : "เกิดข้อผิดพลาดกับการดาวน์โหลดอวตารของท่าน","multiplayerlobby.playerprofile.error.status.2" : "เขตข้อมูลสถานะจะต้องสั้นกว่าหรือเท่ากับ 20 อักขระ","multiplayerlobby.nickname.update.error" : "หากต้องการเปลี่ยนชื่อเล่น กรุณาติดต่อผู้ดูแลระบบ","multiplayerlobby.playerprofile.error.status.3" : "เกิดข้อผิดพลาดกับการดาวน์โหลดสถานะของท่าน","multiplayerlobby.playerprofile.error.showcountry.2" : "เกิดข้อผิดพลาดกับการดาวน์โหลดประเทศที่แสดงให้เห็นของคุณ","multiplayerlobby.playerprofile.error.showcountry.1" : "ไม่สามารถอัปเดตประเทศที่แสดงให้เห็นได้","multiplayerlobby.playerprofile.error.status.1" : "ไม่สามารถอัปเดตสถานะผู้เล่นได้","multiplayerlobby.stay" : "อยู่","multiplayerlobby.change" : "เปลี่ยน","multiplayerlobby.join.error.no.nickname": "ขออภัย คุณไม่สามารถเข้าร่วมเกมได้โดยไม่มีชื่อเล่น","multiplayerlobby.playerprofile.error.nickname.1" : "กรุณาใช้เพียงตัวอักษรและตัวเลข","leaderboard.notification.leaderboard.completed": "ตารางคะแนนผู้นำเสร็จสมบูรณ์","leaderboard.notification.leaderboard.finished": "ตารางคะแนนผู้นำ","leaderboard.notification.leaderboard.cancelled": "ตารางคะแนนผู้นำถูกยกเลิก","leaderboard.notification.leaderboard.started": "ตารางคะแนนผู้นำเริ่มขึ้นแล้ว","leaderboard.notification.active": "ทำงาน","leaderboard.notification.starts.in": "เริ่มต้นในอีก"}
}