{"texts": {"GAME_CATEGORY_FEATURED": "Ditampilkan","GAME_CATEGORY_LIVE": "Secara Langsung","GAME_CATEGORY_NEW": "Baharu","GAME_CATEGORY_POKER": "Poker","GAME_CATEGORY_SCRATCH": "Gores","GAME_CATEGORY_SLOTS": "Slot","GAME_CATEGORY_VIDEO_POKER": "Video poker","affiliate.button.casino": "Kasino","affiliate.button.dl": "Muat turun","blockScreen.close.split": "Sila padamkan Pandangan Belahan untuk meneruskan permainan","blockScreen.doubleTap": "Sila dwi ketik untuk bermain dalam saiz normal","blockScreen.singleTap": "Sila ketik pada skrin untuk meneruskan permainan","blockScreen.swipeDown": "↓ Sila, leret ke bawah ↓","blockScreen.swipeUp": "↑ Leret ke atas untuk bermain dalam skrin penuh ↑","blockScreen.enterFullscreen": "Sentuh untuk bermain di skrin penuh","bringMoney.aamsCode": "Kod sesi AAMS:","bringMoney.amountPlaceholder": "Bawa wang ke meja","bringMoney.bring": "Bawa ke permainan","bringMoney.casinoBalance": "Baki kasino:","bringMoney.failure.message": "Penghantaran gagal","bringMoney.fsbTitle": "Pilih jumlah Putaran Percuma<br/>untuk dibawa ke permainan","bringMoney.notEnough.message": "Anda tidak mempunyai dana yang mencukupi dalam baki anda","bringMoney.participationCode": "Participation code:","bringMoney.realTitle": "Pilih jumlah wang sebenar<br/>untuk dibawa ke permainan","bringMoney.ropCode": "Kod penyertaan undang-undang terakhir ialah","bringMoney.ropTimestamp": "Kod dicipta:","bringMoney.sessionLimit.message": "Anda tidak boleh membawa masuk lebih daripada {0} dalam satu sesi","bringMoney.success.message": "Penghantaran berjaya <br/>Kod penyertaan anda daripada sesi ini ialah:\n{0}","bringMoney.tableBalance": "Baki permainan:","bringMoney.transactionLimit.message": "Anda tidak boleh membawa masuk lebih daripada {0}","brokenGames.unfinishedGames": "Anda mempunyai permainan yang belum selesai di Kasino.","brokenGames.likeToResume": "Adakah anda ingin meneruskannya?","brokenGames.selectGame": "Sila pilih permainan untuk disambung semula.","desktop.caption.audioSettings": "Tetapan Audio","desktop.caption.generalSettings": "Tetapan Umum","desktop.fsb.ButtonText": "Klik disini","desktop.fsb.notificationText": "Anda mempunyai putaran percuma! Klik di sini untuk menggunakannya sekarang!","desktop.goldenchip.ButtonText": "Info","desktop.goldenchip.notificationText": "Ketik untuk memilih Cip Emas dari dulang Cip Emas di bahagian bawah jadual","desktop.goldenchip.v2.notificationText": "Anda mempunyai Golden Chips yang tersedia.Golden Chips hanya untuk tujuan pertaruhan sahaja dan akan ditolak daripada kemenangan anda selepas setiap pusingan pertaruhan.","desktop.label.gameSounds": "Bunyi permainan","desktop.label.skipIntro": "Langkau intro video","desktop.label.splashScreen": "Jangan tunjukkan skrin percikan","desktop.label.volume": "Volum","desktop.loading.gameBy": "PERMAINAN OLEH","desktop.loading.loadingGame": "Memuat turun permainan...","desktop.loading.proudlyPresents": "DENGAN BANGGANYA MEMPERSEMBAHKAN","desktop.promotetoreal.continuePlaying": "Teruskan Bermain","desktop.promotetoreal.playForReal": "BERMAIN UNTUK WANG SEBENAR","desktop.promotetoreal.text": "Nampaknya anda menang berturut-turut. Adakah anda ingin bermain dengan wang sebenar?","desktopGameAdvisor.header": "Perlukan bantuan mencari lebih permainan?","desktopGameAdvisor.hideButton": "Jangan paparkan mesej ini lagi","desktopGameAdvisor.suggestions": "Tinjau cadangan berikut","download.installFlashPlayer.linkText": "Adobe.com","download.installFlashPlayer.part1": "Untuk melancarkan kasino, anda mesti mempunyai Adobe Flash Player yang dipasang dalam sistem anda.","download.installFlashPlayer.part2.1": "Klik di sini untuk melawat","download.installFlashPlayer.part2.2": "sekarang.","download.installFlashPlayer.part3": "Selepas memasang pemain, sila lancarkan semula kasino.","error.id.title": "ID Permainan tidak betul","error.item.unavailable": "Maaf tetapi item ini kini tidak tersedia. Sila cuba sebentar lagi.","error.malformed.back.url": "URL kembali cacat bentuk. Anda tidak boleh memulakan permainan","gameAdvisor.header": "Penasihat Permainan","gameAdvisor.hideButton": "sembunyikan sementara","gameAdvisor.mostPopular": "Paling popular","gameAdvisor.mostPopular_1": "Mesin Slot","gameAdvisor.mostPopular_2": "Meja Permainan","gameAdvisor.mostPopular_3": "Permainan Kad","gameAdvisor.mostPopular_4": "Video Poker","gameAdvisor.mostPopular_5": "Permainan Arked","gameAdvisor.mostPopular_6": "Permainan Progresif","gameAdvisor.mostPopular_7": "Permainan Progresif","gameAdvisor.newGames": "Permainan Baharu","gameAdvisor.otherGames": "Permainan Lain","gameAdvisor.otherPlayers": "Pemain Lain","gameAdvisor.similarGames": "Permainan Yang Serupa","gameAdvisor.suggestions": "Tinjau cadangan berikut","gameConfigurationError1": "Malangnya permainan ini mempunyai masalah konfigurasi. Anda akan diarahkan ke lobi. <br>Sila hubungi Sokongan Pelanggan<br> atau cuba permainan lain.","gameConfigurationError2": "Malangnya ciri ini tidak ada dalam permainan ini disebabkan masalah tatarajah. <br>Sila hubungi Sokongan Pelanggan<br> atau cuba ciri ini dalam permainan lain.","goldenChip.notification": "{count} CIP EMAS BERNILAI {amount} BOLEH DIDAPATI DALAM PERMAINAN INI","label.concession": "Konsesi","label.extend": "Panjangkan","label.extend.for": "%time% minit","label.forgot": "Terlupa kata laluan anda?","label.joinNow": "Sertai Sekarang","label.logIn": "Log Masuk","label.logout": "Log keluar","label.mode.fun": "BERMAIN UNTUK SUKA-SUKA","label.mode.real": "BETUL-BETUL BERMAIN","label.notInUse": "Tidak digunakan","label.practice": "Bermain dalam mod Latihan","label.rememberPass": "Ingat Kata Laluan","limits.state.title": "HAD:","loading.game.title": "Memuatkan<br />","lobbyInGame.categoryName.featured": "Ditampilkan","lobbyInGame.categoryName.jackpots": "Cepumas","lobbyInGame.categoryName.slots": "Slot","lobbyInGame.categoryName.tableGames": "Meja Permainan","lobbyInGame.title": "Permainan","mainMenu.account": "Akaun saya","mainMenu.bank": "Bank","mainMenu.bonusTerms": "Terma Bonus","mainMenu.bringMoney": "Bawa Wang","mainMenu.chat": "Bual","mainMenu.compPoints": "Mata Comp","mainMenu.deposit": "Deposit","mainMenu.depositLimit": "Had Deposit","mainMenu.fullScreen": "Skrin Penuh","mainMenu.fundsTransfer": "Pindahkan Dana","mainMenu.gameVersion": "Versi Permainan","mainMenu.help": "Bantuan","mainMenu.history": "Sejarah","mainMenu.inviteFriend": "Jemput Rakan","mainMenu.licenseeInfo": "Maklumat pemegang lesen","mainMenu.limits": "Had","mainMenu.lobby": "Lobi","mainMenu.multiplayerLobby": "Lobi Pemain Berbilang","mainMenu.logout": "Log keluar","mainMenu.options": "Pilihan","mainMenu.panic": "Panik","mainMenu.paytable": "Meja pembayaran","mainMenu.playForReal": "Betul-betul Bermain","mainMenu.promotions": "Promosi","mainMenu.quickDeposit": "Deposit Pantas","mainMenu.respGaming": "Permainan Bertanggungjawab","mainMenu.responsibleGamingApproval": "Bertanggungjawab terhadap Permainan","mainMenu.responsibleGamingSngc": "Diluluskan oleh SNGC","mainMenu.reverse.withdraw": "Membalikkan Pengeluaran","mainMenu.selfExclusion": "Pengecualian sendiri","mainMenu.settings": "Tetapan","mainMenu.share": "Kongsi","mainMenu.shareRefer": "Rujuk rakan","mainMenu.sound": "Bunyi","mainMenu.support": "Sokongan","mainMenu.timeOut": "Masa Rehat","mainMenu.transactions": "Urusniaga","mainMenu.withdraw": "Pengeluaran","menu.main.left.right.hand": "Tangan kiri/kanan","message.autoplayFinished": "Automain berhenti","message.browserMode": "Adakah anda pasti anda mahu menukar kepada mod layari, ini akan memerlukan memuat semula permainan dan permainan tidak akan disimpan","message.button.accept": "Diterima","message.button.cancel": "Batal","message.button.close": "Tutup","message.button.decline": "Ditolak","message.button.later": "Kemudian","message.button.no": "Tidak","message.button.ok": "Ok","message.button.play_fun": "Bermain untuk Suka-suka","message.button.reload": "Isi semula","message.button.relogin": "Cuba semula","message.button.update": "Kemas Kini","message.button.yes": "Ya","message.button.resume": "Teruskan","message.connError": "Tidak dapat menyambung kepada pelayan. Sila cuba lagi kemudian. Permainan ini akan dimuatkan dalam Mod Seronok","message.connectionLost": "Malangnya terdapat masalah sambungan rangkaian.<br/> Sila, cuba muat turun semula permainan atau pilih yang lain.","message.exit": "Terima kasih kerana bermain Kasino [casinoname]!<br/>Adakah anda benar-benar mahu keluar?","message.fsbError": "Putaran Percuma tidak boleh didapati pada masa ini. Sila cuba lagi kemudian","message.gameNotLoaded": "Permainan tidak dapat memuat turun. Sila cuba lagi atau pilih permainan yang lain. Jika masalah berterusan, sila hubungi perkhidmatan pelanggan kami.","message.incorrectUser": "Nama pengguna atau kata laluan yang salah dimasukkan. Sila sahkan maklumat akaun anda dan cuba lagi","message.insufDep": "Baki tidak mencukupi. Adakah anda ingin untuk membuat deposit?","message.insufReal": "Baki tidak mencukupi. Adakah anda ingin bermain untuk wang sebenar?","message.insufTable": "Baki tidak mencukupi. Adakah anda ingin membawa wang tambahan ke meja?","message.loggedOut": "Anda telah log keluar. Jika anda tidak dapat log masuk semula sila hubungi perkhidmatan pelanggan kami.","message.login.failed": "Log masuk gagal. Kami akan mengarahkan anda semula ke halaman lobi.","message.login.retry": "Tidak dapat log masuk","message.loginError": "Sesi tamat, sila log masuk semula","message.needLogin": "Sila log masuk ke lobi untuk bermain untuk wang sebenar.","message.sessionClosed": "Anda akan diarahkan semula ke lobi.","message.networkError": "Ralat rangkaian berlaku. Permainan ini akan ditutup.","message.shutdownNotification": "Sistem sedang menjalani penyelenggaraan. Anda akan terputus sambungan dalam {timeLeft} minit. Untuk terus bermain, sila login-semula ke kasino.","message.panicMessage": "Adakah anda pasti anda mahu mengecualikan diri untuk 12 jam seterusnya?","message.reconnect": "Sambungan terputus, menyambung semula","message.selectGame": "Pilih permainan untuk menggunakan bonus","message.server.disconnect": "Terputus hubungan daripada pelayan. Permainan ini akan dimuatkan dalam Mod Seronok.","message.single.session": "Permainan dengan pengguna ini telah dibuka pada peranti lain","message.spinError": "Ralat putaran permainan. Sila cuba lagi","message.termsAndConditions": "Terma dan Syarat","mg.label.balance": "BAKI","mg.label.demo": "DEMO","mini.caption.settings": "Tetapan","mini.label.disableWarnings": "Menyahdayakan amaran","mini.label.volume": "VOLUM","nickname.error": "Sila, pilih nama samaran lain.","nickname.message": "Selamat datang! <br> Pilih nama samaran anda untuk kasino!","nickname.note": "Nota: Untuk menukar nama samaran anda, hubungi Perkhidmatan Pelanggan","promotionsTitle": "Promosi","quickMenu.inGameLobby": "","quickMenu.notification.freeSpin": "[count] PUTARAN PERCUMA TERSEDIA DALAM PERMAINAN INI","quickMenu.notification.promoGadget": "PROMOSI BAHARU TERSEDIA","quickMenu.promoGadget": "","realitycheck.message.button.continue": "Teruskan","realitycheck.message.button.stop": "Henti","servererror10": "Nama samaran ini sedang digunakan oleh pemain lain.<br>Masukkan nama samaran yang berbeza dan cuba lagi.","servererror1018": "Anda hanya boleh bermain dalam satu rangkaian pada satu masa. Sila tutup semua permainan dan tinggalkan senarai menunggu sebelum anda menukar rangkaian.","servererror104": "Sesi anda tidak sah","servererror108": "Baki Tidak Mencukupi untuk pertaruhan yang diminta. Sila buat pertaruhan yang lebih rendah atau sila lawati <u><a href=\\\"htcmd:switchtogame?code=cashier\\\">Cashier<\\/a><\\/u> untuk membuat deposit.","servererror178": "Log masuk gagal. Kami akan mengarahkan anda semula ke halaman lobi.","servererror113": "Disebabkan masalah teknikal, kami kini tidak dapat menyelesaikan pusingan ini.<br>Anda boleh menyelesaikan permainan atau melihat keputusan dalam sejarah permainan kemudian, sebaik sahaja isu itu telah diselesaikan.<br>Sila hubungi Sokongan Pelanggan di [supportemail] untuk bantuan lanjut.<br>Kami memohon maaf atas sebarang kesulitan yang timbul.","servererror13": "Maaf, pelayan cepumas progresif tidak bertindak balas pada masa ini.<br>Sila cuba lagi kemudian.<br> Sementara itu, cuba bermain beberapa permainan tetap kami.","servererror147": "Anda perlu menyelesaikan permainan anda yang tidak lengkap sebelum bermain permainan yang baharu","servererror15": "Maaf, pasukan Sokongan Pelanggan kini tidak tersedia.<br>Sila cuba semula dalam beberapa minit.<br>Kami memohon maaf atas sebarang kesulitan yang timbul.","servererror16": "Pembahagi kini tiada di meja. Sila cuba beberapa meja kami yang lain.","servererror17": "Maaf, tiada respons daripada pelayan permainan.<br>Jika masalah berterusan, anda boleh terus bermain dalam mod luar talian sahaja.<br>Sila hubungi Sokongan Pelanggan di [supportemail] untuk bantuan segera.<br>Kami memohon maaf atas sebarang kesulitan yang timbul.","servererror204": "Pembahagi tiada di meja.","servererror233": "Pertaruhan anda tidak disahkan untuk pusingan permainan ini disebabkan oleh masalah dengan sambungan internet anda. Sila cuba lagi dalam pusingan permainan seterusnya. Jika masalah berterusan, anda mungkin perlu menghubungi penyedia perkhidmatan internet anda untuk mendapatkan bantuan.","servererror27": "Ralat penyegerakan dalaman telah berlaku. Sila hubungi Sokongan Pelanggan di [supportemail] untuk bantuan lanjut.<br>Kami memohon maaf atas sebarang kesulitan yang timbul","servererror28": "Permainan ini kini ditutup. Sila cuba beberapa permainan kami yang lain.","servererror29": "Anda tidak boleh menyertai meja permainan secara langsung yang sama dua kali.","servererror31": "Disebabkan oleh masalah komunikasi, pertaruhan anda tidak sempat didaftarkan. Sila tutup tetingkap permainan dan mulakan semula permainan. Untuk mengelakkan masalah ini pada masa akan datang, sila cuba sahkan pertaruhan anda sebaik sahaja pusingan permainan bermula.","servererror33": "Anda tidak mempunyai wang sebenar yang mencukupi untuk meletakkan tip.","servererror332": "Anda sedang cuba untuk menduduki lebih kerusi berbanding yang dibenarkan.","servererror334": "Meja ini dilarang oleh Peraturan Itali. Sila cuba beberapa permainan kami yang lain.","servererror35": "Pertaruhan sampingan progresif tidak boleh dibuat. Untuk bantuan lanjut, sila hubungi sokongan pelanggan di [supportemail].","servererror4": "Meja permainan ini kini penuh.<br>Sila cuba lagi kemudian atau tinjau meja kami yang lain","servererror522": "Ruang '<b>Sahkan Kata Laluan</b>' tidak sepadan.<br>Sila masukkan semula medan '<b>Sahkan Kata Laluan</b>'.","servererror57": "Kesilapan teknikal. Semua pertaruhan anda telah dikembalikan","servererror586": "Kekuatan minimum untuk kata laluan anda adalah 'Sangat Lemah': ia mestilah sekurang-kurangnya 8 aksara panjang","servererror587": "Kekuatan minimum untuk kata laluan anda adalah 'Lemah': ia mestilah sekurang-kurangnya 8 aksara panjang, mengandungi kedua-dua huruf kecil dan huruf besar.","servererror588": "Kekuatan minimum kata laluan anda adalah 'Sederhana': ia mestilah sekurang-kurangnya 8 aksara panjang, mengandungi kedua-dua huruf kecil dan huruf besar, dan sekurang-kurangnya satu nombor.","servererror589": "Kekuatan minimum untuk kata laluan anda ialah 'Kuat': ia mestilah sekurang-kurangnya 8 aksara panjang, mengandungi kedua-dua huruf kecil dan huruf besar, sekurang-kurangnya satu nombor, dan sekurang-kurangnya satu aksara khas.","servererror590": "Kekuatan minimum untuk kata laluan anda ialah 'Paling Kuat': ia mestilah sekurang-kurangnya 12 aksara panjang, mengandungi kedua-dua huruf kecil dan huruf besar, sekurang-kurangnya satu nombor, dan sekurang-kurangnya satu aksara khas.","servererror6": "Maaf, tiada respons daripada pelayan permainan.<br>Sila hubungi Sokongan Pelanggan di [supportemail] untuk bantuan segera.<br>Kami memohon maaf atas sebarang kesulitan yang timbul.","servererror610": "Permainan ini kini tidak tersedia. Sila cuba beberapa permainan kami yang lain","servererror615": "Permainan Progresif hanya tersedia apabila bermain untuk Wang Sebenar","servererror616": "Kerusi ini sudah diambil oleh pemain lain. Sila pilih tempat duduk kosong","servererror630": "Disebabkan isu-isu teknikal, kami tidak dapat melengkapkan pusingan ini.<br>Anda akan diberitahu sebaik sahaja permainan telah diselesaikan, dan baki anda akan dilaraskan dengan sewajarnya.","servererror644": "Maaf, ciri ini tidak tersedia buat masa ini","servererror647": "Maaf, pertaruhan anda tidak diterima. Sila hubungi Sokongan Pelanggan di[supportemail] untuk bantuan lanjut.","servererror650": "Permainan ini terhad kepada satu sesi main pada satu masa. Sila tutup permainan aktif anda untuk memasuki meja baharu.","servererror680": "Anda mempunyai permainan tidak lengkap daripada sesi permainan terdahulu dalam mod permainan yang tidak disokong pada masa ini. Sila hubungi sokongan pelanggan untuk bantuan segera. Kami memohon maaf atas sebarang kesulitan yang timbul.","servererror681": "Kata laluan baharu anda mesti berbeza daripada kata laluan lama anda.<br>Masukkan kata laluan yang berbeza dan cuba lagi.","servererror700": "[casino] telah mencapai jumlah maksimum pemain dalaman secara serentak","servererror701": "Had pertaruhan maksimum untuk pemain dalaman untuk [casino] telah melebihi.","servererror720": "Permainan ini terhad kepada satu sesi pada satu masa.","servererror801": "Anda sudah menonton meja ini.","servererror802": "Maaf, bilangan maksimum penonton untuk meja ini telah dicapai. Anda kini sedang diputuskan sambungan daripada meja ini.","servererror803": "Meja ini kini sudah penuh. Anda kini sedang diputuskan sambungan daripada meja ini.","servererror804": "Maaf, meja ini tidak tersedia. Sila pilih meja lain","servererror805": "Pusingan tidak aktif","servererror806": "Tindakan tidak sah","servererror807": "Maaf, anda tidak boleh menyertai meja itu kerana had pertaruhan tidak tersedia kepada anda","servererror808": "Pertaruhan pendua.","servererror809": "Bilangan maksimum pusingan melahu yang dibenarkan telah dicapai. Anda kini sedang diputuskan sambungan daripada meja ini.","servererror810": "Bilangan maksimum melihat pusingan yang dibenarkan telah dicapai. Anda kini sedang diputuskan sambungan daripada meja ini..","servererror811": "Anda tidak boleh menyertai meja yang sama dua kali","servererror812": "Anda sedang menonton","servererror813": "Kerusi ini sudah diambil oleh pemain lain. Sila pilih tempat duduk kosong","servererror814": "Pertaruhan yang tidak disahkan akan dikeluarkan daripada meja","servererror815": "Maaf, meja ini akan ditutup. Sila pilih meja lain","servererror816": "Tiada pemain di meja ini. Ia akan ditutup dalam [1] saat.","servererror817": "Maaf, meja ini telah ditutup. Sila pilih meja lain.","servererror818": "Permainan aktif tidak ditemui.","servererror819": "Anda tidak mempunyai kebenaran untuk menyertai meja ini.","servererror820": "Masa akhir meja telah dicapai dan meja telah ditutup.","servererror821": "Kod jemputan tidak betul. Sila sahkan kod jemputan anda.","servererror822": "Nama meja yang dimasukkan mengandungi perkataan yang tidak dibenarkan. Masukkan nama meja yang berbeza.","servererror823": "Nama meja mestilah antara 1 hingga 30 aksara panjang dan hanya boleh mengandungi huruf, nombor dan ruang.","servererror824": "Anda tidak boleh mencipta lebih banyak meja kerana anda telahpun mencipta tiga kumpulan meja peribadi yang kini dalam status terbuka","servererror825": "Nama meja yang dimasukkan telah pun digunakan. Masukkan nama meja yang berbeza.","servererror826": "Templat kumpulan peribadi telah ditutup. Sila pilih templat yang berbeza.","servererror827": "Kata laluan yang dimasukkan mengandungi perkataan yang tidak dibenarkan. Masukkan kata laluan yang berbeza.","servererror828": "Kod jemputan mestilah antara 1 hingga 10 aksara panjang dan hanya boleh mengandungi huruf dan nombor.","servererror832": "Anda tidak boleh menyertai meja dengan jumlah pertaruhan yang sama.","servererror9": "Sila pilih Nama samaran yang berbeza","setSelfExclusionDialog.cancelButton": "Batal","setSelfExclusionDialog.header": "Pengecualian Sendiri","setSelfExclusionDialog.okButton": "Gunakan","setSelfExclusionDialog.periodRestrictionLabel": "Dayakan pengecualian sendiri","sky.error.undefined": "Ralat permainan berlaku! Anda akan diarahkan ke lobi.","sound.popup.dontShowMeAgain": "Jangan tunjukkan kepada saya lagi","sound.popup.text": "Adakah anda mahu bermain dengan bunyi?","timeLossLimit.gambling.closeGame.button": "Tinggalkan","timeLossLimit.gambling.ignore.button": "Teruskan","timeLossLimit.gambling.warning": "Anda kini telah bermain selama [minutes] minit sejak sesi perjudian mesin slot ini telah bermula. Semasa tempoh ini anda mempunyai jumlah pertaruhan sebanyak [bets]","timeLossLimit.limitReached.loss.error": "Anda telah mencapai had kerugian sesi maksimum dan sekarang permainan akan ditutup. Semasa sesi ini anda bertaruh sejumlah [bets] dan memenangi sejumlah [wins]","timeLossLimit.limitReached.time.error": "Anda telah mencapai had masa sesi maksimum anda dan sekarang permainan akan ditutup. Semasa sesi ini anda bertaruh sejumlah [bets] dan memenangi sejumlah [wins]","timeLossLimit.losslimit.proximity.warning": "Sila ambil perhatian – anda sedang menghampiri had kerugian sesi","timeLossLimit.sessionsummary": "Sesi perjudian semasa anda sekarang akan tamat. Semasa sesi ini anda bertaruh sejumlah [bets] dan memenangi sejumlah [wins]","timeLossLimit.timelimit.proximity.warning": "Sila ambil perhatian – anda sedang menghampiri had kerugian sesi","timeLossLimit.tooHighBet.error": "Pertaruhan anda tidak boleh diterima kerana ia berpotensi melebihi had hilang sesi anda. Sila membuat pertaruhan yang lebih kecil","timeLossLimitDialog.betLimit.label": "Had kerugian","timeLossLimitDialog.betLimit.value.error.bigThanBalance": "Had kerugian anda lebih tinggi berbanding baki anda. Sila masukkan jumlah yang lebih kecil atau buat deposit.","timeLossLimitDialog.betLimit.value.error.notValid": "Jumlah tidak sah. Sila masukkan semula jumlah yang sah.","timeLossLimitDialog.cancelButton.label": "Batal","timeLossLimitDialog.gamblingNoticeInterval.label": "Selang Notis Perjudian","timeLossLimitDialog.okButton.label": "Ok","timeLossLimitDialog.sessionTimer.label": "Pemasa Sesi","timeLossLimitDialog.sessionTimer.placeholder": "Ketik untuk pilih","timeLossLimitDialog.timeLimit.value.error.empty": "Nilai Pemasa Sesi Tidak Sah. Sila pilih tempoh masa yang sah","timeLossLimitDialog.title": "Had Permainan Slot","uifeatures.demo.popup": "Cubalah sekarang secara percuma","uifeatures.real.popup": "Anda kini bermain dengan wang sebenar","ukreg.autoplay.jackpotsinglewinlimit.message": "Automain berhenti: cepumas dimenangi. Lebih daripada [amount] dimenangi","ukreg.autoplay.jackpotwinlimit.message": "Automain berhenti: cepumas dimenangi.","ukreg.autoplay.losslimit.message": "Automain berhenti: had kerugian dicapai.","ukreg.autoplay.singlewinlimit.message": "Autoplay berhenti: lebih daripada [amount] dimenangi.","ukreg.cancelButtonText": "Keluar","ukreg.confirmButtonText": "Sahkan","ukreg.jackPotLabel": "Berhenti automain pada kemenangan cepumas","ukreg.lossLabel": "Henti automain pada kerugian keseluruhan:","ukreg.lossLimitExceedMessage": "Kerugian tunggal terlalu tinggi mengehadkan nilai: Jumlah maksimum yang dibenarkan adalahh [amount]","ukreg.lossLimitInvalidMessage": "Jumlah tidak sah dalam ruang had kerugian. Sila masukkan jumlah yang sah.","ukreg.lossLimitLowMessage": "Had kerugian yang dimasukkan terlalu rendah untuk memulakan auto main. Sila masukkan jumlah yang lebih besar.","ukreg.singleWinExceedMessage": "Kemenangan tunggal terlalu tinggi mengehadkan nilai: Jumlah maksimum yang dibenarkan adalah [amount]","ukreg.singleWinInvalidMessage": "Jumlah tidak sah dalam ruang had kemenangan tunggal. Sila masukkan jumlah yang sah.","ukreg.singleWinLabel": "Berhenti pada kemenangan tunggal lebih daripada:","ukreg.singleWinLowMessage": "Nilai kemenangan tunggal terlalu tinggi: Jumlah maksimum yang dibenarkan adalah [amount]","ukreg.title": "Ertaruhan Bertanggungjawab - Automaian","unit.time.10minutes": "10 minit","unit.time.12hours": "12 jam","unit.time.15minutes": "15 minit","unit.time.1day": "1 hari","unit.time.1hour": "1 jam","unit.time.1month": "1 bulan","unit.time.1week": "1 minggu","unit.time.20minutes": "20 minit","unit.time.2hours": "2 jam","unit.time.30minutes": "30 minit","unit.time.40minutes": "40 minit","unit.time.50minutes": "50 minit","unit.time.5minutes": "5 minit","unit.time.60minutes": "60 minit","unit.time.dimension.day.1": "hari","unit.time.dimension.day.few": "hari","unit.time.dimension.day.other": "hari","unit.time.dimension.hour.1": "jam","unit.time.dimension.hour.few": "jam","unit.time.dimension.hour.other": "jam","unit.time.dimension.minute.1": "minit","unit.time.dimension.minute.few": "minit","unit.time.dimension.minute.other": "minit","unit.time.dimension.month.1": "bulan","unit.time.dimension.month.few": "bulan","unit.time.dimension.month.other": "bulan","unit.time.dimension.second.1": "saat","unit.time.dimension.second.few": "saat","unit.time.dimension.second.other": "saat","unit.time.dimension.week.1": "minggu","unit.time.dimension.week.few": "minggu","unit.time.dimension.week.other": "minggu","unsupported.landscape.text": "PERMAINAN INI DIREKA UNTUK MOD POTRET. <br/>PUSINGKAN PERANTI ANDA SECARA MENEGAK UNTUK BERMAIN.","unsupported.landscape.title": "BERMAIN<br />DALAM POTRET","unsupported.portrait.text": "PERMAINAN INI DIREKA UNTUK MOD LANDSKAP.<BR />PUSINGKAN PERANTI ANDA SECARA MELINTANG UNTUK BERMAIN","unsupported.portrait.title": "BERMAIN<br />DALAM LANDSKAP","update.ie9.browser.checkbox": "Jangan tunjukkan lagi kepada saya","update.ie9.browser.message": "Permainan berfungsi dengan lebih baik dalam versi terkini Internet Explorer atau Chrome. <br/>Sila klik di sini untuk mengemaskini Internet Explorer.","bringMoney.mobilePrimarySpinsCurrency" : "Putaran Percuma","italyDesktopGameBonusNotification" : "Anda kini bermain dengan permainan bonus. Klik butang pada panel bawah untuk beralih pada wang sebenar","bringMoney.multiBonusTitle" : "Pilih jumlah kredit putaran percuma<br/>dan seronok untuk dibawa ke permainan","desktop.label.freeSpins" : "PUTARAN PERCUMA","bringMoney.desktopSpinsCurrency" : "PUTARAN PERCUMA","italyDesktopRealMoneyNotification" : "Anda kini bermain dengan wang sebenar. Klik butang di bawah panel untuk beralih ke permainan bonus","multiplayerlobby.avatar": "Avatar","multiplayerlobby.join": "Sertai","multiplayerlobby.join.table": "Sertai Meja","multiplayerlobby.limits": "Had","multiplayerlobby.my.account": "Akaun Saya","multiplayerlobby.nickname": "Nama samaran","multiplayerlobby.player.profile": "Profil pemain","multiplayerlobby.players": "Pemain","multiplayerlobby.save": "Simpan","multiplayerlobby.status": "Status","multiplayerlobby.table.name": "Nama meja","multiplayerlobby.timer": "Pemasa","multiplayerlobby.show.country": "Tunjuk Negara Saya","message.unexpectedError.501" : "Malangnya permainan ini tidak tersedia dalam mod seronok. Silan log masuk dahulu","multiplayerlobby.playerprofile.error.nickname.3" : "Status nama samaran mestilah kurang atau sama dengan 20 simbol","multiplayerlobby.playerprofile.error.nickname.2" : "Ruang nama samaran mesti diisi","multiplayerlobby.playerprofile.error.nickname.4" : "Ralat berlaku dengan muat turun nama samaran anda","multiplayerlobby.playerprofile.error.avatar.2" : "Tidak dapat mengemas kini avatar","multiplayerlobby.switch.to.another.game" : "ADAKAH ANDA PASTI ANDA MAHU MENUKAR PERMAINAN?","multiplayerlobby.playerprofile.error.avatar.1" : "Ralat berlaku dengan muat turun avatar anda","multiplayerlobby.playerprofile.error.status.2" : "Ruang status mestilah kurang atau sama dengan 20 simbol","multiplayerlobby.nickname.update.error" : "Untuk menukar nama samaran anda, sila hubungi pentadbir.","multiplayerlobby.playerprofile.error.status.3" : "Ralat berlaku dengan muat turun status anda","multiplayerlobby.playerprofile.error.showcountry.2" : "Ralat berlaku dengan muat turun negara pertunjukkan anda","multiplayerlobby.playerprofile.error.showcountry.1" : "Tidak dapat mengemas kini negara pertunjukkan anda","multiplayerlobby.playerprofile.error.status.1" : "Tidak dapat mengemas kini status pemain","multiplayerlobby.stay" : "Tinggal","multiplayerlobby.change" : "Tukar","multiplayerlobby.join.error.no.nickname": "Maaf, anda tidak boleh menyertai permainan tanpa nama samaran","multiplayerlobby.playerprofile.error.nickname.1" : "Sila, gunakan huruf dan nombor sahaja","leaderboard.notification.leaderboard.completed": "Papan juara telah","leaderboard.notification.leaderboard.finished": "Papan juara selesai","leaderboard.notification.leaderboard.cancelled": "Papan juara batal","leaderboard.notification.leaderboard.started": "Papan juara bermula","leaderboard.notification.active": "Aktif","leaderboard.notification.starts.in": "BERMULA DALAM"}
}