{"texts": {"affiliate.button.casino": "赌场","affiliate.button.dl": "下载","blockScreen.close.split": "请关闭分屏视图以继续游戏","blockScreen.doubleTap": "请双击在正常大小下玩游戏。","blockScreen.singleTap": "请点击屏幕继续游戏","blockScreen.swipeDown": "↓ 请向下滑动 ↓","blockScreen.swipeUp": "↑ 向上滑动全屏播放 ↑","blockScreen.enterFullscreen": "触摸以全屏玩游戏","bringMoney.aamsCode": "AAMS会话代码：","bringMoney.bring": "带入游戏","bringMoney.casinoBalance": "娱乐场余额：","bringMoney.failure.message": "传送失败","bringMoney.fsbTitle": "选择要带入游戏中的<br/>免费旋转次数","bringMoney.notEnough.message": "您的余额中没有足够的资金","bringMoney.participationCode": "参与代码：","bringMoney.realTitle": "选择要带入游戏中&lt;br/&gt;的真钱数额","bringMoney.sessionLimit.message": "您无法在一次会话中增加超过{0}","bringMoney.success.message": "{0}传送成功","bringMoney.tableBalance": "游戏余额：","bringMoney.transactionLimit.message": "您无法增加超过{0}","brokenGames.unfinishedGames": "您在娱乐场有未完成的游戏。","brokenGames.likeToResume": "您想恢复吗？","brokenGames.selectGame": "请选择要恢复的游戏。","desktop.caption.audioSettings": "音频设置","desktop.caption.generalSettings": "常规设置","desktop.fsb.ButtonText": "点击此处","desktop.fsb.notificationText": "您有免费旋转！点击此处来立即使用！","desktop.goldenchip.ButtonText": "信息","desktop.goldenchip.notificationText": "点击来从赌桌底部的金筹码盘中选择一个金筹码","desktop.goldenchip.v2.notificationText": "您有Golden Chips可用。 Golden Chips仅用于投注，并在每轮投注后从您的奖金中扣除。","desktop.label.gameSounds": "游戏声音","desktop.label.skipIntro": "跳过介绍视频","desktop.label.splashScreen": "不再显示启动画面","desktop.label.volume": "音量","desktop.loading.gameBy": "游戏出品方","desktop.loading.loadingGame": "正在加载游戏...","desktop.loading.proudlyPresents": "荣誉出品","desktop.promotetoreal.continuePlaying": "继续游戏","desktop.promotetoreal.playForReal": "玩真钱","desktop.promotetoreal.text": "看来您在接连取胜。您想用真钱玩吗？","desktopGameAdvisor.header": "需要帮助寻找更多游戏吗","desktopGameAdvisor.hideButton": "请不要再显示这个信息","desktopGameAdvisor.suggestions": "查看下面的建议","download.installFlashPlayer.linkText": "Adobe.com","download.installFlashPlayer.part1": "要启动赌场，您必须在系统中安装Adobe Flash Player。","download.installFlashPlayer.part2.1": "单击此处来立即访问","download.installFlashPlayer.part2.2": "现在。","download.installFlashPlayer.part3": "安装完播放器后，请重新启动赌场。","error.id.title": "错误的游戏ID","error.item.unavailable": "抱歉，此项当前不可用。请稍后再试。","error.malformed.back.url": "变形的返回URL。您无法开始游戏","gameAdvisor.header": "游戏顾问","gameAdvisor.hideButton": "暂时隐藏","gameAdvisor.mostPopular": "最受欢迎","gameAdvisor.mostPopular_1": "老虎机","gameAdvisor.mostPopular_2": "赌桌游戏","gameAdvisor.mostPopular_3": "牌类游戏","gameAdvisor.mostPopular_4": "视频扑克","gameAdvisor.mostPopular_5": "街机游戏","gameAdvisor.mostPopular_6": "累进式游戏","gameAdvisor.mostPopular_7": "累进式游戏","gameAdvisor.newGames": "新游戏","gameAdvisor.otherGames": "其他游戏","gameAdvisor.otherPlayers": "其他玩家","gameAdvisor.similarGames": "类似游戏","gameAdvisor.suggestions": "查看以下建议","goldenChip.notification": "此游戏中有{count}个金筹码，价值{amount}","italyBonusRewards": "游戏彩金","italyFunBonusCreditsMessage": "您想在此游戏中使用哪种赌注？","italyGameBonus": "游戏彩金","italyGameBonusNotification": "您现在在用彩金玩游戏，点击快速菜单来切换到真钱","italyLowGameBonusBalance": "您的游戏彩金余额太低，无法继续玩此游戏模式。游戏将切换到真钱","italyRealMoney": "真钱","italyRealMoneyNotification": "您现在在用真钱玩游戏，点击快速菜单来切换到游戏彩金","label.concession": "优惠","label.extend": "延长","label.extend.for": "%time%分钟","label.forgot": "忘记密码？","label.joinNow": "现在加入","label.logIn": "登录","label.logout": "登出","label.mode.fun": "玩娱乐局","label.mode.real": "玩真钱","label.notInUse": "未使用","label.practice": "玩练习模式","label.rememberPass": "记住密码","limits.state.title": "限制","loading.game.title": "正在加载<br />","lobbyInGame.categoryName.featured": "推荐","lobbyInGame.categoryName.jackpots": "累积奖金","lobbyInGame.categoryName.slots": "老虎机","lobbyInGame.categoryName.tableGames": "桌面游戏","lobbyInGame.title": "游戏","mainMenu.account": "我的帐户","mainMenu.bank": "银行","mainMenu.bonusTerms": "奖励条款","mainMenu.bringMoney": "带钱","mainMenu.chat": "聊天","mainMenu.compPoints": "综合分","mainMenu.deposit": "存款","mainMenu.depositLimit": "充值上限","mainMenu.fullScreen": "全屏","mainMenu.fundsTransfer": "转帐","mainMenu.help": "帮助","mainMenu.history": "历史记录","mainMenu.inviteFriend": "邀请朋友","mainMenu.licenseeInfo": "被许可方信息","mainMenu.limits": "限制","mainMenu.lobby": "大厅","mainMenu.multiplayerLobby": "多人游戏大厅","mainMenu.logout": "登出","mainMenu.options": "选项","mainMenu.panic": "恐慌","mainMenu.paytable": "奖金表","mainMenu.playForReal": "玩真钱","mainMenu.promotions": "促销","mainMenu.quickDeposit": "快速存钱","mainMenu.respGaming": "负责任地游戏","mainMenu.responsibleGamingApproval": "负责任地游戏","mainMenu.responsibleGamingSngc": "SNGC批准","mainMenu.reverse.withdraw": "反向撤回","mainMenu.selfExclusion": "自我排除","mainMenu.settings": "设置","mainMenu.share": "分享","mainMenu.shareRefer": "邀请朋友","mainMenu.sound": "声音","mainMenu.support": "支持","mainMenu.timeOut": "休息","mainMenu.transactions": "交易","mainMenu.withdraw": "取钱","menu.main.left.right.hand": "左手/右手","message.autoplayFinished": "自动游戏已停止","message.browserMode": "您是否确定要切换到浏览器模式，这需要重新加载游戏并且当前的游戏将不会保存","message.button.accept": "接受","message.button.cancel": "取消","message.button.close": "关闭","message.button.decline": "拒绝","message.button.later": "以后再说","message.button.no": "否","message.button.ok": "确定","message.button.play_fun": "玩娱乐局","message.button.reload": "重新加载","message.button.relogin": "重试","message.button.update": "更新","message.button.yes": "是","message.button.resume": "继续","message.connError": "无法连接服务器。请稍后重试。游戏将在娱乐模式下加载。","message.connectionLost": "很遗憾，出现了网络连接问题。<br/>请重新加载游戏或尝试其他游戏。","message.exit": "感谢您玩[casinoname]赌场！<br/>您确定要退出吗？","message.gameNotLoaded": "游戏没有加载。请重试或选择其他游戏。如果问题依然存在，请联系我们的客服人员。","message.incorrectUser": "输入的用户名或密码错误。请验证您的帐户信息，然后再试一次。","message.insufDep": "余额不足是否要存款？","message.insufReal": "余额不足您想玩真钱游戏吗？","message.insufTable": "余额不足您要带跟多钱到这张赌桌吗？","message.loggedOut": "您已经注销。如果您无法重新登录，请联系我们的客服人员。","message.login.failed": "登录失败。我们将带您返回大厅页面。","message.login.retry": "无法登录","message.loginError": "会话过期，请重新登录。","message.needLogin": "请登录至大厅来用真钱玩游戏。","message.sessionClosed": "会话过期：您将被转至大厅。","message.networkError": "出现网络错误。游戏将被关闭。","message.shutdownNotification": "系统正在进行维护。您将在{timeLeft}分钟后断开连接。请重新登录到娱乐场以便继续游戏。","message.panicMessage": "是否确定要在接下来的12小时内自我隔离？","message.reconnect": "连接断开，正在重新连接","message.selectGame": "选择一款游戏以使用奖励","message.server.disconnect": "已断开与服务器的连接。游戏将在娱乐模式下加载。","message.single.session": "该用户已在其他设备上打开游戏","message.spinError": "游戏旋转错误。请重试。","message.termsAndConditions": "条款与条件","mg.label.balance": "余额","mg.label.demo": "演示","mini.caption.settings": "设置","mini.label.disableWarnings": "禁用警告","mini.label.volume": "音量","nickname.error": "请选择其他昵称。","nickname.message": "欢迎！<br> 更改您在赌场的昵称！","nickname.note": "注：要更改昵称，请联系客户服务。","quickMenu.notification.freeSpin": "[count] 此游戏中有免费旋转","realitycheck.message.button.continue": "继续","realitycheck.message.button.stop": "停止","servererror10": "该昵称当前已被其他玩家使用。<br>请输入不同的昵称并重试。","servererror1018": "您不能同时在多个网络中游戏。请关闭所有游戏并离开等待列表，然后再更换网络。","servererror104": "您的会话无效","servererror108": "余额不足，无法投放请求的赌注。请降低投注额或访问<u><a href=\"htcmd:switchtogame?code=cashier\">收银台</a></u>充值。","servererror178": "登录失败。我们将带您返回大厅页面。","servererror113": "因技术问题，我们当前无法完成此局。<br>您可以稍后等问题解决后完成游戏或在游戏历史记录中查看结果。<br>请联系客户支持团队[supportemail]以获得进一步的帮助。<br>很抱歉为您带来不便。","servererror13": "抱歉，累进式累积奖金服务器当前无响应。<br>请稍后再试。<br>在此期间，请尝试玩我们的普通游戏。","servererror147": "您必须结束未完成的游戏后才能玩新游戏","servererror15": "抱歉，客户支持团队当前无法提供服务。<br>请过几分钟再试。<br>很抱歉为您带来不便。","servererror16": "庄家当前没在赌桌。请尝试我们的其他赌桌。","servererror17": "抱歉，游戏服务器无响应。<br>如果问题依然存在，您只能以离线模式继续游戏。<br>请联系客户支持团队[supportemail]来获得即时帮助。<br>很抱歉为您带来不便。","servererror204": "庄家没在赌桌。","servererror233": "由于您的互联网连接存在问题，您此轮游戏的投注未得到确认。请在下一轮游戏中重试。如果问题依然存在，您可能需要联系互联网服务提供商寻求帮助。","servererror27": "发生内部同步错误。请联系客户支持团队[supportemail]以获得进一步的帮助。<br>很抱歉为您带来不便。","servererror28": "此游戏当前关闭。请尝试我们的其他游戏。","servererror29": "您不能两次加入同一实况赌桌。","servererror31": "因通信问题，您的投注未及时登记。请关闭游戏窗口并重新开始游戏。为防止后续再次出现此问题，请尝试在游戏局开始时立即确认投注。","servererror33": "您的现金不足以给小费。","servererror332": "您尝试占据的座位数超出允许数量。","servererror334": "按意大利法规，您被禁止在此赌桌游戏。请尝试我们的其他游戏。","servererror35": "无法投放累进式边注。如需进一步的帮助，请联系客户支持团队：[supportemail]。","servererror4": "此赌桌当前已满员。<br>请稍后再试，或尝试我们的其他赌桌。","servererror522": "“<b>验证密码</b>”栏不匹配。<br>请重新输入“<b>验证密码</b>”栏。","servererror57": "技术错误。您的所有投注均已返还","servererror586": "密码的最小强度是“非常弱”：它必须有至少8个字符。","servererror587": "密码的最小强度是“弱”：它必须有至少8个字符并包含小写和大写字母。","servererror588": "密码的最小强度是“中等”：它必须有至少8个字符，并包含小写和大写字母以及至少一个数字。","servererror589": "密码的最小强度是“强”：它必须有至少8个字符，并包含小写和大写字母、至少一个数字以及至少一个特殊字符。","servererror590": "密码的最小强度是“最强”：它必须有至少12个字符，并包含小写和大写字母、至少一个数字以及至少一个特殊字符。","servererror6": "抱歉，游戏服务器无响应。<br>请联系客户支持团队[supportemail]来获得即时帮助。<br>很抱歉为您带来不便。","servererror610": "此游戏是当前不可用。请尝试我们的其他游戏。","servererror615": "只有玩真钱时才能玩累进式游戏。","servererror616": "此座位已被其他玩家占据。请选择空座位。","servererror630": "因技术问题，我们之前无法完成此局。<br>当游戏完成且您的余额相应调整后，我们将会通知您。","servererror644": "抱歉，此功能当前不可用","servererror647": "抱歉，您的投注未被接受。请联系客户支持团队[supportemail]以获得进一步的帮助。","servererror650": "该游戏不允许同时进行多个会话。请关闭已打开的游戏以便进入新赌桌。","servererror680": "您之前的游戏会话中有未完成的游戏，而且其游戏模式当前不受支持。请联系客户支持团队来获得即时帮助。很抱歉为您带来不便。","servererror681": "新密码必须与之前的密码不同。<br>请输入不同的密码并重试。","servererror700": "[casino]内玩家的数量已达到上限。","servererror701": "[casino]内玩家的投注额已达到上限。","servererror720": "该游戏不允许同时进行多个会话。","servererror801": "您已经在旁观此赌桌。","servererror802": "抱歉，此赌桌旁观者的数量已达到上限。您正在断开与此赌桌的连接。","servererror803": "此赌桌当前已满员。您正在断开与此赌桌的连接。","servererror804": "抱歉，此赌桌不可用。请选择其他赌桌。","servererror805": "游戏局未激活。","servererror806": "无效的操作。","servererror807": "抱歉，因投注限制不适合您，您不能加入该赌桌。","servererror808": "复制赌注。","servererror809": "空闲局的允许次数已达到上限。您正在断开与此赌桌的连接。","servererror810": "旁观局的次数已达到允许上限。您正在断开与此赌桌的连接。","servererror811": "您不能两次加入同一赌桌。","servererror812": "您正在旁观。","servererror813": "此座位已被其他玩家占据。请选择空座位。","servererror814": "未确认的赌注将从赌桌上移除。","servererror815": "抱歉，此赌桌将关闭。请选择其他的赌桌。","servererror816": "此赌桌没有玩家。它将在[1]秒钟内关闭。","servererror817": "抱歉，此赌桌已关闭。请选择其他赌桌。","servererror818": "未找到正在进行的游戏。","servererror819": "您没有权限加入此赌桌。","servererror820": "赌桌的结束时间已到，赌桌已关闭。","servererror821": "邀请码不正确。请核实您的邀请码。","servererror822": "输入的赌桌名包含不允许的字词。输入不同的赌桌名。","servererror823": "赌桌名必须在1到30个字符之间，并仅由字母、数字和空格组成。","servererror824": "您已经创建了三个当前处于开放状态的私人群赌桌，无法再创建更多赌桌。","servererror825": "输入的赌桌名已被使用。输入不同的赌桌名。","servererror826": "私人群赌桌模板已被关闭。请选择不同的模板。","servererror827": "输入的密码包含不允许的字词。输入不同的密码。","servererror828": "邀请码必须在1到10个字符之间，并仅由字母和数字组成。","servererror832": "您不能以相同的总赌注加入赌桌。","servererror9": "请选择不同的昵称。","setSelfExclusionDialog.cancelButton": "取消","setSelfExclusionDialog.header": "自我排除","setSelfExclusionDialog.okButton": "应用","setSelfExclusionDialog.periodRestrictionLabel": "启用自我排除","sky.error.undefined": "游戏出现错误！您将被转到大厅。","sound.popup.dontShowMeAgain": "不再为我显示","sound.popup.text": "您想在游戏中打开声音吗？","timeLossLimit.gambling.closeGame.button": "离开","timeLossLimit.gambling.ignore.button": "继续","timeLossLimit.gambling.warning": "自老虎机博彩会话开始后，您到现在已经玩了[minutes]分钟。 在此期间，您共投注[bets]","timeLossLimit.limitReached.loss.error": "您已达到会话损失的上限，游戏即将关闭。 在此会话中，您共投注[bets]，共赢得[wins]","timeLossLimit.limitReached.time.error": "您已达到会话时间的上限，游戏即将关闭。 在此会话中，您共投注[bets]，共赢得[wins]","timeLossLimit.losslimit.proximity.warning": "请注意 – 您即将达到会话损失限制","timeLossLimit.sessionsummary": "当前博彩会话即将结束。 在此会话中，您共投注[bets]，共赢得[wins]","timeLossLimit.timelimit.proximity.warning": "请注意 – 您即将达到会话时间限制","timeLossLimit.tooHighBet.error": "无法接受您的投注，因为这可能会超出您会话的损失上限。请减少赌注","timeLossLimitDialog.betLimit.label": "损失限制","timeLossLimitDialog.betLimit.value.error": "无效的数额。请重新输入有效的数额","timeLossLimitDialog.betLimit.value.error.bigThanBalance": "您的损失限制高于您的余额。请降低限额或进行充值。","timeLossLimitDialog.betLimit.value.error.notValid": "无效的数额。请重新输入有效的数额","timeLossLimitDialog.cancelButton.label": "取消","timeLossLimitDialog.gamblingNoticeInterval.label": "博彩通知间隔","timeLossLimitDialog.okButton.label": "确定","timeLossLimitDialog.sessionTimer.label": "会话计时器","timeLossLimitDialog.sessionTimer.placeholder": "点击以选择","timeLossLimitDialog.timeLimit.value.error.empty": "无效的会话计时器值。请选择一个有效的时间期限","timeLossLimitDialog.title": "老虎机游戏限制","uifeatures.demo.popup": "立即免费尝试","uifeatures.real.popup": "您正在玩真钱游戏","ukreg.autoplay.jackpotsinglewinlimit.message": "自动游戏已停止：已赢得累积奖金。赢得超过[amount]","ukreg.autoplay.jackpotwinlimit.message": "自动游戏已停止：已赢得累积奖金。","ukreg.autoplay.losslimit.message": "自动游戏已停止：已达到损失上限。","ukreg.autoplay.singlewinlimit.message": "自动游戏已停止：赢得超过[amount]。","ukreg.cancelButtonText": "退出","ukreg.confirmButtonText": "确认","ukreg.jackPotLabel": "赢得累积奖金时停止自动玩","ukreg.lossLabel": "总损失达以下数额时停止自动玩：","ukreg.lossLimitExceedMessage": "损失限额太高：最大允许值为[amount]。","ukreg.lossLimitInvalidMessage": "损失限额栏中的数额无效。请输入有效数额。","ukreg.lossLimitLowMessage": "输入的损失上限太低，无法开始自动玩。请输入更大的数额。","ukreg.singleWinExceedMessage": "单次奖金限额太高：最大允许值为[amount]","ukreg.singleWinInvalidMessage": "单次奖金限额栏中的数额无效。请输入有效数额。","ukreg.singleWinLabel": "单次奖金高于以下数额时停止：","ukreg.singleWinLowMessage": "单次奖金限额太高：最高允许额为[amount]。","ukreg.title": "负责任博彩 - 自动玩","unit.time.10minutes": "10分钟","unit.time.12hours": "12小时","unit.time.15minutes": "15分钟","unit.time.1day": "1天","unit.time.1hour": "1小时","unit.time.1month": "1个月","unit.time.1week": "1周","unit.time.20minutes": "20分钟","unit.time.2hours": "2小时","unit.time.30minutes": "30分钟","unit.time.40minutes": "40分钟","unit.time.50minutes": "50分钟","unit.time.5minutes": "5分钟","unit.time.60minutes": "60分钟","unit.time.dimension.day.1": "天","unit.time.dimension.day.few": "天","unit.time.dimension.day.other": "天","unit.time.dimension.hour.1": "小时","unit.time.dimension.hour.few": "小时","unit.time.dimension.hour.other": "小时","unit.time.dimension.minute.1": "分钟","unit.time.dimension.minute.few": "分钟","unit.time.dimension.minute.other": "分钟","unit.time.dimension.month.1": "个月","unit.time.dimension.month.few": "个月","unit.time.dimension.month.other": "个月","unit.time.dimension.second.1": "秒","unit.time.dimension.second.few": "秒","unit.time.dimension.second.other": "秒","unit.time.dimension.week.1": "周","unit.time.dimension.week.few": "周","unit.time.dimension.week.other": "周","unsupported.landscape.text": "此游戏为竖屏模式而设计。<br />请将您的设备竖直再玩。","unsupported.landscape.title": "竖屏模式下<br />玩","unsupported.portrait.text": "此游戏为横屏模式而设计。<br />请将您的设备放平再玩。","unsupported.portrait.title": "横屏模式下<br />玩","update.ie9.browser.checkbox": "不再为我显示","update.ie9.browser.message": "游戏 在最新版Internet Explorer或Chrome上运行更流畅。请点击此处来更新Internet Explorer.","bringMoney.mobilePrimarySpinsCurrency" : "免费旋转","italyDesktopGameBonusNotification" : "您正在用游戏奖励投注。单击底部面板上的按钮来切换至真钱","bringMoney.multiBonusTitle" : "选择要带入游戏中的<br/>免费旋转次数和娱乐存款","desktop.label.freeSpins" : "免费旋转","bringMoney.desktopSpinsCurrency" : "免费旋转","italyDesktopRealMoneyNotification" : "您正在用真钱投注。单击底部面板上的按钮来切换至游戏奖励","multiplayerlobby.avatar": "头像","multiplayerlobby.join": "加入","multiplayerlobby.join.table": "加入赌桌","multiplayerlobby.limits": "限制","multiplayerlobby.my.account": "我的帐户","multiplayerlobby.nickname": "昵称","multiplayerlobby.player.profile": "玩家资料","multiplayerlobby.players": "玩家","multiplayerlobby.save": "守门员扑出球","multiplayerlobby.status": "状态","multiplayerlobby.table.name": "牌桌名称","multiplayerlobby.timer": "计时器","multiplayerlobby.show.country": "显示我的国家","message.unexpectedError.501" : "很遗憾，此游戏在娱乐模式中不可用。请先登录","multiplayerlobby.playerprofile.error.nickname.3" : "昵称必须少于或等于20个字符","multiplayerlobby.playerprofile.error.nickname.2" : "必须填写昵称栏","multiplayerlobby.playerprofile.error.nickname.4" : "下载您的昵称时出错","multiplayerlobby.playerprofile.error.avatar.2" : "无法更新头像","multiplayerlobby.switch.to.another.game" : "您是否确定要更改游戏？","multiplayerlobby.playerprofile.error.avatar.1" : "下载您的头像时出错","multiplayerlobby.playerprofile.error.status.2" : "状态栏必须少于或等于20个字符","multiplayerlobby.nickname.update.error" : "要更改昵称，请与管理员联系。","multiplayerlobby.playerprofile.error.status.3" : "下载您的状态时出错","multiplayerlobby.playerprofile.error.showcountry.2" : "下载您的显示国名/地区名时出错","multiplayerlobby.playerprofile.error.showcountry.1" : "无法更新显示国名/地区名","multiplayerlobby.playerprofile.error.status.1" : "无法更新玩家状态","multiplayerlobby.stay" : "留下","multiplayerlobby.change" : "更改","multiplayerlobby.join.error.no.nickname": "抱歉，没有昵称就不能加入游戏。","multiplayerlobby.playerprofile.error.nickname.1" : "请只使用字母和数字","leaderboard.notification.leaderboard.completed": "排行榜已完成","leaderboard.notification.leaderboard.finished": "排行榜 已完成","leaderboard.notification.leaderboard.cancelled": "排行榜已取消","leaderboard.notification.leaderboard.started": "排行榜已开始","leaderboard.notification.active": "启用","leaderboard.notification.starts.in": "距开始还有"}}