{"texts": {"GAME_CATEGORY_FEATURED": "BOONUSMÄNGUD","GAME_CATEGORY_LIVE": "Live","GAME_CATEGORY_NEW": "Uus","GAME_CATEGORY_POKER": "Pokker","GAME_CATEGORY_SCRATCH": "Kraapekaardid","GAME_CATEGORY_SLOTS": "Mänguautomaadid","GAME_CATEGORY_TABLE_GAMES": "Lauamängud","GAME_CATEGORY_VIDEO_POKER": "Videopokkerid","affiliate.button.casino": "Kasiino","affiliate.button.dl": "Alla laadimine","blockScreen.close.split": "Mängimise jätkamiseks lülita jagatud vaade välja","blockScreen.doubleTap": "Normaalsuuruses mängimiseks tee topeltvajutus.","blockScreen.singleTap": "Mängu jätkamiseks vajuta ekraanile","blockScreen.swipeDown": "↓ Libista sõrmega alla ↓","blockScreen.swipeUp": "↑ Täisekraanil mängimiseks libista üles. ↑","blockScreen.enterFullscreen": "Puuduta täisekraanil mängimiseks","bringMoney.aamsCode": "AAMS seansi kood:","bringMoney.back": "Tagasi","bringMoney.bring": "Too mängu","bringMoney.casinoBalance": "Sinu kontoseis on:","bringMoney.confirm": "Kinnita","bringMoney.credits": "Krediidid","bringMoney.desktopBonusTitle": "Vali mängu alustamiseks<br/>mänguraha summa","bringMoney.desktopSpinsCurrency": "TASUTA KEERUTUSED","bringMoney.failure.message": "Ülekanne nurjus","bringMoney.fsbTitle": "Vali mängu alustamiseks<br/>tasuta keerutuste arv","bringMoney.mobileBonusTitle": "Vali mängu alustamiseks<br/>boonuskrediidi summa","bringMoney.mobileMultiBonusTitle2": "Vali mängu alustamiseks<br/>mänguraha summa","bringMoney.mobilePrimarySpinsCurrency": "Tasuta keerutused","bringMoney.mobileSecondarySpinsCurrency": "KEERUTUST","bringMoney.multiBonusTitle": "Vali tasuta keerutuste arv<br/>ja lauda toodav mänguraha","bringMoney.next": "Järgmine","bringMoney.notEnough.message": "Sinu kontol ei ole piisavalt vabu vahendeid","bringMoney.participationCode": "Osaluskood:","bringMoney.realTitle": "Vali mängu toomiseks<br/>pärisraha summa","bringMoney.ropCode": "Viimane lubatud osaluskood on:","bringMoney.ropTimestamp": "Loodud kood:","bringMoney.sessionLimit.message": "Sa ei saa ühe seansi jooksul tuua mängu rohkem kui {0}.","bringMoney.success.message": "Ülekanne õnnestus <br/>Sinu selle seansi osaluskood on: {0}","bringMoney.tableBalance": "Sa oled juba lauda toonud:","bringMoney.transactionLimit.message": "Ei saa tuua rohkem kui {0}","brokenGames.unfinishedGames": "Teil on kasiinos lõpetamata mäng.","brokenGames.likeToResume": "Kas soovite seda jätkata?","brokenGames.selectGame": "Valige mäng, millega jätkata.","csreg.timer.label": "Hasartmäng on sõltuvusttekitav","desktop.caption.audioSettings": "Helisätted","desktop.caption.generalSettings": "Üldsätted","desktop.fsb.ButtonText": "Klõpsa siia","desktop.fsb.notificationText": "Sul on tasuta keerutusi!\nNende kasutamiseks vajuta siia!","desktop.goldenchip.ButtonText": "Info","desktop.goldenchip.notificationText": "Vajuta, et valida kuldne žetoon laua allosas asuvalt kuldsete žetoonide aluselt.","desktop.goldenchip.v2.notificationText": "Sul on saadaval kuldseid žetoone. Kuldsed žetoonid on mõeldud ainult panustamiseks ja need arvutatakse sinu võitudest pärast iga panustamisvooru maha","desktop.label.freeSpins": "TASUTA KEERUTUSED","desktop.label.gameSounds": "Mängu helid","desktop.label.skipIntro": "Jäta videosissejuhatus vahele","desktop.label.splashScreen": "Ära näita enam tervituskuva","desktop.label.volume": "Helitugevus","desktop.loading.gameBy": "MÄNGU TOOTJA","desktop.loading.loadingGame": "Mängu Laadimine...","desktop.loading.proudlyPresents": "ESITLEB","desktop.promotetoreal.continuePlaying": "Jätka Mängimist","desktop.promotetoreal.playForReal": "MÄNGI PÄRISRAHAGA","desktop.promotetoreal.text": "Tundub, et oled võidulainel. Kas soovid mängida pärisrahaga?","desktopGameAdvisor.header": "Vajad abi mängude leidmisel?","desktopGameAdvisor.hideButton": "Ära näita seda teadet uuesti","desktopGameAdvisor.suggestions": "Vaata järgmisi soovitusi","download.installFlashPlayer.linkText": "Adobe.com","download.installFlashPlayer.part1": "Kasiino käivitamiseks tuleb süsteemi installida Adobe Flash Player.","download.installFlashPlayer.part2.1": "Klõpsa siia, et külastada","download.installFlashPlayer.part2.2": "kohe.","download.installFlashPlayer.part3": "Pärast installimist käivita kasiino uuesti.","error.id.title": "Vale mängu ID","error.item.unavailable": "Kahjuks ei ole see element hetkel saadaval. Palun proovi hiljem uuesti.","error.malformed.back.url": "Vale URL. Mängu ei saa käivitada","gameAdvisor.header": "Mängunõustaja","gameAdvisor.hideButton": "peida ajutiselt","gameAdvisor.mostPopular": "Kõige populaarsem","gameAdvisor.mostPopular_1": "Mänguautomaadid","gameAdvisor.mostPopular_2": "Lauamängud","gameAdvisor.mostPopular_3": "Kaardimängud","gameAdvisor.mostPopular_4": "Videopokkerid","gameAdvisor.mostPopular_5": "Arkaadmängud","gameAdvisor.mostPopular_6": "Progressiivsed Mängud","gameAdvisor.mostPopular_7": "Progressiivsed Mängud","gameAdvisor.newGames": "Uued mängud","gameAdvisor.otherGames": "Muud mängud","gameAdvisor.otherPlayers": "Teised mängijad","gameAdvisor.similarGames": "Sarnased mängud","gameAdvisor.suggestions": "Vaata järgmisi soovitusi","gameConfigurationError1": "Kahjuks esineb mängul konfiguratsiooniga probleeme. Sind suunatakse edasi lobbysse. <br>Võta ühendust klienditoega<br> või proovi mõnda teist mängu.","gameConfigurationError2": "Konfiguratsiooniprobleemi tõttu ei ole see boonusmäng mängus saadaval. <br>Võta ühendust klienditoega<br> või proovi mõnda teist mängu.","goldenChip.notification": "SELLES MÄNGUS ON SAADAVAL {count} KULDSET ŽETOONI VÄÄRTUSEGA {amount}","italyBonusRewards": "Mänguboonus","italyDesktopGameBonusNotification": "Sa mängid nüüd mänguboonusega. Pärisrahale lülitumiseks vajuta alumisel paneelil olevale nupule","italyDesktopRealMoneyNotification": "Sa mängid nüüd pärisrahaga Mänguboonusele lülitumiseks vajuta alumisel paneelil olevale nupule","italyFSB": "Tasuta Keerutused","italyFunBonusCreditsMessage": "Millist krediiti sa soovid<br/>selles mängus kasutada?","italyGameBonus": "Mänguboonus","italyGameBonusNotification": "Mängid nüüd mänguboonusega, pärisrahale lülitumiseks klõpsa kiirmenüüle","italyLowGameBonusBalance": "Sinu mänguboonuse saldo on selles mängurežiimis jätkamiseks liiga madal. Mäng lülitatakse pärisrahaga režiimile","italyRealMoney": "Pärisraha","italyRealMoneyNotification": "Mängid nüüd pärisrahaga, mänguboonusele lülitumiseks klõpsa kiirmenüüle","label.addMoreMoney": "Lisa raha","label.balance": "saldo","label.concession": "Kontsessioon","label.extend": "Pikenda","label.extend.for": "%time% minutiks","label.forgot": "Unustasid oma salasõna?","label.joinNow": "Liitu kohe","label.logIn": "Logi sisse","label.logout": "Logi välja","label.mode.fun": "MÄNGI MÄNGURAHAGA","label.mode.real": "PÄRISRAHAGA MÄNGIMINE","label.notInUse": "Ei ole kasutusel","label.practice": "Mängi harjutamisrežiimis","label.rememberPass": "Mäleta parooli","licenseeInfo.message": "Näide","limits.state.title": "LIMIIDID:","loading.game.title": "Laadimine<br/>","lobbyInGame.categoryName.featured": "Boonusmängud","lobbyInGame.categoryName.jackpots": "Jackpots","lobbyInGame.categoryName.slots": "Mänguautomaadid","lobbyInGame.categoryName.tableGames": "Lauamängud","lobbyInGame.title": "MÄNGU","mainMenu.account": "Minu konto","mainMenu.bank": "Pank","mainMenu.bonusTerms": "Boonuse tingimused","mainMenu.bringMoney": "Too raha","mainMenu.chat": "Vestlus","mainMenu.compPoints": "Lisapunktid","mainMenu.deposit": "Sissemakse","mainMenu.depositLimit": "Sissemakse limiit","mainMenu.fullScreen": "Täisekraan","mainMenu.fundsTransfer": "Edasta raha","mainMenu.gameVersion": "Mängu versioon","mainMenu.help": "Spikker","mainMenu.history": "Ajalugu","mainMenu.inviteFriend": "Kutsu sõber","mainMenu.licenseeInfo": "Litsentsiaadi info","mainMenu.limits": "Limiidid","mainMenu.lobby": "Lobby","mainMenu.multiplayerLobby": "Mitme mängija lobby","mainMenu.logout": "Logi välja","mainMenu.options": "Suvandid","mainMenu.panic": "Paanika","mainMenu.paytable": "Võidutabel","mainMenu.playForReal": "Mängi pärisrahaga","mainMenu.promotions": "Kampaaniad","mainMenu.promptTempToken": "Kiire ajutine token","mainMenu.quickDeposit": "Kiire sissemakse","mainMenu.respGaming": "Vastutustundlik mängimine","mainMenu.responsibleGamingApproval": "Vastutustundlik mängimine","mainMenu.responsibleGamingSngc": "Heakskiidetud SNGC poolt","mainMenu.reverse.withdraw": "Võta väljamakse tagasi","mainMenu.selfExclusion": "Enese mängukeeld","mainMenu.settings": "Sätted","mainMenu.share": "Jaga","mainMenu.shareRefer": "Kutsu sõber","mainMenu.sound": "Heli","mainMenu.support": "Tugi","mainMenu.timeOut": "Ajalõpp","mainMenu.transactions": "Tehingud","mainMenu.withdraw": "Väljamakse","menu.main.left.right.hand": "Vasak/parem käsi","message.autoplayFinished": "Automaatmäng peatatud","message.browserMode": "Kas oled kindel, et soovid lülituda brauserirežiimile; selleks tuleb mäng uuesti laadida ja praegust mängu ei salvestata","message.button.accept": "Nõustu","message.button.cancel": "Loobu","message.button.close": "Sulge","message.button.decline": "Keeldu","message.button.later": "Hiljem","message.button.no": "Ei","message.button.ok": "Ok","message.button.play_fun": "Mängi mängurahaga","message.button.reload": "Laadi uuesti","message.button.relogin": "Proovi uuesti","message.button.update": "Värskenda","message.button.yes": "Jah","message.button.resume": "Tagasi","message.connError": "Ei saa serveriga ühendust. Palun proovi hiljem uuesti. Mäng laaditakse mänguraha režiimis.","message.connectionLost": "Esines võrguühenduse probleem.<br/>Proovi mängu uuesti laadida või vali mõni teine mäng.","message.exit": "Täname, et mängisid [casinoname] kasiinos!<br/>Kas soovid tõesti lahkuda?","message.fsbError": "Free Spin pole hetkel saadaval. Palun proovi hiljem uuesti","message.gameNotLoaded": "Mäng ei laadi. Palun proovi uuesti või vali mõni muu meie mäng. Kui probleem püsib, võta ühendust meie klienditoega.","message.incorrectUser": "Sisestatud vale kasutajanimi või salasõna. Palun kontrolli oma kontoandmed üle ja proovi uuesti.","message.insufDep": "Kontol ei ole piisavalt raha. Kas soovid teha sissemakset?","message.insufDl": "Kontol ei ole piisavalt raha. Tee väiksem panus.","message.insufReal": "Kontol ei ole piisavalt raha. Kas soovid mängida pärisrahaga?","message.insufTable": "Kontol ei ole piisavalt raha. Kas soovid tuua lauda raha juurde?","message.loggedOut": "Sind logiti välja","message.login.failed": "Sisselogimine nurjus. Me suuname sind edasi lobby lehele.","message.login.retry": "Ei saa sisse logida","message.loginError": "Seanss aegunud, logi uuesti sisse.","message.needLogin": "Pärisrahaga mängimiseks logige lobbysse sisse.","message.sessionClosed": "Seanss aegunud: teid viiakse lobbysse.","message.networkError": "Esines võrgutõrge. Mäng suletakse.","message.shutdownNotification": "Süsteemi hakatakse hooldama. Teie ühendus katkestatakse {timeLeft} minuti pärast. Mängimise jätkamiseks logige uuesti kasiinosse sisse.","message.panicMessage": "Kas olete kindel, et soovite seada endale järgmiseks 12 tunniks mängukeelu?","message.reconnect": "Ühendus katkes, uuesti ühendamine","message.selectGame": "Valige mäng, milles boonust kasutada","message.server.disconnect": "Serveriga ühendus katkenud. Mäng laaditakse mänguraha režiimis.","message.single.session": "See kasutaja on avanud mängu teises seadmes","message.spinError": "Mängu keerutamisviga. Proovi uuesti","message.termsAndConditions": "Tingimused","message.unexpectedError": "Ootamatu viga ({code}).","mg.label.balance": "SALDO","mg.label.demo": "DEMO","mini.caption.settings": "Sätted","mini.label.disableWarnings": "Keela hoiatused","mini.label.volume": "Helitugevus","nickname.error": "Valige mõni teine hüüdnimi.","nickname.message": "Tere tulemast!<br>Valige kasiino jaoks omale hüüdnimi!","nickname.note": "Märkus: hüüdnime muutmiseks võtke ühendust klienditeenindusega.","promotionsTitle": "Kampaaniad","quickMenu.inGameLobby": "","quickMenu.notification.freeSpin": "[count] SELLES MÄNGUS ON SAADAVAL TASUTA KEERUTUSED","quickMenu.notification.promoGadget": "SAADAVAL UUED KAMPAANIAD","quickMenu.promoGadget": "","realitycheck.message.button.continue": "Jätka","realitycheck.message.button.stop": "Peata","servererror10": "Seda hüüdnime kasutab hetkel teine mängija.<br>Sisesta teistsugune hüüdnimi ja proovi uuesti.","servererror1018": "Korraga saab mängida ainult ühes võrgus. Enne võrgu vahetamist sulge kõik mängud ja lahku ootenimekirjadest.","servererror104": "Seanss on kehtetu","servererror108": "Soovitud panuse tegemiseks ei ole piisavalt vabasid vahendeid. Tee madalam panus või külasta sissemakse tegemiseks <u><a href=\"htcmd:switchtogame?code=cashier\">Kassat</a></u>.","servererror178": "Sisselogimine nurjus. Me suuname sind edasi lobby lehele.","servererror113": "Tehniliste probleemide tõttu ei ole võimalik seda vooru lõpetada.<br>Sa saad mängu lõpetada või vaadata tulemusi mängu ajaloost hiljem, kui probleem on lahendatud.<br>Abi saamiseks võta ühendust klienditoega aadressil [supportemail].<br>Vabandame tekkinud ebamugavuste pärast.","servererror13": "Kahjuks progresseeruva jackpoti server hetkel ei vasta.<br>Palun proovi hiljem uuesti.<br>Vahepeal võid proovida mängida meie tavamänge.","servererror147": "Enne uue mängu mängimist pead lõpetama poolelioleva mängu","servererror15": "Vabandame, klienditoe meeskond hetkel hõivatud.<br>Palun proovi mõne minuti pärast uuesti.<br>Me vabandame võimalike tekkinud ebamugavuste pärast.","servererror16": "Jagaja on hetkel lauast ära. Palun proovi mõnda meie teist lauda.","servererror17": "Kahjuks mänguserver ei vasta.<br>Kui probleem püsib, saad jätkata mängimist ainut internetiühenduseta režiimis.<br>Palun võta kiireks abi saamiseks ühendust klienditoega aadressil [supportemail].<br>Me vabandame võimalike tekkinud ebamugavuste pärast.","servererror204": "Jagaja ei ole lauas.","servererror233": "Sinu selle mänguvooru panuseid ei kinnitatud internetiühenduse probleemide tõttu. Proovi järgmises mänguvoorus uuesti. Kui probleem püsib, võta abi saamiseks ühendust oma internetiteenuse pakkujaga.","servererror27": "Esines sisemine sünkroonimise viga. Palun võta edasise abi saamiseks ühendust klienditoega aadressil [supportemail].<br>Vabandame võimalike tekkinud ebamugavuste pärast.","servererror28": "See mäng on hetkel suletud. Palun proovi mõnda muud meie mängu.","servererror29": "Sa ei saa liituda sama live-mängu lauaga kaks korda.","servererror31": "Sideprobleemide tõttu ei registreeritud sinu panust õigeaegselt. Palun sulge mänguaken ja alusta mängu uuesti. Selle probleemi edaspidiseks ennetamiseks ürita kinnitada oma panused kohe mänguvooru alguses.","servererror33": "Sul ei ole jootraha jätmiseks piisavalt raha.","servererror332": "Sa proovid hõivata lubatust rohkem istekohti.","servererror334": "See laud on Itaalia seaduste alusel keelatud. Palun proovi mõnda muud meie mängu.","servererror35": "Progresseeruvat kõrvalpanust ei saanud teha. Palun võta abi saamiseks ühendust klienditoega aadressil [supportemail].","servererror4": "See mängulaud on hetkel täis.<br>Palun proovi hiljem uuesti või mine mõnda teise lauda.","servererror522": "'<b>Kinnita salasõna</b>' väli ei kattu.<br>Palun sisesta uuesti '<b>Kinnita salasõna</b>' väli.","servererror57": "Tehniline viga. Kõik panused tagastati","servererror586": "Sinu parooli minimaalne tugevus on 'Väga nõrk': see peab olema vähemalt 8 tähemärgi pikkune.","servererror587": "Sinu parooli minimaalne tugevus on 'Nõrk': see peab olema vähemalt 8 tähemärgi pikkune, sisaldama nii väike- kui suurtähti.","servererror588": "Sinu parooli minimaalne tugevus on 'Keskmine': see peab olema vähemalt 8 tähemärgi pikkune, sisaldama nii väike- kui suurtähti ja vähemalt ühte numbrit.","servererror589": "Sinu parooli minimaalne tugevus on 'Tugev': see peab olema vähemalt 8 tähemärgi pikkune, sisaldama nii väike- kui suurtähti, vähemalt ühte numbrit ja vähemalt ühte erimärki.","servererror590": "Sinu parooli minimaalne tugevus on 'Tugevaim': see peab olema vähemalt 12 tähemärgi pikkune, sisaldama nii väike- kui suurtähti, vähemalt ühte numbrit ja vähemalt ühte erimärki.","servererror6": "Kahjuks mänguserver ei vasta.<br>Palun võta kiireks abi saamiseks ühendust klienditoega aadressil [supportemail].<br>Me vabandame võimalike tekkinud ebamugavuste pärast.","servererror610": "See mäng ei ole hetkel saadaval. Palun proovi mõnda muud meie mängu.","servererror615": "Progressiivsed mängud on saadaval ainult pärisrahaga mängides.","servererror616": "Selle koha on hõivanud juba teine mängija. Palun vali vaba koht.","servererror630": "Tehniliste probleemide tõttu ei olnud võimalik seda vooru lõpetada.<br>Sind teavitatakse, kui mängu probleem on lahendatud ja sinu saldot muudetakse vastavalt.","servererror644": "Kahjuks ei ole see funktsioon hetkel saadaval.","servererror647": "Kahjuks sinu panuseid ei aktsepteeritud. Palun võta abi saamiseks ühendust klienditoega aadressil [supportemail].","servererror650": "Selles mängus saab olla korraga ainult üks mänguseanss. Palun sulge uude lauda sisenemiseks oma aktiivne mäng.","servererror680": "Sul on eelmisest mänguseansist lõpetamata mäng mängurežiimis, mida hetkel ei toetata. Palun võta kohese abi saamiseks ühendust klienditoega. Vabandame tekkinud ebamugavuste pärast.","servererror681": "Sinu uus salasõna peab olema vanast salasõnast erinev.<br>Sisesta erinev salasõna ja proovi uuesti.","servererror700": "[casino]-s mängib korraga maksimaalsel arvul sisemängijaid.","servererror701": "Kasiino [casino] sisemängijate maksimaalne panustamislimiit on ületatud.","servererror720": "Selles mängus saab olla korraga ainult üks seanss.","servererror801": "Sa juba jälgid seda lauda.","servererror802": "Kahjuks on selle laua maksimaalne vaatajate arv juba täis. Sind ühendatakse nüüd sellest lauast lahti.","servererror803": "See laud on hetkel täis. Sind ühendatakse nüüd sellest lauast lahti.","servererror804": "Kahjuks ei ole see laud saadaval. Palun vali mõni muu laud.","servererror805": "Mänguvoor ei ole aktiivne.","servererror806": "Keelatud tegevus.","servererror807": "Kahjuks ei saa selle lauaga liituda, sest panuse limiidid ei ole sinule saadaval.","servererror808": "Duplitseeritud panus.","servererror809": "Maksimaalne lubatud tegevusetute voorude arv on täis. Sind ühendatakse nüüd sellest lauast lahti.","servererror810": "Maksimaalne lubatud jälgimise voorude arv on täis. Sind ühendatakse nüüd sellest lauast lahti.","servererror811": "Sama lauaga ei saa kaks korda liituda.","servererror812": "Vaatad.","servererror813": "Selle koha on hõivanud juba teine mängija. Palun vali vaba koht.","servererror814": "Kinnitamata panused eemaldatakse laualt.","servererror815": "Kahjuks see laud suletakse. Palun vali mõni muu laud.","servererror816": "Selles lauas ei ole ühtegi mängijat. See suletakse [1] sekundi pärast.","servererror817": "Kahjuks see laud suleti. Palun vali mõni muu laud.","servererror818": "Aktiivset mängu ei leitud.","servererror819": "Sul ei ole valitud lauaga liitumiseks õigusi.","servererror820": "Laua lõpuaeg on käes ja laud on suletud.","servererror821": "Vale kutse kood. Kontrolli oma kutse koodi.","servererror822": "Sisestatud laua nimi sisaldab keelatud sõnu. Sisesta muu laua nimi.","servererror823": "Laua nimi peab olema 1 kuni 30 tähemärgi pikkune ja võib sisaldada ainult tähti, numbreid ja tühikuid.","servererror824": "Sa ei saa rohkem laudu luua, sest oled juba loonud kolm privaatse rühma lauda, mis on avatud.","servererror825": "Sisestatud laua nimi on juba kasutuses. Sisesta muu laua nimi.","servererror826": "Privaatse rühma mall on suletud. Palun vali teine mall.","servererror827": "Sisestatud salasõna sisaldab keelatud sõnu. Sisesta teistsugune salasõna.","servererror828": "Kutse kood peab olema 1 kuni 10 tähemärgi pikkune ja võib sisaldada ainult tähti, numbreid.","servererror832": "Sa ei saa liituda sama kogupanusega lauaga.","servererror9": "Palun vali teistsugune hüüdnimi.","setSelfExclusionDialog.cancelButton": "Loobu","setSelfExclusionDialog.header": "Enese mängukeeld","setSelfExclusionDialog.okButton": "Rakenda","setSelfExclusionDialog.periodRestrictionLabel": "Luba enese mängukeeld","sky.error.undefined": "Esines mänguviga! Sind suunatakse edasi lobbysse.","sound.popup.dontShowMeAgain": "Ära seda enam näita","sound.popup.text": "Kas soovid mängida heliga?","timeLossLimit.gambling.closeGame.button": "Lahku","timeLossLimit.gambling.ignore.button": "Jätka","timeLossLimit.gambling.warning": "Sa oled alates mänguautomaadi mänguseansi algusest mänginud [minutes] minutit. Sellel perioodil panustasid kokku [bets]","timeLossLimit.limitReached.loss.error": "Maksimaalne seansi kaotuslimiit täis ja mäng suletakse. Selles seansis panustasid kokku [bets] ja võitsid kokku [wins]","timeLossLimit.limitReached.time.error": "Maksimaalne seansi ajalimiit täis ja mäng suletakse. Selles seansis panustasid kokku [bets] ja võitsid kokku [wins]","timeLossLimit.losslimit.proximity.warning": "Pane tähele, et sinu seansi kaotuslimiit hakkab täis saama","timeLossLimit.sessionsummary": "Praegune mänguseanss lõppeb. Selles seansis panustasid kokku [bets] ja võitsid kokku [wins]","timeLossLimit.timelimit.proximity.warning": "Pane tähele, et sinu seansi ajalimiit hakkab täis saama","timeLossLimit.tooHighBet.error": "Sinu panust ei võeta vastu, sest on oht, et sa võid ületada oma seansi kaotuse limiidi. Tee väiksem panus","timeLossLimitDialog.betLimit.label": "Kaotuse limiit","timeLossLimitDialog.betLimit.value.error.bigThanBalance": "Kaotuse limiit on saldost suurem. Sisesta väiksem summa või tee sissemakse","timeLossLimitDialog.betLimit.value.error.notValid": "Vale summa. Sisesta korrektne summa","timeLossLimitDialog.cancelButton.label": "Loobu","timeLossLimitDialog.gamblingNoticeInterval.label": "Mängimise teadete intervall","timeLossLimitDialog.okButton.label": "Ok","timeLossLimitDialog.sessionTimer.label": "Seansi taimer","timeLossLimitDialog.sessionTimer.placeholder": "Valimiseks vajuta","timeLossLimitDialog.timeLimit.value.error.empty": "Vale seansi taimeri väärtus. Palun vali kehtiv ajaperiood.","timeLossLimitDialog.title": "Mänguautomaadi piirangud","uifeatures.demo.popup": "Proovi praegu tasuta","uifeatures.real.popup": "Sa mängid nüüd pärisrahaga","ukreg.autoplay.jackpotsinglewinlimit.message": "Automaatmäng peatatud: võitsid jackpoti. Võitsid rohkem kui [amount]","ukreg.autoplay.jackpotwinlimit.message": "Automaatmäng peatatud: võitsid jackpoti.","ukreg.autoplay.losslimit.message": "Automaatmäng peatatud: kaotuse limiit täis.","ukreg.autoplay.singlewinlimit.message": "Automaatmäng peatatud: võidetud rohkem kui [amount].","ukreg.cancelButtonText": "Välju","ukreg.confirmButtonText": "Kinnita","ukreg.jackPotLabel": "Peata jackpoti võitmisel automaatmäng","ukreg.lossLabel": "Peata automaatmäng, kui kogukaotus on suurem kui:","ukreg.lossLimitExceedMessage": "Liiga kõrge kaotuse limiit: Maksimaalne lubatud summa on[amount]","ukreg.lossLimitInvalidMessage": "Kaotuse limiidi väljal sobimatu number. Sisestage korrektne summa.","ukreg.lossLimitLowMessage": "Sisestatud kaotuse limiit on automaatmängu alustamiseks liiga madal. Sisestage suurem summa.","ukreg.singleWinExceedMessage": "Liiga kõrge ühe võidu limiit: Maksimaalne lubatud summa on [amount]","ukreg.singleWinInvalidMessage": "Ühe võidu limiidi väljal sobimatu number. Sisestage korrektne summa.","ukreg.singleWinLabel": "Peata, kui üks võit on suurem kui:","ukreg.singleWinLowMessage": "Sisestatud üksiku võidu limiit on liiga madal","ukreg.title": "Vastutustundlik mängimine – automaatmäng","unit.time.10minutes": "10 minutit","unit.time.12hours": "12 tundi","unit.time.15minutes": "15 minutit","unit.time.1day": "1 päev","unit.time.1hour": "1 tund","unit.time.1month": "1 kuu","unit.time.1week": "1 nädal","unit.time.20minutes": "20 minutit","unit.time.2hours": "2 tundi","unit.time.30minutes": "30 minutit","unit.time.40minutes": "40 minutit","unit.time.50minutes": "50 minutit","unit.time.5minutes": "5 minutit","unit.time.60minutes": "60 minutit","unit.time.dimension.day.1": "päev","unit.time.dimension.day.few": "päevad","unit.time.dimension.day.other": "päevad","unit.time.dimension.hour.1": "tund","unit.time.dimension.hour.few": "tundi","unit.time.dimension.hour.other": "tundi","unit.time.dimension.minute.1": "minuti","unit.time.dimension.minute.few": "minutit","unit.time.dimension.minute.other": "minutit","unit.time.dimension.month.1": "kuu","unit.time.dimension.month.few": "kuud","unit.time.dimension.month.other": "kuud","unit.time.dimension.second.1": "sekund","unit.time.dimension.second.few": "sekundid","unit.time.dimension.second.other": "sekundid","unit.time.dimension.week.1": "nädal","unit.time.dimension.week.few": "nädalad","unit.time.dimension.week.other": "nädalad","unsupported.landscape.text": "MÄNG ON MÕELDUD VERTIKAALREŽIIMIS MÄNGIMISEKS.<br />MÄNGIMISEKS KEERA OMA SEADE VERTIKAALSEKS.","unsupported.landscape.title": "MÄNGI<br />VERTIKAALREŽIIMIS","unsupported.portrait.text": "MÄNG ON MÕELDUD VERTIKAALREŽIIMIS MÄNGIMISEKS.<br />MÄNGIMISEKS KEERA OMA SEADE VERTIKAALSEKS.","unsupported.portrait.title": "MÄNGI<br />HORISONTAALREŽIIMIS","update.ie9.browser.checkbox": "Ära seda enam näita","update.ie9.browser.message": "Mäng töötab kõige paremini Internet Exploreri või Chrome’i uusima versiooniga. <br />Internet Exploreri värskendamiseks klõpsa siia.","multiplayerlobby.avatar": "Avatar","multiplayerlobby.join": "Liitu","multiplayerlobby.join.table": "Liitu lauaga","multiplayerlobby.limits": "Limiidid","multiplayerlobby.my.account": "Minu konto","multiplayerlobby.nickname": "Hüüdnimi","multiplayerlobby.player.profile": "Mängija profiil","multiplayerlobby.players": "Mängijad","multiplayerlobby.save": "Tõrje","multiplayerlobby.status": "Olek","multiplayerlobby.table.name": "Laua nimi","multiplayerlobby.timer": "Taimer","multiplayerlobby.show.country": "Näita minu riiki","message.unexpectedError.501" : "Kahjuks ei ole see mäng mängurahaga režiimis saadaval. Logige esmalt sisse","multiplayerlobby.playerprofile.error.nickname.3" : "Hüüdnimi peab olema 20 sümbolit või vähem","multiplayerlobby.playerprofile.error.nickname.2" : "Hüüdnime väli peab olema täidetud","multiplayerlobby.playerprofile.error.nickname.4" : "Hüüdnime allalaadimisel esines viga","multiplayerlobby.playerprofile.error.avatar.2" : "Avatari ei olnud võimalik uuendada","multiplayerlobby.switch.to.another.game" : "OLETE KINDEL, ET SOOVITE MÄNGU VAHETADA?","multiplayerlobby.playerprofile.error.avatar.1" : "Avatari allalaadimisel esines viga","multiplayerlobby.playerprofile.error.status.2" : "Oleku väli peab olema 20 sümbolit või vähem","multiplayerlobby.nickname.update.error" : "Hüüdnime muutmiseks võtke ühendust halduriga.","multiplayerlobby.playerprofile.error.status.3" : "Oleku allalaadimisel esines viga","multiplayerlobby.playerprofile.error.showcountry.2" : "Näidatava riigi allalaadimisel esines viga","multiplayerlobby.playerprofile.error.showcountry.1" : "Näidatavat riiki ei olnud võimalik uuendada","multiplayerlobby.playerprofile.error.status.1" : "Mängija olekut ei olnud võimalik uuendada","multiplayerlobby.stay" : "Püsi","multiplayerlobby.change" : "Muuda","multiplayerlobby.join.error.no.nickname": "Kahjuks ei saa ilma hüüdnimeta mänguga liituda","multiplayerlobby.playerprofile.error.nickname.1" : "Kasutage ainult tähti ja numbreid","leaderboard.notification.leaderboard.completed": "Paremusjärjestus lõpetatud","leaderboard.notification.leaderboard.finished": "Paremusjärjestus Lõpetatud","leaderboard.notification.leaderboard.cancelled": "Paremusjärjestus tühistatud","leaderboard.notification.leaderboard.started": "Paremusjärjestus alustatud","leaderboard.notification.active": "Aktiivne","leaderboard.notification.starts.in": "ALGAB:"}}