{"texts": {"GAME_CATEGORY_FEATURED": "Doporučujeme","GAME_CATEGORY_LIVE": "Živě","GAME_CATEGORY_NEW": "Nové","GAME_CATEGORY_POKER": "Poker","GAME_CATEGORY_SCRATCH": "Setřít","GAME_CATEGORY_SLOTS": "Automaty","GAME_CATEGORY_VIDEO_POKER": "Video poker","affiliate.button.casino": "Kasino","affiliate.button.dl": "Stáhnout","blockScreen.close.split": "Před pokračováním hry prosím vypněte Rozdělený náhled","blockScreen.doubleTap": "Dvojitým klepnutím převedete na běžnou velikost","blockScreen.singleTap": "Ve hře pokračujte klepnutím","blockScreen.swipeDown": "↓ Přetáhněte směrem dolů, prosím ↓","blockScreen.swipeUp": "↑ Přetažením nahoru přepnete na celou obrazovku ↑","blockScreen.enterFullscreen": "Dotkněte se pro hru na celé obrazovce","bringMoney.aamsCode": "Kód relace AAMS:","bringMoney.amountPlaceholder": "Přidat si na stůl peníze","bringMoney.bring": "Přidat do hry","bringMoney.casinoBalance": "Kasino zůstatek:","bringMoney.failure.message": "Převod se nezdařil","bringMoney.fsbTitle": "Zvolte počet roztočení zdarma, <br/>která chcete přidat do hry","bringMoney.notEnough.message": "Nemáte na účtu dostatek prostředků","bringMoney.participationCode": "Účastnický kód:","bringMoney.realTitle": "Zvolte výši skutečných peněz,<br/>které chcete přidat do hry","bringMoney.ropCode": "Poslední platný účastnický kód je","bringMoney.ropTimestamp": "Kód vytvořen:","bringMoney.sessionLimit.message": "Do jedné relace si nelze vzít více než {0}","bringMoney.success.message": "Převod proveden <br/>Váš účastnický kód:\n{0}","bringMoney.tableBalance": "Herní zůstatek:","bringMoney.transactionLimit.message": "Nelze si vzít více než {0}","brokenGames.unfinishedGames": "V kasinu máte nedokončené hry.","brokenGames.likeToResume": "Chcete pokračovat?","brokenGames.selectGame": "Zvolte hru, ve které chcete pokračovat.","csreg.timer.label": "Účast na hazardní hře může být škodlivá","desktop.caption.audioSettings": "Nastavení zvuku","desktop.caption.generalSettings": "Obecná nastavení","desktop.fsb.ButtonText": "Klikněte zde","desktop.fsb.notificationText": "Máte roztočení zdarma! Použijte je kliknutím zde!","desktop.goldenchip.ButtonText": "Info","desktop.goldenchip.notificationText": "Zlatý žeton vyberete klepnutím na zásobník na spodní straně stolu","desktop.goldenchip.v2.notificationText": "Máte k dispozici Golden Chips. Golden Chips se používají pouze k sázení a jejich hodnota bude po každém herním kole odečtena z vaší výhry.","desktop.label.gameSounds": "Herní zvuky","desktop.label.skipIntro": "Přeskočit úvodní video","desktop.label.splashScreen": "Nezobrazovat úvodní obrazovku","desktop.label.volume": "Hlasitost","desktop.loading.gameBy": "HRA SPOLEČNOSTI","desktop.loading.loadingGame": "Hra se nahrává...","desktop.loading.proudlyPresents": "S HRDOSTÍ PŘEDSTAVUJE","desktop.promotetoreal.continuePlaying": "Pokračovat ve hře","desktop.promotetoreal.playForReal": "HRÁT O SKUTEČNÉ PENÍZE","desktop.promotetoreal.text": "Vypadá to na vítěznou sérii. Chcete hrát o skutečné peníze?","desktopGameAdvisor.header": "Potřebujete při hledání pomoci?","desktopGameAdvisor.hideButton": "Tuto zprávu již nezobrazovat","desktopGameAdvisor.suggestions": "Zkuste následující rady","download.installFlashPlayer.linkText": "Adobe.com","download.installFlashPlayer.part1": "Abyste mohli spustit kasino, musíte mít ve svém systému nainstalovaný program Adobe Flash Player.","download.installFlashPlayer.part2.1": "Kliknutím zde přejdete na stránky","download.installFlashPlayer.part2.2": "nyní.","download.installFlashPlayer.part3": "Po instalaci přehrávače spusťte kasino znovu.","error.id.title": "Neplatné číslo hry","error.item.unavailable": "Je nám líto, ale tato položka v současné době není k dispozici. Zkuste to prosím později.","error.malformed.back.url": "Narušená URL Hru nelze spustit","gameAdvisor.header": "Herní rádce","gameAdvisor.hideButton": "dočasně skrýt","gameAdvisor.mostPopular": "Nejoblíbenější","gameAdvisor.mostPopular_1": "Automaty","gameAdvisor.mostPopular_2": "Stolní hry","gameAdvisor.mostPopular_3": "Karetní hry","gameAdvisor.mostPopular_4": "Video Pokery","gameAdvisor.mostPopular_5": "Arkádové hry","gameAdvisor.mostPopular_6": "Progresivní hry","gameAdvisor.mostPopular_7": "Progresivní hry","gameAdvisor.newGames": "Nové hry","gameAdvisor.otherGames": "Další hry","gameAdvisor.otherPlayers": "Další hráči","gameAdvisor.similarGames": "Podobné hry","gameAdvisor.suggestions": "Projděte si následující návrhy","gameConfigurationError1": "U této hry došlo k potížím s nastavením. Budete přesměrováni do lobby. <br>Obraťte se prosím na zákaznický servis<br> nebo zkuste jinou hru.","gameConfigurationError2": "Pro potíže s nastavením není bohužel tato funkce ve hře k dispozici. <br>Obraťte se prosím na zákaznický servis<br> nebo zkuste jinou hru.","goldenChip.notification": "V TÉTO HŘE JE K DISPOZICI {count} ZLATÝCH ŽETONŮ V HODNOTĚ {amount}","italyBonusRewards": "Herní bonus","italyFunBonusCreditsMessage": "Jaký druh kreditů chcete v této hře použít?","italyGameBonus": "Herní bonus","italyGameBonusNotification": "Nyní hrajete s herním bonusem, pro přechod na skutečné peníze klikněte na rychlé menu.","italyLowGameBonusBalance": "Váš bonusový zůstatek je na setrvání v režimu pro zábavu příliš nízký, nyní přejdete do režimu o skutečné peníze.","italyRealMoney": "Skutečné peníze","italyRealMoneyNotification": "Nyní hrajete o skutečné peníze, pro přechod do bonusu klikněte prosím na rychlé menu.","label.concession": "Koncese","label.extend": "Prodloužit","label.extend.for": "%time% minut","label.forgot": "Zapomněli jste své heslo?","label.joinNow": "Připojit se nyní","label.logIn": "Přihlásit se","label.logout": "Odhlásit se","label.mode.fun": "HRANÍ PRO ZÁBAVU","label.mode.real": "HRAJETE O SKUTEČNÉ PENÍZE","label.notInUse": "Nepoužívá se","label.practice": "Hrát ve zkušebním režimu","label.rememberPass": "Zapamatovat heslo","limits.state.title": "LIMITY:","loading.game.title": "Nahrávám<br />","lobbyInGame.categoryName.featured": "Doporučujeme","lobbyInGame.categoryName.jackpots": "Jackpoty","lobbyInGame.categoryName.slots": "Automaty","lobbyInGame.categoryName.tableGames": "Stolní hry","lobbyInGame.title": "Hry","mainMenu.account": "Můj účet","mainMenu.bank": "Banka","mainMenu.bonusTerms": "Bonusové podmínky","mainMenu.bringMoney": "Přinést peníze","mainMenu.chat": "Chat","mainMenu.compPoints": "Body","mainMenu.deposit": "Vklad","mainMenu.depositLimit": "Limit vkladu","mainMenu.fullScreen": "Celá obrazovka","mainMenu.fundsTransfer": "Převést finanční prostředky","mainMenu.gameVersion": "Verze hry","mainMenu.help": "Nápověda","mainMenu.history": "Historie","mainMenu.inviteFriend": "Pozvat přítele","mainMenu.licenseeInfo": "Informace o držiteli licence","mainMenu.limits": "Limity","mainMenu.lobby": "Lobby","mainMenu.multiplayerLobby": "Lobby pro více hráčů","mainMenu.logout": "Odhlásit","mainMenu.options": "Možnosti","mainMenu.panic": "Panika","mainMenu.paytable": "Tabulka výplat","mainMenu.playForReal": "Hrát o skutečné peníze","mainMenu.promotions": "Propagační akce","mainMenu.quickDeposit": "Rychlý vklad","mainMenu.respGaming": "Zodpovědné hraní","mainMenu.responsibleGamingApproval": "Zodpovědné hraní","mainMenu.responsibleGamingSngc": "Schváleno komisí SNGC","mainMenu.reverse.withdraw": "Vrátit výběr","mainMenu.selfExclusion": "Sebevyloučení","mainMenu.settings": "Nastavení","mainMenu.share": "Sdílet","mainMenu.shareRefer": "Doporučit přítele","mainMenu.sound": "Zvuk","mainMenu.support": "Podpora","mainMenu.timeOut": "Pauza","mainMenu.transactions": "Transakce","mainMenu.withdraw": "Výběr","menu.main.left.right.hand": "Zleva/zprava","message.autoplayFinished": "Automatická hra zastavena","message.browserMode": "Opravdu chcete přepnout do režimu prohlížeče? Hra bude načtena znovu a aktuální hry nebudou uloženy.","message.button.accept": "Přijmout","message.button.cancel": "Zrušit","message.button.close": "Zavřít","message.button.decline": "Odmítnout","message.button.later": "Později","message.button.no": "Ne","message.button.ok": "OK","message.button.play_fun": "Hrát pro zábavu","message.button.reload": "Načíst znovu","message.button.relogin": "Znovu","message.button.update": "Aktualizovat","message.button.yes": "Ano","message.button.resume": "Obnovit","message.connError": "Nelze se připojit k serveru Zkuste to prosím později. Hra se nahraje v režimu pro zábavu","message.connectionLost": "Bohužel se vyskytl problém s připojením k síti.<br/>Zkuste hru nahrát znovu, nebo si vyberte jinou.","message.exit": "Děkujeme, že hrajete v kasinu [casinoname]!<br/>Opravdu chcete odejít?","message.fsbError": "Točení zdarma není aktuálně k dispozici Zkuste to prosím později.","message.gameNotLoaded": "Hra se nenačítá. Zkuste to znovu nebo zvolte jinou hru. Pokud problém přetrvává, kontaktujte prosím náš zákaznický servis.","message.incorrectUser": "Bylo zadáno nesprávné uživatelské jméno nebo heslo. Ověřte prosím své údaje a zkuste to znovu.","message.insufDep": "Nedostatečný zůstatek. Chcete provést vklad?","message.insufReal": "Nedostatečný zůstatek. Chcete hrát o skutečné peníze?","message.insufTable": "Nedostatečný zůstatek. Chcete si na stůl vzít další peníze?","message.loggedOut": "Byli jste odhlášeni. Pokud se nemůžete přihlásit, kontaktujte prosím náš zákaznický servis.","message.login.failed": "Přihlášení se nezdařilo. Přesměrujeme vás do lobby.","message.login.retry": "Přihlášení není možné","message.loginError": "Relace vypršela, přihlaste se prosím znovu","message.needLogin": "Abyste mohli hrát za skutečné peníze, přihlaste se do lobby.","message.sessionClosed": "Relace vypršela: budete přesměrováni do lobby.","message.networkError": "Vyskytla se chyba sítě. Hra bude uzavřena.","message.shutdownNotification": "Systém prochází údržbou. Budete odpojeni za {timeLeft} min. Chcete-li pokračovat v hraní, přihlaste se znovu do kasina.","message.panicMessage": "Opravdu chcete na následujících 12 hodin sami sebe vyloučit ze hry?","message.reconnect": "Připojení ztraceno, připojuji","message.selectGame": "Zvolte hru, ve které chcete použít bonus","message.server.disconnect": "Odpojeno od serveru. Hra se nahraje v režimu pro zábavu.","message.single.session": "Tento uživatel již hraje na jiném zařízení","message.spinError": "Chyba roztočení. Zkuste to prosím znovu.","message.termsAndConditions": "Obchodní podmínky","mg.label.balance": "ZŮSTATEK","mg.label.demo": "DEMO","mini.caption.settings": "Nastavení","mini.label.disableWarnings": "Zakázat upozornění","mini.label.volume": "HLASITOST","nickname.error": "Vyberte si jinou přezdívku, prosím.","nickname.message": "Vítejte! <br> Vyberte si přezdívku, kterou budete v kasinu používat!","nickname.note": "Poznámka: Abyste mohli přezdívku změnit, kontaktujte zákaznický servis.","promotionsTitle": "Propagační akce","quickMenu.inGameLobby": "","quickMenu.notification.freeSpin": "[count] V TÉTO HŘE JSOU K DISPOZICI ROZTOČENÍ ZDARMA","quickMenu.notification.promoGadget": "NOVÉ AKCE K DISPOZICI","quickMenu.promoGadget": "","realitycheck.message.button.continue": "Pokračovat","realitycheck.message.button.stop": "Zastavit","servererror10": "Tuto přezdívku již využívá jiný hráč.<br>Zadejte prosím jinou a zkuste to znovu.","servererror1018": "Nelze hrát ve více sítích najednou. Před změnou sítě prosím uzavřete všechny hry a opusťte čekací listiny.","servererror104": "Relace není platná.","servererror108": "Na požadovanou sázku nemáte dostatečný zůstatek. Zadejte prosím nižší sázku nebo navštivte sekci <u><a href=\\\"htcmd:switchtogame?code=cashier\\\">Pokladna<\\/a><\\/u> a proveďte potřebný vklad.","servererror178": "Přihlášení se nezdařilo. Přesměrujeme vás do lobby.","servererror113": "Z technických důvodů nemůžeme bohužel toto kolo dokončit.<br>Dokončit hru, případně si prohlédnout výsledky, můžete později, až se potíže vyřeší.<br>Pro okamžitou pomoc se prosím obraťte na adresu [supportemail].<br>Za případné potíže se omlouváme.","servererror13": "Litujeme, server progresivního jackpotu momentálně neodpovídá.<br>Zkuste to prosím později.<br>Prozatím si můžete zahrát naše běžné hry.","servererror147": "Před zahájením nové hry musíte dohrát nedokončenou.","servererror15": "Litujeme, naše zákaznická podpora není momentálně k dispozici.<br>Zkuste to prosím později.<br>Za případné potíže se omlouváme.","servererror16": "U tohoto stolu momentálně není dealer. Zkuste prosím jiný stůl.","servererror17": "Litujeme, herní server neodpovídá.<br>Pokud problém přetrvá, můžete nadále hrát pouze offline.<br>Pro okamžitou pomoc se prosím obraťte na adresu [supportemail].<br>Za případné potíže se omlouváme.","servererror204": "U stolu momentálně není dealer.","servererror233": "Vzhledem k potížím s připojením nebyly vaše sázky potvrzeny. Zkuste to prosím v příštím kole. Pokud problém přetrvá, obraťte se prosím na svého poskytovatele internetového připojení.","servererror27": "Při interní synchronizaci došlo k chybě. Pro okamžitou pomoc se prosím obraťte na adresu [supportemail].<br>Za případné potíže se omlouváme.","servererror28": "Tato hra je momentálně uzavřena. Zkuste prosím jinou hru.","servererror29": "U stolu s živou hrou lze sedět pouze jednou.","servererror31": "Došlo k chybě v komunikaci a sázka nebyla přijata včas. Zavřete prosím herní okno a spusťte hru znovu. Aby k podobným problémům nedocházelo, zkuste prosím potvrdit své sázky, jakmile začne herní kolo.","servererror33": "Na zaplacení spropitného nemáte dostatek prostředků.","servererror332": "Snažíte se usednout na více místech, než je povoleno.","servererror334": "Tento stůl je podle italských předpisů zakázán. Zkuste prosím jinou hru.","servererror35": "Vedlejší progresivní sázku nelze podat. Případně se prosím obraťte na zákaznickou podporu na adrese [supportemail].","servererror4": "Tento stůl je momentálně plný.<br>Zkuste to prosím později nebo zkuste jiné stoly.","servererror522": "Pole '<b>Ověřit heslo<\\/b>' neodpovídá originálu.<br>Vyplňte prosím pole '<b>Ověřit heslo<\\/b>' znovu.","servererror57": "Technická chyba. Všechny sázky byly vráceny.","servererror586": "Minimální síla hesla je stanovena jako „Velmi slabé“: heslo musí obsahovat alespoň 8 znaků.","servererror587": "Minimální síla hesla je stanovena jako „Slabé“: heslo musí obsahovat alespoň 8 znaků a velká i malá písmena.","servererror588": "Minimální síla hesla je stanovena jako „Střední“: heslo musí obsahovat alespoň 8 znaků, velká i malá písmena a alespoň jedno číslo.","servererror589": "Minimální síla hesla je stanovena jako „Silné“: heslo musí obsahovat alespoň 8 znaků, velká i malá písmena, alespoň jedno číslo a alespoň jeden speciální znak.","servererror590": "Minimální síla hesla je stanovena jako „Nejsilnější“: heslo musí obsahovat alespoň 12 znaků, velká i malá písmena, alespoň jedno číslo a alespoň jeden speciální znak.","servererror6": "Litujeme, herní server neodpovídá.<br>Pro okamžitou pomoc se prosím obraťte na adresu [supportemail].<br>Za způsobené potíže se omlouváme.","servererror610": "Tato hra není momentálně k dispozici. Zkuste prosím jinou hru","servererror615": "Progresivní hry jsou k dispozici, pouze pokud hrajete o skutečné peníze","servererror616": "Místo již zabral jiný hráč. Vyberte si prosím volné místo","servererror630": "Z technických důvodů nemůžeme bohužel toto kolo dokončit.<br>Jakmile bude hra vypořádána, obdržíte příslušné upozornění a podle výsledku upravíme i váš zůstatek.","servererror644": "Litujeme, tato funkce není momentálně k dispozici","servererror647": "Litujeme, sázky nebyly přijaty. Pro další pomoc kontaktujte zákaznickou podporu na adrese [supportemail].","servererror650": "Hru nelze hrát ve více instancích najednou. Před vstupem na nový stůl prosím uzavřete aktivní hru.","servererror680": "Od minule máte nedokončenou herní relaci v režimu, který již není podporován. Pro další postup prosím kontaktujte zákaznickou podporu. Za vzniklé potíže se omlouváme.","servererror681": "Vaše nové heslo se nesmí shodovat se starým.<br>Zadejte prosím jiné heslo a zkuste to znovu.","servererror700": "[casino] dosáhlo maximálního počtu vnitřních hráčů najednou.","servererror701": "V kasinu [casino] došlo k překročení limitu sázek vnitřních hráčů.","servererror720": "Hru nelze hrát ve více instancích najednou.","servererror801": "Tento stůl již sledujete.","servererror802": "Litujeme, ale u tohoto stolu je již maximální počet diváků. Nyní budete od stolu odpojeni.","servererror803": "Tento stůl je momentálně plný. Nyní budete od stolu odpojeni.","servererror804": "Litujeme, tento stůl není momentálně k dispozici. Zvolte prosím jiný stůl.","servererror805": "Kolo není aktivní","servererror806": "Neplatná operace","servererror807": "Litujeme, ale limity tohoto stolu nejsou pro vás k dispozici.","servererror808": "Zdvojená sázka.","servererror809": "Dosáhli jste maximálního počtu kol bez aktivní činnosti. Nyní budete od stolu odpojeni.","servererror810": "Dosáhli jste maximálního počtu kol pro sledování. Nyní budete od stolu odpojeni.","servererror811": "Jeden stůl nelze sledovat dvakrát.","servererror812": "Sledujete","servererror813": "Místo již zabral jiný hráč. Vyberte si prosím volné místo","servererror814": "Nepotvrzené sázky budou ze stolu odstraněny.","servererror815": "Litujeme, tento stůl bude uzavřen. Zvolte prosím jiný stůl.","servererror816": "U tohoto stolu nejsou žádní hráči. Za [1] vteřin bude uzavřen.","servererror817": "Litujeme, tento stůl byl uzavřen. Zvolte prosím jiný stůl.","servererror818": "Nebyla nalezena žádná aktivní hra.","servererror819": "K přisednutí k tomuto stolu nemáte povolení.","servererror820": "Čas tohoto stolu vypršel a stůl byl uzavřen.","servererror821": "Neplatný kód pozvánky Ověřte prosím kód pozvánky.","servererror822": "Zadaný název stolu obsahuje slova, která jsou zakázána. Zadejte prosím jiný název.","servererror823": "Název stolu musí obsahovat 1 až 30 znaků a skládat se pouze s písmen, čísel a mezer.","servererror824": "Vytvořili jste již 3 jiné soukromé stoly, které jsou momentálně otevřeny. Nemůžete proto vytvářet další.","servererror825": "Zadaný název se již používá. Zadejte prosím jiný název.","servererror826": "Šablona pro soukromou skupinu byla uzavřena. Zvolte prosím jinou šablonu.","servererror827": "Zadané heslo obsahuje slova, která jsou zakázána. Zadejte jiné heslo.","servererror828": "Název stolu musí obsahovat 1 až 10 znaků a skládat se pouze s písmen a čísel.","servererror832": "Nelze se připojit ke stolu se stejnou celkovou sázkou.","servererror9": "Vyberte si prosím jinou přezdívku.","setSelfExclusionDialog.cancelButton": "Zrušit","setSelfExclusionDialog.header": "Sebevyloučení","setSelfExclusionDialog.okButton": "Uplatnit","setSelfExclusionDialog.periodRestrictionLabel": "Zapnout sebevyloučení","sky.error.undefined": "Došlo k chybě! Budete přesměrování zpět do lobby","sound.popup.dontShowMeAgain": "Znovu nezobrazovat","sound.popup.text": "Chcete hrát se zvukem?","timeLossLimit.gambling.closeGame.button": "Odejít","timeLossLimit.gambling.ignore.button": "Pokračovat","timeLossLimit.gambling.warning": "Na automatech hrajete již [minutes] v kuse. Za toto obdob9 jste vsadili celkem [bets]","timeLossLimit.limitReached.loss.error": "Dosáhli jste maximálních povolených ztrát za relaci a hra bude nyní uzavřena. V této relaci jste vsadili celkem [bets] sázek a vyhráli celkem [wins]","timeLossLimit.limitReached.time.error": "Dosáhli jste maximální délky relace a hra bude nyní uzavřena. V této relaci jste vsadili celkem [bets] sázek a vyhráli celkem [wins]","timeLossLimit.losslimit.proximity.warning": "Upozornění: blížíte se k limitu ztrát","timeLossLimit.sessionsummary": "Vaše aktuální relace bude nyní ukončena. V této relaci jste vsadili celkem [bets] sázek a vyhráli celkem [wins]","timeLossLimit.timelimit.proximity.warning": "Upozornění: blížíte se časovému limitu","timeLossLimit.tooHighBet.error": "Sázka by mohla překročit povolený limit ztrát za jednu relaci, proto nemůže být přijata. Podejte prosím nižší sázku.","timeLossLimitDialog.betLimit.label": "Limit ztrát","timeLossLimitDialog.betLimit.value.error.bigThanBalance": "Limit ztrát je vyšší než váš zůstatek. Zadejte prosím menší částku nebo proveďte vklad.","timeLossLimitDialog.betLimit.value.error.notValid": "Neplatná částka. Zadejte prosím částku znovu","timeLossLimitDialog.cancelButton.label": "Zrušit","timeLossLimitDialog.gamblingNoticeInterval.label": "Interval upozornění","timeLossLimitDialog.okButton.label": "OK","timeLossLimitDialog.sessionTimer.label": "Časovač relace","timeLossLimitDialog.sessionTimer.placeholder": "Zvolte klepnutím","timeLossLimitDialog.timeLimit.value.error.empty": "Neplatná hodnota. Zadejte prosím platný časový údaj","timeLossLimitDialog.title": "Omezení týkající se výherních automatů","uifeatures.demo.popup": "Zkuste nyní zdarma","uifeatures.real.popup": "Nyní hrajete o skutečné peníze","ukreg.autoplay.jackpotsinglewinlimit.message": "Automatická hra zastavena: jackpot vyhrán. Výhra přesáhla částku [amount]","ukreg.autoplay.jackpotwinlimit.message": "Automatická hra zastavena: jackpot vyhrán.","ukreg.autoplay.losslimit.message": "Automatická hra zastavena: bylo dosaženo limitu ztrát.","ukreg.autoplay.singlewinlimit.message": "Automatická hra zastavena: výhra přesáhla částku [amount].","ukreg.cancelButtonText": "Konec","ukreg.confirmButtonText": "Potvrdit","ukreg.jackPotLabel": "Zastavit automatickou hru při výhře jackpotu","ukreg.lossLabel": "Zastavit automatickou hru při celkové ztrátě:","ukreg.lossLimitExceedMessage": "Příliš vysoký limit ztrát: Maximální výše činí [amount]","ukreg.lossLimitInvalidMessage": "Neplatná částka v poli limitu ztrát. Zadejte prosím platnou částku","ukreg.lossLimitLowMessage": "Zadaný limit je pro zahájení automatické hry příliš nízký. Zadejte prosím vyšší částku.","ukreg.singleWinExceedMessage": "Příliš vysoký limit jednotlivé výhry: Maximální výše činí [amount]","ukreg.singleWinInvalidMessage": "Neplatná částka v poli limitu jednotlivé výhry. Zadejte prosím platnou částku.","ukreg.singleWinLabel": "Zastavit při jednotlivé výhře nad:","ukreg.singleWinLowMessage": "Příliš vysoký limit na jednotlivou výhru: Maximální povolená částka činí [amount]","ukreg.title": "Zodpovědné hraní – automatická hra","unit.time.10minutes": "10 minut","unit.time.12hours": "12 hodin","unit.time.15minutes": "15 minut","unit.time.1day": "1 den","unit.time.1hour": "1 hodina","unit.time.1month": "1 měsíc","unit.time.1week": "1 týden","unit.time.20minutes": "20 minut","unit.time.2hours": "2 hodin","unit.time.30minutes": "30 minut","unit.time.40minutes": "40 minut","unit.time.50minutes": "50 minut","unit.time.5minutes": "5 minut","unit.time.60minutes": "60 minut","unit.time.dimension.day.1": "den","unit.time.dimension.day.few": "dny","unit.time.dimension.day.other": "dnů","unit.time.dimension.hour.1": "hodina","unit.time.dimension.hour.few": "hodiny","unit.time.dimension.hour.other": "hodin","unit.time.dimension.minute.1": "minuta","unit.time.dimension.minute.few": "minuty","unit.time.dimension.minute.other": "minut","unit.time.dimension.month.1": "měsíc","unit.time.dimension.month.few": "měsíce","unit.time.dimension.month.other": "měsíců","unit.time.dimension.second.1": "sekunda","unit.time.dimension.second.few": "sekundy","unit.time.dimension.second.other": "sekund","unit.time.dimension.week.1": "týden","unit.time.dimension.week.few": "týdny","unit.time.dimension.week.other": "týdnů","unsupported.landscape.text": "HRA JE VYTVOŘENA PRO ZOBRAZENÍ V REŽIMU NA VÝŠKU.<br/>PŘED ZAHÁJENÍM HRY PROSÍM OBRAŤTE SVÉ ZAŘÍZENÍ.","unsupported.landscape.title": "HRÁT<br />NA VÝŠKU","unsupported.portrait.text": "HRA JE NAVRŽENA PRO REŽIM NA ŠÍŘKU<br /> PRO HRANÍ V HORIZONTÁLNÍ POLOZE ZAŘÍZENÍ OTOČTE","unsupported.portrait.title": "HRÁT<br />NA ŠÍŘKU","update.ie9.browser.checkbox": "Nezobrazovat znovu","update.ie9.browser.message": "Tato hra funguje lépe v posledních verzích prohlížečů Internet Explorer a Chrome. <br/>Kliknutím zde aktualizujete Internet Explorer.","bringMoney.mobilePrimarySpinsCurrency" : "Roztočení zdarma","italyDesktopGameBonusNotification" : "Nyní hrajete s bonusovými prostředky hry. Kliknutím na tlačítko na spodním panelu přepnete na hru za skutečné peníze.","bringMoney.multiBonusTitle" : "Vyberte počet roztočení zdarma<br/>a kreditů ke hře pro zábavu, které chcete přenést do hry.","desktop.label.freeSpins" : "ROZTOČENÍ ZDARMA","bringMoney.desktopSpinsCurrency" : "ROZTOČENÍ ZDARMA","italyDesktopRealMoneyNotification" : "Nyní hrajete se skutečnými penězi. Kliknutím na tlačítko na spodním panelu přepnete na hru za bonusové prostředky.","multiplayerlobby.avatar": "Avatar","multiplayerlobby.join": "Připojit","multiplayerlobby.join.table": "Připojit se ke stolu","multiplayerlobby.limits": "Limity","multiplayerlobby.my.account": "Můj účet","multiplayerlobby.nickname": "Přezdívka","multiplayerlobby.player.profile": "Hráčův profil","multiplayerlobby.players": "Hráči","multiplayerlobby.save": "Potvrdit","multiplayerlobby.status": "Stav","multiplayerlobby.table.name": "Název stolu","multiplayerlobby.timer": "Časovač","multiplayerlobby.show.country": "Zobrazit mou zemi","message.unexpectedError.501" : "Tato hra bohužel není v režimu pro zábavu k dispozici Nejdříve se prosím přihlaste","multiplayerlobby.playerprofile.error.nickname.3" : "Přezdívka musí obsahovat maximálně 20 symbolů","multiplayerlobby.playerprofile.error.nickname.2" : "Pole s přezdívkou musí být vyplněné","multiplayerlobby.playerprofile.error.nickname.4" : "Chyba se vyskytla během stahování vaší přezdívky","multiplayerlobby.playerprofile.error.avatar.2" : "Nelze aktualizovat avatar","multiplayerlobby.switch.to.another.game" : "OPRAVDU CHCETE ZMĚNIT HRU?","multiplayerlobby.playerprofile.error.avatar.1" : "Chyba se vyskytla během stahování vašeho avataru","multiplayerlobby.playerprofile.error.status.2" : "Pole se stavem musí obsahovat maximálně 20 symbolů","multiplayerlobby.nickname.update.error" : "Abyste změnili svou přezdívku, kontaktujte správce.","multiplayerlobby.playerprofile.error.status.3" : "Chyba se vyskytla během stahování vašeho stavu","multiplayerlobby.playerprofile.error.showcountry.2" : "Chyba se vyskytla během stahování zobrazené země","multiplayerlobby.playerprofile.error.showcountry.1" : "Nelze aktualizovat zobrazenou zemi","multiplayerlobby.playerprofile.error.status.1" : "Nelze aktualizovat stav hráče","multiplayerlobby.stay" : "Zůstat","multiplayerlobby.change" : "Změnit","multiplayerlobby.join.error.no.nickname": "Je nám líto, ale bez přezdívky se nemůžete připojit ke hře","multiplayerlobby.playerprofile.error.nickname.1" : "Použijte jen písmena a čísla","leaderboard.notification.leaderboard.completed": "Tabulka vedoucích hráčů Dokončeny","leaderboard.notification.leaderboard.finished": "Tabulka vedoucích hráčů Dokončeno","leaderboard.notification.leaderboard.cancelled": "Tabulka vedoucích hráčů zrušena","leaderboard.notification.leaderboard.started": "Tabulka vedoucích hráčů spuštěna","leaderboard.notification.active": "Aktivní","leaderboard.notification.starts.in": "ZAČÍNÁ ZA"}
}