{"texts": {"GAME_CATEGORY_FEATURED": "Προβαλλόμενο","GAME_CATEGORY_LIVE": "Live","GAME_CATEGORY_NEW": "Νέο","GAME_CATEGORY_POKER": "Πόκερ","GAME_CATEGORY_SCRATCH": "Ξύσιμο","GAME_CATEGORY_SLOTS": "Κουλοχέρηδες","GAME_CATEGORY_TABLE_GAMES": "Επιτραπέζια παιχνίδια","GAME_CATEGORY_VIDEO_POKER": "Βίντεο πόκερ","affiliate.button.casino": "Καζίνο","affiliate.button.dl": "Λήψη","blockScreen.close.split": "Aπενεργοποιήστε την Προβολή διαχωρισμού για να συνεχιστεί το παιχνίδι","blockScreen.doubleTap": "Πατήστε δύο φορές για να παίξετε σε κανονικό μέγεθος.","blockScreen.singleTap": "Πατήστε στην οθόνη για να συνεχίσετε το παιχνίδι","blockScreen.swipeDown": "↓ Πραγματοποιήστε κύλιση προς τα κάτω ↓","blockScreen.swipeUp": "↑ Σύρετε προς τα επάνω για να παίξετε σε πλήρη οθόνη. ↑","blockScreen.enterFullscreen": "Αγγίξτε για να παίξετε σε πλήρη οθόνη","bringMoney.aamsCode": "Κωδικός συνεδρίας AAMS:","bringMoney.amountPlaceholder": "Μεταφορά χρημάτων στο τραπέζι","bringMoney.bring": "Εισαγωγή στο παιχνίδι","bringMoney.casinoBalance": "Υπόλοιπο στο Καζίνο:","bringMoney.failure.message": "Η μετάδοση απέτυχε","bringMoney.fsbTitle": "Επιλέξτε την ποσότητα Δωρεάν περιστροφών<br/>που θέλετε να μπει στο παιχνίδι","bringMoney.notEnough.message": "Δεν έχετε αρκετά χρήματα στο υπόλοιπο σας","bringMoney.participationCode": "Κωδικός συμμετοχής:","bringMoney.realTitle": "Επιλέξτε την ποσότητα αληθινών<br/>χρημάτων που θέλετε να μπει στο παιχνίδι","bringMoney.ropCode": "Ο τελευταίος νόμιμος κωδικός συμμετοχής είναι:","bringMoney.ropTimestamp": "Δημιουργήθηκε κωδικός:","bringMoney.sessionLimit.message": "Δεν μπορείτε να βάλετε περισσότερο από {0} σε μια συνεδρία","bringMoney.success.message": "Η μετάδοση πέτυχε <br/>Ο κωδικός συμμετοχής σας γι' αυτή τη σύνδεση είναι: {0}","bringMoney.tableBalance": "Υπόλοιπο παιχνιδιού:","bringMoney.transactionLimit.message": "Δεν μπορείτε να βάλετε περισσότερο από {0}","brokenGames.unfinishedGames": "Έχετε μη ολοκληρωμένα παιχνίδια στο Καζίνο.","brokenGames.likeToResume": "Θέλετε να συνεχίσετε;","brokenGames.selectGame": "Παρακαλούμε, επιλέξτε παιχνίδι για να συνεχίσετε.","desktop.caption.audioSettings": "Ρυθμίσεις ήχου","desktop.caption.generalSettings": "Γενικές ρυθμίσεις","desktop.fsb.ButtonText": "Κάντε κλικ εδώ","desktop.fsb.notificationText": "Έχετε δωρεάν περιστροφές! Κάντε κλικ εδώ για να τις χρησιμοποιήσετε τώρα!","desktop.goldenchip.ButtonText": "Πληροφορίες","desktop.goldenchip.notificationText": "Πατήστε για να επιλέξετε Χρυσή Μάρκα από τον δίσκο Χρυσών Μαρκών στο κάτω μέρος του τραπεζιού","desktop.goldenchip.v2.notificationText": "Έχετε διαθέσιμες {Χρυσές Μάρκες}. Οι {Χρυσές Μάρκες} είναι για σκοπούς πονταρίσματος και θα αφαιρούνται από τα κέρδη σας μετά από κάθε γύρο πονταρίσματος.","desktop.label.gameSounds": "Ήχοι παιχνιδιού","desktop.label.skipIntro": "Παράλειψη εισαγωγικού βίντεο","desktop.label.splashScreen": "Να μην εμφανίζεται η οθόνη εκκίνησης","desktop.label.volume": "Ένταση ήχου","desktop.loading.gameBy": "ΕΝΑ ΠΑΙΧΝΙΔΙ ΑΠΟ ΤΗΝ","desktop.loading.loadingGame": "Γίνεται φόρτωση του παιχνιδιού...","desktop.loading.proudlyPresents": "ΠΑΡΟΥΣΙΑΖΕΙ ΜΕ ΥΠΕΡΗΦΑΝΕΙΑ","desktop.promotetoreal.continuePlaying": "Συνέχεια παιχνιδιού","desktop.promotetoreal.playForReal": "ΠΑΙΧΝΙΔΙ ΜΕ ΠΡΑΓΜΑΤΙΚΑ ΧΡΗΜΑΤΑ","desktop.promotetoreal.text": "Φαίνεται ότι βρίσκεστε σε νικητήριο σερί. Θέλετε να παίξετε με πραγματικά χρήματα;","desktopGameAdvisor.header": "Χρειαζεστε βοηθεια για να βρειτε περισσοτερα παιχνιδια","desktopGameAdvisor.hideButton": "Να μην εμφανίζετε ξανά αυτό το μήνυμα","desktopGameAdvisor.suggestions": "Ριξτε μια ματια στισ παρακατω προτασεισ","download.installFlashPlayer.linkText": "τη διεύθυνση Adobe.com","download.installFlashPlayer.part1": "Για να εκκινήσετε το καζίνο, πρέπει να έχετε το Adobe Flash Player εγκατεστημένο στο σύστημά σας.","download.installFlashPlayer.part2.1": "Κάντε κλικ εδώ για να επισκεφθείτε","download.installFlashPlayer.part2.2": "τώρα.","download.installFlashPlayer.part3": "Αφού εγκαταστήσετε το player, εκκινήστε εκ νέου το καζίνο.","error.id.title": "Λανθασμένο ID παιχνιδιού","error.item.unavailable": "Λυπούμαστε, αλλά αυτό το στοιχείο δεν είναι διαθέσιμο αυτή τη στιγμή. Δοκιμάστε ξανά αργότερα.","error.malformed.back.url": "Λανθασμένη σύνταξη URL επιστροφής. Δεν μπορείτε να αρχίσετε το παιχνίδι","gameAdvisor.header": "Σύμβουλος παιχνιδιού","gameAdvisor.hideButton": "προσωρινή απόκρυψη","gameAdvisor.mostPopular": "Πιο δημοφιλή","gameAdvisor.mostPopular_1": "Κουλοχέρηδες","gameAdvisor.mostPopular_2": "Επιτραπέζια παιχνίδια","gameAdvisor.mostPopular_3": "Παιχνίδια τράπουλας","gameAdvisor.mostPopular_4": "Βίντεο πόκερ","gameAdvisor.mostPopular_5": "Παιχνίδια Arcade","gameAdvisor.mostPopular_6": "Προοδευτικά παιχνίδια","gameAdvisor.mostPopular_7": "Προοδευτικά παιχνίδια","gameAdvisor.newGames": "Νέα παιχνίδια","gameAdvisor.otherGames": "Άλλα παιχνίδια","gameAdvisor.otherPlayers": "Άλλοι παίκτες","gameAdvisor.similarGames": "Παρόμοια παιχνίδια","gameAdvisor.suggestions": "Ρίξτε μια ματιά στις ακόλουθες προτάσεις","goldenChip.notification": "{count} ΧΡΥΣΕΣ ΜΑΡΚΕΣ ΑΞΙΑΣ {amount} ΕΙΝΑΙ ΔΙΑΘΕΣΙΜΕΣ ΣΕ ΑΥΤΟ ΤΟ ΠΑΙΧΝΙΔΙ","label.concession": "Παραχώρηση","label.extend": "Επέκταση","label.extend.for": "%time% λεπτά","label.forgot": "Ξεχάσατε τον κωδικό πρόσβασης;","label.joinNow": "Συμμετοχή τώρα","label.logIn": "Σύνδεση","label.logout": "Αποσύνδεση","label.mode.fun": "ΠΑΧΝΙΔΙ ΜΕ ΕΙΚΟΝΙΚΑ ΧΡΗΜΑΤΑ","label.mode.real": "ΠΑΙΧΝΙΔΙ ΜΕ ΠΡΑΓΜΑΤΙΚΑ ΧΡΗΜΑΤΑ","label.notInUse": "Δεν χρησιμοποιειται","label.practice": "Παίξτε σε λειτουργία Εξάσκησης","label.rememberPass": "Αποθήκευση κωδικού","limits.state.title": "ΌΡΙΑ:","loading.game.title": "Φόρτωση<br />","lobbyInGame.categoryName.featured": "Προβαλλόμενο","lobbyInGame.categoryName.jackpots": "Τζακπότ","lobbyInGame.categoryName.slots": "Κουλοχέρηδες","lobbyInGame.categoryName.tableGames": "Επιτραπέζια παιχνίδια","lobbyInGame.title": "Παιχνίδια","mainMenu.account": "Ο λογαριασμός μου","mainMenu.bank": "Τράπεζα","mainMenu.bonusTerms": "Όροι μπόνους","mainMenu.bringMoney": "Φέρτε τα χρήματα","mainMenu.chat": "ΣΥΝΟΜΙΛΊΑ","mainMenu.compPoints": "Πόντοι αποζημίωσης","mainMenu.deposit": "Κατάθεση","mainMenu.depositLimit": "Όριο κατάθεσης","mainMenu.fullScreen": "Πλήρης οθόνη","mainMenu.fundsTransfer": "Μεταφορά κεφαλαίων","mainMenu.gameVersion": "Έκδοση παιχνιδιού","mainMenu.help": "Βοήθεια","mainMenu.history": "Ιστορικό","mainMenu.inviteFriend": "Πρόσκληση φίλου","mainMenu.leftRightHand": "Αριστερό/ Δεξιό χέρι","mainMenu.licenseeInfo": "Πληροφορίες κατόχου άδειας","mainMenu.limits": "Όρια","mainMenu.lobby": "Λόμπι","mainMenu.multiplayerLobby": "Λόμπι Παικτών/Παικτριών","mainMenu.logout": "Αποσύνδεση","mainMenu.options": "Επιλογές","mainMenu.panic": "Πανικός","mainMenu.paytable": "Πίνακας πληρωμών","mainMenu.playForReal": "Παιχνίδι με Πραγματικά χρήματα","mainMenu.promotions": "Προσφορές","mainMenu.quickDeposit": "Γρήγορη κατάθεση","mainMenu.respGaming": "Υπεύθυνο παιχνίδι","mainMenu.responsibleGamingApproval": "Υπεύθυνο παιχνίδι","mainMenu.responsibleGamingSngc": "","mainMenu.reverse.withdraw": "Αντιστροφή ανάληψης","mainMenu.selfExclusion": "Αυτο-αποκλεισμός","mainMenu.settings": "Ρυθμίσεις","mainMenu.share": "Μοιραστείτε το","mainMenu.shareRefer": "Προτείνετε ένα φίλο","mainMenu.sound": "Ήχος","mainMenu.support": "Εξυπηρέτηση","mainMenu.timeOut": "Τάιμ άουτ","mainMenu.transactions": "Συναλλαγές","mainMenu.withdraw": "Ανάληψη","menu.main.left.right.hand": "Αριστερό/ Δεξιό χέρι","message.autoplayFinished": "Το αυτόματο παιχνίδι διακόπηκε","message.browserMode": "Σίγουρα θέλετε να γυρίσετε σε λειτουργία περιηγητή; Αυτό θα απαιτήσει την επαναφόρτωση του παιχνιδιού και το τρέχον παιχνίδι δεν θα αποθηκευθεί","message.button.accept": "Αποδοχή","message.button.cancel": "Ακύρωση","message.button.close": "Κλείσιμο","message.button.decline": "Απόρριψη","message.button.later": "Αργότερα","message.button.no": "Όχι","message.button.ok": "ΟΚ","message.button.play_fun": "Παιχνίδι με εικονικά χρήματα","message.button.reload": "Επαναφόρτωση","message.button.relogin": "Δοκιμάστε ξανά","message.button.update": "Ενημέρωση","message.button.yes": "Ναι","message.button.resume": "Επαναφορά","message.connError": "Δεν ήταν εφικτή η σύνδεση στον διακομιστή Δοκιμάστε ξανά αργότερα. Το παιχνίδι θα φορτωθεί σε εικονική λειτουργία.","message.connectionLost": "Δυστυχώς, υπήρξε κάποιο πρόβλημα με τη σύνδεησ δικτύου.<br/>Δοκιμάστε να πραγματοποιήσετε επαναφόρτωση του παιχνιδιού ή να επιλέξετε κάποιο άλλο.","message.exit": "Σας ευχαριστούμε που παίζετε στο [casinoname] Καζίνο!<br/>Θέλετε πραγματικά να εξέλθετε;","message.gameNotLoaded": "Δεν γίνεται φόρτωση του παιχνιδιού. Δοκιμάστε ξανά ή επιλέξτε άλλο παιχνίδι. Εάν το πρόβλημα επιμείνει, επικοινωνήστε με την εξυπηρέτηση πελατών μας.","message.inGameLobby.games": "Παιχνίδια","message.incorrectUser": "Πληκτρολογήσατε λανθασμένο όνομα χρήστη ή κωδικό. Επαληθεύστε τα στοιχεία του λογαριασμού σας και δοκιμάστε ξανά.","message.insufDep": "Ανεπαρκές υπόλοιπο Θα θέλατε να κάνετε κατάθεση;","message.insufReal": "Ανεπαρκές υπόλοιπο Θα θέλατε να παίξετε με πραγματικά χρήματα;","message.insufTable": "Ανεπαρκές υπόλοιπο Θα θέλατε να φέρετε επιπλέον χρήματα στο τραπέζι;","message.loggedOut": "Αποσυνδεθήκατε. Εάν δεν μπορέσετε να συνδεθείτε ξανά, επικοινωνήστε με την εξυπηρέτηση πελατών μας.","message.login.failed": "Η σύνδεση απέτυχε Θα σας ανακατευθύνουμε στη σελίδα της υποδοχής.","message.login.retry": "Αδυναμία σύνδεσης","message.loginError": "Η συνεδρία έληξε, συνδεθείτε ξανά.","message.needLogin": "Παρακαλούμε συνδεθείτε στον προθάλαμο, για να παίξετε με πραγματικά χρήματα.","message.sessionClosed": "Η συνεδρία σας έληξε: θα ανακατευθυνθείτε στον προθάλαμο.","message.networkError": "Προέκυψε σφάλμα δικτύου. Το παιχνίδι θα κλείσει.","message.shutdownNotification": "Το σύστημα είναι υπό συντήρηση. Θα αποσυνδεθείτε σε {timeleft} λεπτά. Για να συνεχίσετε να παίζετε, παρακαλούμε επανασυνδεθείτε στο καζίνο.","message.panicMessage": "Θέλετε σίγουρα να αυτο-αποκλειστείτε για τις επόμενες 12 ώρες;","message.promoGadget.promotions": "Προσφορές","message.reconnect": "Η σύνδεση χάθηκε, επανασύνδεση","message.selectGame": "Επιλέξτε ένα παιγνίδι για να χρησιμοποιήσετε το μπόνους","message.server.disconnect": "Αποσύνδεση από τον διακομιστή. Το παιχνίδι θα φορτωθεί σε εικονική λειτουργία.","message.single.session": "Το παιχνίδι με αυτόν το χρήστη έχει ανοίξει σε μια άλλη συσκευή","message.spinError": "Σφάλμα περιστροφής παιχνιδιού. Δοκιμάστε ξανά","message.termsAndConditions": "Όροι & Προϋποθέσεις","mg.label.balance": "ΥΠΟΛΟΙΠΟ","mg.label.demo": "ΕΠΙΔΕΙΞΗ","mini.caption.settings": "Ρυθμίσεις","mini.label.disableWarnings": "Απενεργοποίηση προειδοποιήσεων","mini.label.volume": "ΕΝΤΑΣΗ ΗΧΟΥ","nickname.error": "Επιλέξτε άλλο ψευδώνυμο.","nickname.message": "Καλωσορίσατε! <br> Επιλέξτε το ψευδώνυμό σας για το καζίνο!","nickname.note": "Σημείωση: Για να αλλάξετε το ψευδώνυμό σας, επικοινωνήστε με την Εξυπηρέτηση Πελατών.","quickMenu.inGameLobby": "","quickMenu.notification.freeSpin": "[count] ΔΩΡΕΑΝ ΠΕΡΙΣΤΡΟΦΕΣ ΔΙΑΘΕΣΙΜΕΣ ΣΕ ΑΥΤΟ ΤΟ ΠΑΙΧΝΙΔΙ","quickMenu.notification.promoGadget": "ΔΙΑΤΙΘΕΝΤΑΙ ΝΕΕΣ ΠΡΟΩΘΗΣΕΙΣ","quickMenu.promoGadget": "","realitycheck.message.button.continue": "Συνέχεια","realitycheck.message.button.stop": "Διακοπήф","servererror10": "Αυτό το ψευδώνυμο χρησιμοποιείται προς το παρόν από άλλον παίκτη.<br>Εισαγάγετε διαφορετικό ψευδώνυμο και δοκιμάστε ξανά.","servererror1018": "Μπορείτε να παίζετε μόνο σε ένα δίκτυο τη φορά. Κλείστε όλα τα παιχνίδια και εξέλθετε από λίστες αναμονής πριν αλλάξετε δίκτυο.","servererror104": "Η συνεδρία σας δεν είναι έγκυρη","servererror108": "Ανεπαρκές υπόλοιπο για το ποντάρισμα που ζητήσατε. Τοποθετήστε ποντάρισμα μικρότερης αξίας ή επισκεφθείτε το <u><a href=\"htcmd:switchtogame?code=cashier\">Ταμείο</a></u> για να πραγματοποιήσετε κατάθεση.","servererror178": "Η σύνδεση απέτυχε Θα σας ανακατευθύνουμε στη σελίδα της υποδοχής.","servererror113": "Λόγω τεχνικού θέματος, δεν μπορούμε προς το παρόν να ολοκληρώσουμε αυτόν τον γύρο.<br>Μπορείτε να ολοκληρώσετε το παιχνίδι ή να δείτε το αποτέλεσμα στο ιστορικό παιχνιδιού σε μεταγενέστερη φάση, μόλις επιλυθεί το θέμα.<br>Επικοινωνήστε με την Υποστήριξη Πελατών στη διεύθυνση [supportemail] για περαιτέρω βοήθεια.<br>Ζητούμε συγγνώμη για τυχόν αναστάτωση.","servererror13": "Λυπούμαστε, ο διακομιστής του προοδευτικού τζακπότ δεν αποκρίνεται αυτή τη στιγμή.<br>Δοκιμάστε ξανά αργότερα.<br>Στο μεταξύ, δοκιμάστε να παίξετε σε κάποια από τα συνήθη παιχνίδια μας.","servererror147": "Πρέπει να τελειώσετε το ανολοκλήρωτο παιχνίδι σας πριν ξεκινήσετε ένα καινούργιο","servererror15": "Λυπούμαστε, η ομάδα της Υποστήριξης Πελατών δεν είναι διαθέσιμη προς το παρόν.<br>Δοκιμάστε ξανά σε μερικά λεπτά.<br>Ζητούμε συγγνώμη για τυχόν αναστάτωση.","servererror16": "Ο ντίλερ λείπει από το τραπέζι αυτή τη στιγμή. Δοκιμάστε κάποια από τα υπόλοιπα τραπέζια μας.","servererror17": "Λυπούμαστε, δεν υπάρχει απόκριση από τον διακομιστή του παιχνιδιού.<br>Εάν το πρόβλημα επιμείνει, μπορείτε να συνεχίσετε το παιχνίδι μόνο σε λειτουργία εκτός σύνδεσης.<br>Επικοινωνήστε με την Υποστήριξη Πελατών στη διεύθυνση [supportemail] για άμεση βοήθεια.<br>Ζητούμε συγγνώμη για τυχόν αναστάτωση.","servererror204": "Ο ντίλερ δεν βρίσκεται στο τραπέζι.","servererror233": "Τα πονταρίσματά σας δεν επιβεβαιώθηκαν για αυτόν τον γύρο παιχνιδιού λόγω θεμάτων με τη σύνδεσή σας στο διαδίκτυο. Δοκιμάστε ξανά στον επόμενο γύρο παιχνιδιού. Εάν το πρόβλημα επιμείνει, ίσως χρειαστεί να επικοινωνήσετε με τον πάροχο υπηρεσιών διαδικτύου για βοήθεια.","servererror27": "Προέκυψε σφάλμα εσωτερικού συγχρονισμού. Επικοινωνήστε με την Υποστήριξη Πελατών στη διεύθυνση [supportemail] για περαιτέρω βοήθεια.<br>Ζητούμε συγγνώμη για τυχόν αναστάτωση.","servererror28": "Αυτό το παιχνίδι είναι κλειστό προς το παρόν. Δοκιμάστε κάποια από τα υπόλοιπα παιχνίδια μας.","servererror29": "Δεν μπορείτε να συμμετάσχετε στο ίδιο τραπέζι live παιχνιδιού δύο φορές.","servererror31": "Λόγω ενός προβλήματος επικοινωνίας, το ποντάρισμά σας δεν καταχωρίστηκε έγκαιρα. Κλείστε το παράθυρο του παιχνιδιού και εκκινήστε το παιχνίδι ξανά. Για να αποτρέψετε αυτό το πρόβλημα στο μέλλον, προσπαθείτε να επιβεβαιώνετε τα πονταρίσματά σας τη στιγμή που ξεκινά ο γύρος παιχνιδιού.","servererror33": "Δεν έχετε αρκετά πραγματικά χρήματα για να τοποθετήσετε το φιλοδώρημα.","servererror332": "Προσπαθούμε να καταλάβουμε περισσότερες θέσεις από όσες επιτρέπονται.","servererror334": "Αυτό το τραπέζι απαγορεύεται από τους κανονισμούς της Ιταλίας. Δοκιμάστε κάποια από τα υπόλοιπα παιχνίδια μας.","servererror35": "Δεν ήταν δυνατή η τοποθέτηση του προοδευτικού παράπλευρου πονταρίσματος. Για περαιτέρω βοήθεια, επικοινωνήστε με την Υποστήριξη Πελατών στη διεύθυνση [supportemail].","servererror4": "Αυτό το τραπέζι παιχνιδιού είναι πλήρες προς το παρόν.<br>Δοκιμάστε ξανά αργότερα ή ρίξτε μια ματιά στα άλλα τραπέζια μας.","servererror522": "Το πεδίο '<b>Επαλήθευση κωδικού πρόσβασης</b>' δεν ταιριάζει με τον κωδικό πρόσβασης που πληκτρολογήσατε.<br>Συμπληρώστε και πάλι το πεδίο '<b>Επαλήθευση κωδικού πρόσβασης</b>'.","servererror57": "Τεχνικό σφάλμα. Όλα τα πονταρίσματά σας επιστράφηκαν","servererror586": "Η ελάχιστη ισχύς για τον κωδικό πρόσβασής σας είναι \"Πολύ αδύναμος\": πρέπει να έχει μήκος τουλάχιστον 8 χαρακτήρες.","servererror587": "Η ελάχιστη ισχύς για τον κωδικό πρόσβασής σας είναι \"Αδύναμος\": πρέπει να έχει μήκος τουλάχιστον 8 χαρακτήρες και να περιλαμβάνει τόσο πεζά όσο και κεφαλαία γράμματα.","servererror588": "Η ελάχιστη ισχύς για τον κωδικό πρόσβασής σας είναι \"Μεσαίος\": πρέπει να έχει μήκος τουλάχιστον 8 χαρακτήρες, να περιλαμβάνει τόσο πεζά όσο και κεφαλαία γράμματα, και τουλάχιστον έναν αριθμό.","servererror589": "Η ελάχιστη ισχύς για τον κωδικό πρόσβασής σας είναι \"Ισχυρός\": πρέπει να έχει μήκος τουλάχιστον 8 χαρακτήρες, να περιλαμβάνει τόσο πεζά όσο και κεφαλαία γράμματα, τουλάχιστον έναν αριθμό και τουλάχιστον έναν ειδικό χαρακτήρα.","servererror590": "Η ελάχιστη ισχύς για τον κωδικό πρόσβασής σας είναι \"Ο ισχυρότερος\": πρέπει να έχει μήκος τουλάχιστον 12 χαρακτήρες, να περιλαμβάνει τόσο πεζά όσο και κεφαλαία γράμματα, τουλάχιστον έναν αριθμό και τουλάχιστον έναν ειδικό χαρακτήρα.","servererror6": "Λυπούμαστε, δεν υπάρχει απόκριση από τον διακομιστή του παιχνιδιού.<br>Επικοινωνήστε με την Υποστήριξη Πελατών στη διεύθυνση [supportemail] για άμεση βοήθεια.<br>Ζητούμε συγγνώμη για τυχόν αναστάτωση.","servererror610": "Αυτό το παιχνίδι δεν είναι διαθέσιμο προς το παρόν. Δοκιμάστε κάποια από τα υπόλοιπα παιχνίδια μας.","servererror615": "Τα προοδευτικά παιχνίδια είναι διαθέσιμα μόνο όταν παίζετε με πραγματικά χρήματα.","servererror616": "Αυτή η θέση είναι ήδη κατειλημμένη από άλλον παίκτη. Επιλέξτε μια ελεύθερη θέση.","servererror630": "Λόγω τεχνικών θεμάτων, δεν μπορέσαμε να ολοκληρώσουμε αυτόν τον γύρο.<br>Θα ειδοποιηθείτε μόλις γίνει επαναφορά του παιχνιδιού και το υπόλοιπό σας προσαρμοστεί αντίστοιχα.","servererror644": "Λυπούμαστε, αυτή η λειτουργία δεν είναι διαθέσιμη προς το παρόν","servererror647": "Λυπούμαστε, τα πονταρίσματά σας δεν έγιναν δεκτά. Επικοινωνήστε με την Υποστήριξη Πελατών στη διεύθυνση [supportemail] για περαιτέρω βοήθεια.","servererror650": "Αυτό το παιχνίδι περιορίζεται σε μία συνεδρία τη φορά. Κλείστε το ενεργό παιχνίδι σας προκειμένου να μπείτε σε νέο τραπέζι.","servererror680": "Έχετε ανολοκλήρωτο παιχνίδι από προηγούμενη συνεδρία παιχνιδιού σε μια λειτουργία παιχνιδιού που δεν υποστηρίζεται αυτή τη στιγμή. Επικοινωνήστε με την Υποστήριξη Πελατών για άμεση βοήθεια. Ζητούμε συγγνώμη για τυχόν αναστάτωση.","servererror681": "Ο νέος σας κωδικός πρόσβασης πρέπει να είναι διαφορετικός από τον παλιό.<br>Εισαγάγετε διαφορετικό κωδικό πρόσβασης και δοκιμάστε ξανά.","servererror700": "Έχει εξαντληθεί ο μέγιστος αριθμός ανταγωνιζόμενων εσωτερικών παικτών στο [casino].","servererror701": "Έχει εξαντληθεί το μέγιστο όριο πονταρίσματος για τους εσωτερικούς παίκτες στο [casino].","servererror720": "Αυτό το παιχνίδι περιορίζεται σε μία συνεδρία τη φορά.","servererror801": "Παρακολουθείτε ήδη αυτό το τραπέζι.","servererror802": "Λυπούμαστε, έχει εξαντληθεί ο μέγιστος αριθμός θεατών για αυτό το τραπέζι. Τώρα θα αποσυνδεθείτε από το τραπέζι.","servererror803": "Αυτό το τραπέζι είναι πλήρες προς το παρόν. Τώρα θα αποσυνδεθείτε από το τραπέζι.","servererror804": "Λυπούμαστε, αυτό το τραπέζι δεν είναι διαθέσιμο. Επιλέξτε άλλο τραπέζι.","servererror805": "Ο γύρος δεν είναι ενεργός.","servererror806": "Μη έγκυρη ενέργεια.","servererror807": "Λυπούμαστε, δεν μπορείτε να συμμετάσχετε σε αυτό το τραπέζι καθώς τα όρια πονταρίσματος δεν είναι διαθέσιμα σε εσάς.","servererror808": "Διπλασιασμός πονταρίσματος.","servererror809": "Εξαντλήθηκε ο μέγιστος αριθμός επιτρεπόμενων γύρων αδράνειας. Τώρα θα αποσυνδεθείτε από το τραπέζι.","servererror810": "Εξαντλήθηκε ο μέγιστος αριθμός επιτρεπόμενων γύρων θέασης. Τώρα θα αποσυνδεθείτε από το τραπέζι...","servererror811": "Δεν μπορείτε να συμμετάσχετε στο ίδιο τραπέζι δύο φορές.","servererror812": "Παρακολουθείτε.","servererror813": "Αυτή η θέση είναι ήδη κατειλημμένη από άλλον παίκτη. Επιλέξτε μια ελεύθερη θέση.","servererror814": "Μη επιβεβαιωμένα πονταρίσματα θα αφαιρεθούν από το τραπέζι.","servererror815": "Λυπούμαστε, αυτό το τραπέζι θα κλείσει. Επιλέξτε άλλο τραπέζι.","servererror816": "Δεν υπάρχουν παίκτες σε αυτό το τραπέζι. Θα κλείσει σε [1] δευτερόλεπτα.","servererror817": "Λυπούμαστε, αυτό το τραπέζι έκλεισε. Επιλέξτε άλλο τραπέζι.","servererror818": "Το ενεργό παιχνίδι δεν βρέθηκε.","servererror819": "Δεν έχετε άδεια να συμμετάσχετε σε αυτό το τραπέζι.","servererror820": "Έφτασε ο χρόνος λήξης του τραπεζιού και το τραπέζι έκλεισε.","servererror821": "Εσφαλμένος κωδικός πρόσκλησης. Επαληθεύστε τον κωδικό πρόσκλησης.","servererror822": "Το όνομα τραπεζιού που εισαγάγατε περιλαμβάνει λέξεις που δεν επιτρέπονται. Εισαγάγετε διαφορετικό όνομα τραπεζιού.","servererror823": "Το όνομα τραπεζιού πρέπει να έχει μήκος από 1 έως 30 χαρακτήρες και μπορεί να περιλαμβάνει μόνο γράμματα, αριθμούς και διαστήματα.","servererror824": "Δεν μπορείτε να δημιουργήσετε περισσότερα τραπέζια εφόσον έχετε ήδη δημιουργήσει τρία τραπέζια ιδιωτικής ομάδας που είναι ανοικτά αυτή τη στιγμή.","servererror825": "Το όνομα τραπεζιού που εισαγάγατε χρησιμοποιείται ήδη. Εισαγάγετε διαφορετικό όνομα τραπεζιού.","servererror826": "Το πρότυπο ιδιωτικής ομάδας έκλεισε. Επιλέξτε διαφορετικό πρότυπο.","servererror827": "Ο κωδικός πρόσβασης που εισαγάγατε περιλαμβάνει λέξεις που δεν επιτρέπονται. Εισαγάγετε διαφορετικό κωδικό πρόσβασης.","servererror828": "Ο κωδικός πρόσκλησης πρέπει να έχει μήκος από 1 έως 10 χαρακτήρες και μπορεί να περιλαμβάνει μόνο γράμματα και αριθμούς.","servererror832": "Δεν μπορείτε να συμμετάσχετε στο τραπέζι με το ίδιο συνολικό ποντάρισμα.","servererror9": "Επιλέξτε διαφορετικό ψευδώνυμο.","setSelfExclusionDialog.cancelButton": "Ακύρωση","setSelfExclusionDialog.header": "Αυτο-αποκλεισμός","setSelfExclusionDialog.okButton": "Εφαρμογή","setSelfExclusionDialog.periodRestrictionLabel": "Ενεργοποίηση αυτο-αποκλεισμού","sky.error.undefined": "Προέκυψε σφάλμα του παιχνιδιού! Θα ανακατευθυνθείτε στο λόμπι.","sound.popup.dontShowMeAgain": "Να μην μου προβληθεί ξανά","sound.popup.text": "Επιθυμείτε να παίξετε με ήχο;","timeLossLimit.gambling.closeGame.button": "Αποχώρηση","timeLossLimit.gambling.ignore.button": "Συνέχεια","timeLossLimit.gambling.warning": "Πλέον παίζετε [minutes] λεπτά από τη στιγμή που ξεκίνησε η σύνδεση τυχερών παιχνιδιών σε κουλοχέρηδες. Κατά τη διάρκεια αυτής της περιόδου έχετε ποντάρει συνολικά [bets]","timeLossLimit.limitReached.loss.error": "Έχετε φτάσει το μέγιστο όριο χασούρας ανά σύνδεση και το παιχνίδι θα κλείσει τώρα. Κατά τη διάρκεια της σύνδεσης αυτής ποντάρατε συνολικά [bets] και κερδίσατε συνολικά [wins]","timeLossLimit.limitReached.time.error": "Έχετε φτάσει το μέγιστο χρονικό όριο ανά σύνδεση και το παιχνίδι θα κλείσει τώρα. Κατά τη διάρκεια της σύνδεσης αυτής ποντάρατε συνολικά [bets] και κερδίσατε συνολικά [wins]","timeLossLimit.losslimit.proximity.warning": "Σημειώστε – πλησιάζετε το όριο χασούρας ανά σύνδεση","timeLossLimit.sessionsummary": "Η τρέχουσα σύνδεσή σας στο παιχνίδι θα ολοκληρωθεί τώρα. Κατά τη διάρκεια της σύνδεσης αυτής ποντάρατε συνολικά [bets] και κερδίσατε συνολικά [wins]","timeLossLimit.timelimit.proximity.warning": "Σημειώστε – πλησιάζετε το χρονικό όριο ανά σύνδεση","timeLossLimit.tooHighBet.error": "Το ποντάρισμά σας δεν μπορεί να γίνει αποδεκτό καθώς ενδέχεται να υπερβαίνει το όριο χασούρας σας ανά συνεδρία. Τοποθετήστε μικρότερο ποντάρισμα","timeLossLimitDialog.betLimit.label": "Όριο απώλειας","timeLossLimitDialog.betLimit.value.error": "Μη έγκυρο ποσό. Εισαγάγετε και πάλι έγκυρο ποσό","timeLossLimitDialog.betLimit.value.error.bigThanBalance": "Your loss limit is higher than your balance. Please enter a smaller amount or make a deposit","timeLossLimitDialog.betLimit.value.error.notValid": "Μη έγκυρο ποσό. Εισαγάγετε και πάλι έγκυρο ποσό","timeLossLimitDialog.cancelButton.label": "Ακύρωση","timeLossLimitDialog.gamblingNoticeInterval.label": "Διακοπή ειδοποίησης τυχερών παιχνιδιών","timeLossLimitDialog.okButton.label": "OΚ","timeLossLimitDialog.sessionTimer.label": "Χρονόμετρο συνεδρίας","timeLossLimitDialog.sessionTimer.placeholder": "Πατήστε για να επιλέξετε","timeLossLimitDialog.timeLimit.value.error.empty": "Μη έγκυρη τιμή χρονομέτρου σύνδεσης. Επιλέξτε έγκυρη χρονική περίοδο","timeLossLimitDialog.title": "Περιορισμοί Παιχνιδιού Κουλοχέρη","uifeatures.demo.popup": "Δοκιμάστε το τώρα δωρεάν","uifeatures.real.popup": "Τώρα παίζετε με πραγματικά χρήματα","ukreg.autoplay.jackpotsinglewinlimit.message": "Διακοπή αυτόματου παιχνιδιού: νίκη τζακπότ. Κερδήθηκαν πάνω από [amount]","ukreg.autoplay.jackpotwinlimit.message": "Διακοπή αυτόματου παιχνιδιού: κερδήθηκε τζακπότ.","ukreg.autoplay.losslimit.message": "Διακοπή αυτόματου παιχνιδιού: εξαντλήσατε το όριο απώλειας.","ukreg.autoplay.singlewinlimit.message": "Διακοπή αυτόματου παιχνιδιού: κερδήθηκαν πάνω από [amount].","ukreg.cancelButtonText": "Eξοδοσ","ukreg.confirmButtonText": "Επιβεβαίωση","ukreg.jackPotLabel": "Διακοπη αυτοματου παιχνιδιου εαν κερδισετε το τζακποτ","ukreg.lossLabel": "Διακοπη αυτοματου παιχνιδιου σε συνολικη απωλεια υψουσ:","ukreg.lossLimitExceedMessage": "Πολύ υψηλή τιμή ορίου χασούρας: Το μέγιστο επιτρεπτό ποσό είναι [amount].","ukreg.lossLimitInvalidMessage": "Μη έγκυρο ποσό στο πεδίο ορίου χασούρας. Εισαγάγετε έγκυρο ποσό.","ukreg.lossLimitLowMessage": "Το όριο απώλειας που εισαγάγατε είναι πολύ χαμηλό για έναρξη του Αυτόματου παιχνιδιού. Εισαγάγετε μεγαλύτερο ποσό.","ukreg.singleWinExceedMessage": "Πολύ υψηλή τιμή ορίου μίας νίκης: Το μέγιστο επιτρεπτό ποσό είναι [amount]","ukreg.singleWinInvalidMessage": "Μη έγκυρο ποσό στο πεδίο ορίου μίας νίκης. Εισαγάγετε έγκυρο ποσόΕισαγάγετε έγκυρο ποσό.","ukreg.singleWinLabel": "Διακοπη οταν υπαρξει νικη υψουσ ανω των:","ukreg.singleWinLowMessage": "Πολύ υψηλή τιμή ορίου μονού κέρδους: Το μέγιστο επιτρεπτό ποσό είναι [amount].","ukreg.title": "Υπευθυνοσ στοιχηματισμοσ – Αυτοματο παιχνιδι","unit.time.10minutes": "10 λεπτά","unit.time.12hours": "12 ώρες","unit.time.15minutes": "15 λεπτά","unit.time.1day": "1 ημέρα","unit.time.1hour": "1 ώρα","unit.time.1month": "1 μήνας","unit.time.1week": "1 εβδομάδα","unit.time.20minutes": "20 λεπτά","unit.time.2hours": "2 ώρες","unit.time.30minutes": "30 λεπτά","unit.time.40minutes": "40 λεπτά","unit.time.50minutes": "50 λεπτά","unit.time.5minutes": "5 λεπτά","unit.time.60minutes": "60 λεπτά","unit.time.dimension.day.1": "ημέρα","unit.time.dimension.day.few": "ημέρες","unit.time.dimension.day.other": "ημέρες","unit.time.dimension.hour.1": "ώρα","unit.time.dimension.hour.few": "ώρες","unit.time.dimension.hour.other": "ώρες","unit.time.dimension.minute.1": "λεπτό","unit.time.dimension.minute.few": "λεπτά","unit.time.dimension.minute.other": "λεπτά","unit.time.dimension.month.1": "μήνα","unit.time.dimension.month.few": "μήνες","unit.time.dimension.month.other": "μήνες","unit.time.dimension.second.1": "δευτερόλεπτο","unit.time.dimension.second.few": "δευτερόλεπτα","unit.time.dimension.second.other": "δευτερόλεπτα","unit.time.dimension.week.1": "εβδομάδα","unit.time.dimension.week.few": "εβδομάδες","unit.time.dimension.week.other": "εβδομάδες","unsupported.landscape.text": "ΤΟ ΠΑΙΧΝΙΔΙ ΕΧΕΙ ΣΧΕΔΙΑΣΤΕΙ ΓΙΑ ΚΑΤΑΚΟΡΥΦΗ ΠΡΟΒΟΛΗ.<br />ΣΤΡΕΨΤΕ ΤΗΝ ΣΥΣΚΕΥΗ ΣΑΣ ΣΕ ΚΑΤΑΚΟΡΥΦΗ ΘΕΣΗ ΓΙΑ ΝΑ ΠΑΙΞΕΤΕ","unsupported.landscape.title": "ΠΑΙΧΝΙΔΙ<br />ΣΕ ΚΑΤΑΚΟΡΥΦΗ ΘΕΣΗ","unsupported.portrait.text": "ΤΟ ΠΑΙΧΝΙΔΙ ΕΧΕΙ ΣΧΕΔΙΑΣΤΕΙ ΓΙΑ ΟΡΙΖΟΝΤΙΑ ΠΡΟΒΟΛΗ.<br />ΣΤΡΕΨΤΕ ΤΗΝ ΣΥΣΚΕΥΗ ΣΑΣ ΣΕ ΟΡΙΖΟΝΤΙΑ ΘΕΣΗ ΓΙΑ ΝΑ ΠΑΙΞΕΤΕ","unsupported.portrait.title": "ΠΑΙΧΝΙΔΙ<br/>ΣΕ ΟΡΙΖΟΝΤΙΑ ΘΕΣΗ","update.ie9.browser.checkbox": "Να μην εμφανιστεί ξανά","update.ie9.browser.message": "Το Παιχνίδι λειτουργεί καλύτερα στην τελευταία έκδοση του Internet Explorer ή του Chrome. <br/>Κάντε κλικ εδώ για να ενημερώσετε τον Internet Explorer.","bringMoney.mobilePrimarySpinsCurrency" : "Δωρεάν περιστροφές","italyDesktopGameBonusNotification" : "Τώρα παίζεται με μπόνους παιχνιδιού. Κάντε κλικ στο κουμπί στον κάτω πίνακα, για να αλλάξετε σε πραγματικά χρήματα","bringMoney.multiBonusTitle" : "Επιλέξτε το ποσό των δωρεάν περιστροφών<br/>και πιστώσεις διασκέδασης να φέρετε στο παιχνίδι","desktop.label.freeSpins" : "ΔΩΡΕΑΝ ΠΕΡΙΣΤΡΟΦΕΣΔΩ","bringMoney.desktopSpinsCurrency" : "ΔΩΡΕΑΝ ΠΕΡΙΣΤΡΟΦΕΣ","italyDesktopRealMoneyNotification" : "Τώρα παίζετε με πραγματικά χρήματα. Κάντε κλικ στο κουμπί στον κάτω πίνακα, για να αλλάξετε στο μπόνους παιχνιδιού","multiplayerlobby.avatar": "Άβαταρ","multiplayerlobby.join": "Συμμετοχή","multiplayerlobby.join.table": "Συμμετοχή στο τραπέζι","multiplayerlobby.limits": "Όρια","multiplayerlobby.my.account": "Ο λογαριασμός μου","multiplayerlobby.nickname": "Ψευδώνυμο","multiplayerlobby.player.profile": "Το προφίλ του παίκτη","multiplayerlobby.players": "Παtκτεσ","multiplayerlobby.save": "Αποθήκευση","multiplayerlobby.status": "Κατάσταση","multiplayerlobby.table.name": "Όνομα τραπεζιού","multiplayerlobby.timer": "Χρονομετρητής","multiplayerlobby.show.country": "Προβολή της χώρας μου","message.unexpectedError.501" : "Δυστυχώς, το παιχνίδι αυτό δεν προσφέρεται σε λειτουργία διασκέδασης. Παρακαλούμε συνδεθείτε πρώτα","multiplayerlobby.playerprofile.error.nickname.3" : "Το ψευδώνυμο πρέπει να είναι λιγότερο ή ίσο με 20 σύμβολα","multiplayerlobby.playerprofile.error.nickname.2" : "Το πεδίο ψευδώνυμου πρέπει να συμπληρωθεί","multiplayerlobby.playerprofile.error.nickname.4" : "Προέκυψε σφάλμα κατά τη λήψη του ψευδώνυμου σας","multiplayerlobby.playerprofile.error.avatar.2" : "Δεν ήταν δυνατή η ενημέρωση του άβαταρ","multiplayerlobby.switch.to.another.game" : "ΘΕΛΕΤΕ ΠΡΑΓΜΑΤΙ ΝΑ ΑΛΛΑΞΕΤΕ ΤΟ ΠΑΙΧΝΙΔΙ;","multiplayerlobby.playerprofile.error.avatar.1" : "Προέκυψε σφάλμα κατά τη λήψη του άβαταρ σας","multiplayerlobby.playerprofile.error.status.2" : "Το πεδίο κατάστασης πρέπει να είναι λιγότερο ή ίσο με 20 σύμβολα","multiplayerlobby.nickname.update.error" : "Για να αλλάξετε το ψευδώνυμο σας, παρακαλούμε επικοινωνήστε με τη διαχείριση.","multiplayerlobby.playerprofile.error.status.3" : "Προέκυψε σφάλμα κατά τη λήψη της κατάστασης σας","multiplayerlobby.playerprofile.error.showcountry.2" : "Προέκυψε σφάλμα κατά τη λήψη της χώρας εμφάνισης σας","multiplayerlobby.playerprofile.error.showcountry.1" : "Δεν ήταν δυνατή η ενημέρωση της χώρας εμφάνισης σας","multiplayerlobby.playerprofile.error.status.1" : "Δεν ήταν δυνατή η ενημέρωση της κατάστασης παίκτη/παίκτριας","multiplayerlobby.stay" : "Παραμονή","multiplayerlobby.change" : "Αλλαγή","multiplayerlobby.join.error.no.nickname": "Λυπούμαστε, δεν μπορείτε να συμμετέχετε στο παιχνίδι χωρίς ψευδώνυμο","multiplayerlobby.playerprofile.error.nickname.1" : "Παρακαλούμε χρησιμοποιήστε μόνο γράμματα και αριθμούς","leaderboard.notification.leaderboard.completed": "Πίνακας βαθμολογίας Ολοκληρώθηκε","leaderboard.notification.leaderboard.finished": "Πίνακας βαθμολογίας Ολοκληρώθηκε","leaderboard.notification.leaderboard.cancelled": "Πίνακας βαθμολογίας ακυρώθηκε","leaderboard.notification.leaderboard.started": "Πίνακας βαθμολογίας άρχισε","leaderboard.notification.active": "Ενεργός","leaderboard.notification.starts.in": "ΑΡΧΙΖΕΙ ΣΕ"}
}