{"texts": {"GAME_CATEGORY_FEATURED": "精選","GAME_CATEGORY_LIVE": "現場","GAME_CATEGORY_NEW": "最新","GAME_CATEGORY_POKER": "撲克","GAME_CATEGORY_SCRATCH": "刮刮","GAME_CATEGORY_SLOTS": "老虎機","GAME_CATEGORY_VIDEO_POKER": "視訊撲克牌","affiliate.button.casino": "賭場","affiliate.button.dl": "下載","blockScreen.close.split": "請關閉分隔視窗以繼續遊戲","blockScreen.doubleTap": "請點按兩下以正常尺寸進行遊戲","blockScreen.singleTap": "請點按畫面繼續遊戲","blockScreen.swipeDown": "↓ 請向下撥動 ↓","blockScreen.swipeUp": "↑ 刷上即完全屏 ↑","blockScreen.enterFullscreen": "輕觸以全熒幕遊戲","bringMoney.aamsCode": "AAMS 階段編碼：","bringMoney.amountPlaceholder": "為牌桌加入現金","bringMoney.bring": "匯入遊戲中使用","bringMoney.casinoBalance": "賭場結餘：","bringMoney.failure.message": "轉輸失敗","bringMoney.fsbTitle": "選擇您要帶入遊戲的<br/>免費旋轉次數","bringMoney.notEnough.message": "您沒有足夠結餘","bringMoney.participationCode": "參加代碼：","bringMoney.realTitle": "選擇您要使用<br/>的真錢金額","bringMoney.ropCode": "最後合法參與編碼為","bringMoney.ropTimestamp": "已建立編碼：","bringMoney.sessionLimit.message": "您不能在一節內帶超過 {0}","bringMoney.success.message": "轉輸成功 <br/>您本節的參與編碼為：\n{0}","bringMoney.tableBalance": "遊戲結餘：","bringMoney.transactionLimit.message": "您不能帶超過 {0}","brokenGames.unfinishedGames": "您在娛樂場中有未完成的遊戲。","brokenGames.likeToResume": "您是否想要繼續？","brokenGames.selectGame": "請您選擇遊戲以繼續。","desktop.caption.audioSettings": "音效設定","desktop.caption.generalSettings": "一般設定","desktop.fsb.ButtonText": "點擊這裡","desktop.fsb.notificationText": "你已獲得免費旋轉! 點擊來立刻使用它們!","desktop.goldenchip.ButtonText": "資訊","desktop.goldenchip.notificationText": "從賭桌下方的金色代幣籌碼盤裡選擇一個代幣","desktop.goldenchip.v2.notificationText": "您尚有Golden Chips可使用。 Golden Chips只適用於下注且會在每次投注回合結束之後，從您的贏獎金額內扣除。","desktop.label.gameSounds": "遊戲音效","desktop.label.skipIntro": "跳過影片","desktop.label.splashScreen": "不要顯示動畫畫面","desktop.label.volume": "音量","desktop.loading.gameBy": "製作公司","desktop.loading.loadingGame": "下載中...","desktop.loading.proudlyPresents": "隆重為您帶來","desktop.promotetoreal.continuePlaying": "繼續遊戲","desktop.promotetoreal.playForReal": "真錢遊戲","desktop.promotetoreal.text": "看來你運氣正好，要開始玩真錢遊戲嗎?","desktopGameAdvisor.header": "想尋找更多遊戲？","desktopGameAdvisor.hideButton": "請不要再顯示這個資訊","desktopGameAdvisor.suggestions": "想尋找更多遊戲？查看下列建議","download.installFlashPlayer.linkText": "Adobe.com","download.installFlashPlayer.part1": "如要啟動娛樂場，您的系統內必須已經安裝Adobe Flash Player。","download.installFlashPlayer.part2.1": "點擊此處，立即訪問","download.installFlashPlayer.part2.2": "現在。","download.installFlashPlayer.part3": "安裝播放器之後，請重啟娛樂場。","error.id.title": "遊戲 ID 錯誤","error.item.unavailable": "抱歉目前此項目無法使用，請稍後再試。","error.malformed.back.url": "返回 URL 格式不正確。您無法開始遊戲","gameAdvisor.header": "遊戲顧問","gameAdvisor.hideButton": "暫時隱藏","gameAdvisor.mostPopular": "最流行","gameAdvisor.mostPopular_1": "老虎機","gameAdvisor.mostPopular_2": "桌上遊戲","gameAdvisor.mostPopular_3": "紙牌遊戲","gameAdvisor.mostPopular_4": "視訊撲克牌","gameAdvisor.mostPopular_5": "電子遊戲","gameAdvisor.mostPopular_6": "累積獎金遊戲","gameAdvisor.mostPopular_7": "累積獎金遊戲","gameAdvisor.newGames": "最新遊戲","gameAdvisor.otherGames": "其他遊戲","gameAdvisor.otherPlayers": "其他玩家","gameAdvisor.similarGames": "相似遊戲","gameAdvisor.suggestions": "查看以下建議","gameConfigurationError1": "很遺憾，此遊戲存在設定問題。您將重新導向至大廳。<br>請聯絡顧客支援<br> 或嘗試其他遊戲。","gameConfigurationError2": "很遺憾，由於出現設定問題，此功能現無法使用。<br>請聯絡顧客支援<br> 或於其他遊戲嘗試此功能。","goldenChip.notification": "{count} 個金色籌碼在此遊戲中值為 {amount}","italyBonusRewards": "遊戲獎金","italyFunBonusCreditsMessage": "您想在這遊戲中使用甚麼金額類型？","italyGameBonus": "遊戲獎金","italyGameBonusNotification": "您正以遊戲獎金進行遊戲，點擊快速功能表切換至真實","italyLowGameBonusBalance": "您的遊戲獎金餘額太低，無法繼續以這遊戲模式進行遊戲。遊戲將切換至真實貨幣","italyRealMoney": "真實貨幣","italyRealMoneyNotification": "您正以真實貨幣進行遊戲，點擊快速功能表切換至遊戲獎金","label.concession": "優惠","label.extend": "延長","label.extend.for": "%time% 分鐘","label.forgot": "忘記密碼？","label.joinNow": "立即加入","label.logIn": "登入","label.logout": "登出","label.mode.fun": "玩模擬模式","label.mode.real": "玩真錢模式","label.notInUse": "未使用","label.practice": "以練習模式進行遊戲","label.rememberPass": "記著密碼","limits.state.title": "限額：","loading.game.title": "載入中<br />","lobbyInGame.categoryName.featured": "精選","lobbyInGame.categoryName.jackpots": "累積獎金","lobbyInGame.categoryName.slots": "老虎機","lobbyInGame.categoryName.tableGames": "桌上遊戲","lobbyInGame.title": "遊戲","mainMenu.account": "我的帳戶","mainMenu.bank": "莊家","mainMenu.bonusTerms": "獎金條款","mainMenu.bringMoney": "加入現金","mainMenu.chat": "聊天","mainMenu.compPoints": "積分點","mainMenu.deposit": "儲值","mainMenu.depositLimit": "儲值上限","mainMenu.fullScreen": "全螢幕","mainMenu.fundsTransfer": "轉移資金","mainMenu.help": "說明","mainMenu.history": "歷史紀錄","mainMenu.inviteFriend": "邀請朋友","mainMenu.licenseeInfo": "被授權商資訊","mainMenu.limits": "限額","mainMenu.lobby": "大廳","mainMenu.multiplayerLobby": "多玩家大廳","mainMenu.logout": "登出","mainMenu.options": "選項","mainMenu.panic": "驚慌","mainMenu.paytable": "賠付表","mainMenu.playForReal": "玩真錢模式","mainMenu.promotions": "推廣","mainMenu.quickDeposit": "快速存款","mainMenu.respGaming": "負責任遊戲","mainMenu.responsibleGamingApproval": "負責任博彩","mainMenu.responsibleGamingSngc": "SNGC 核准","mainMenu.reverse.withdraw": "取消提取","mainMenu.selfExclusion": "自我排除","mainMenu.settings": "設定","mainMenu.share": "分享","mainMenu.shareRefer": "介紹一位朋友","mainMenu.sound": "聲效","mainMenu.support": "支援","mainMenu.timeOut": "休息時間","mainMenu.transactions": "交易","mainMenu.withdraw": "提取","menu.main.left.right.hand": "左／右手","message.autoplayFinished": "自動播放已停止","message.browserMode": "您確定要切換至瀏覽器模式嗎？這將需要重新載入遊戲，而目前的遊戲將不作儲存","message.button.accept": "接受","message.button.cancel": "取消","message.button.close": "關閉","message.button.decline": "拒絕","message.button.later": "稍後再說","message.button.no": "否","message.button.ok": "確定","message.button.play_fun": "玩模擬模式","message.button.reload": "重新載入","message.button.relogin": "重試一次","message.button.update": "更新","message.button.yes": "是","message.button.resume": "繼續","message.connError": "無法連接至伺服器。請稍後再試。遊戲將以模擬模式載入","message.connectionLost": "很抱歉，網路連線有問題。<br/>煩請試著重新下載遊戲或選擇另一個遊戲。","message.exit": "謝謝你來 [casinoname] 賭場!<br/>你確定要退出嗎?","message.fsbError": "目前不設免費旋轉。請稍後再試","message.gameNotLoaded": "無法載入遊戲，請重新再試或選擇其他遊戲。如仍有一樣的問題，請與我們客服聯繫。","message.incorrectUser": "輸入使用者名稱或密碼不正確。請驗證您的帳戶資訊並再試一次","message.insufDep": "餘額不足。您想要儲值嗎？","message.insufReal": "餘額不足。您想要玩真實貨幣遊戲嗎？","message.insufTable": "餘額不足。您想要加入額外現金到牌桌嗎？","message.loggedOut": "您已登出，若您無法重新登入，請與我們的客服聯繫。","message.login.failed": "登入失敗。我們將重新導向您至大廳頁面。","message.login.retry": "登入失敗","message.loginError": "階段已過期，請再次登入","message.needLogin": "請登入大廳，使用真錢進行遊戲。","message.sessionClosed": "階段過期：您將重新轉回大廳。","message.networkError": "發生網路錯誤。遊戲將被關閉。","message.shutdownNotification": "系統正在維護中。您將於{timeLeft}分鐘後斷開連線。如要繼續遊戲，請重新登入娛樂場。","message.panicMessage": "您是否確定在接下來的12小時內進行自我排除？","message.reconnect": "失去連接，正重新連接","message.selectGame": "選擇遊戲來使用獎勵","message.server.disconnect": "連接至伺服器失敗。遊戲將以模擬模式載入。","message.single.session": "此使用者的遊戲已在另一裝置開啟","message.spinError": "遊戲旋轉失敗。請再試一次","message.termsAndConditions": "條款及細則","mg.label.balance": "餘額","mg.label.demo": "示範","mini.caption.settings": "設定","mini.label.disableWarnings": "停用警告","mini.label.volume": "數量","nickname.error": "請選擇另一個綽號。","nickname.message": "歡迎！<br> 請選擇您的娛樂場綽號！","nickname.note": "注意：如要更改您的綽號，請聯絡客服人員。","promotionsTitle": "推廣","quickMenu.inGameLobby": "","quickMenu.notification.freeSpin": "[count] 本遊戲設有免費旋轉","quickMenu.notification.promoGadget": "設有最新推廣","quickMenu.promoGadget": "","realitycheck.message.button.continue": "繼續","realitycheck.message.button.stop": "停止","servererror10": "此暱稱現被其他使用者使用。<br>請輸入另一暱稱並再試一次。","servererror1018": "您只可同時以一個網絡進行遊戲。在變更網絡前，請先關閉所有遊戲並離開等待清單。","servererror104": "工作階段無效","servererror108": "進行指定下注的餘額不足。請作較低下注或前往 <u><a href=\\\"htcmd:switchtogame?code=cashier\\\">出納<\\/a><\\/u> 進行儲值。","servererror178": "登入失敗。我們將重新導向您至大廳頁面。","servererror113": "由於出現技術錯誤，我們目前無法完成此回合。<br>解決問題後，您可結束遊戲或在稍後時間於遊戲紀錄檢視賽果。<br>請電郵至 [supportemail] 聯絡顧客支援取得進一步協助。<br>我們為任何造成的不便衷心致歉。","servererror13": "抱歉，累積獎金伺服器目前沒有回應。<br>請稍後再試。<br>與此同時，您可試試我們其他的常規遊戲。","servererror147": "在玩新遊戲前，您必須先完成未完成的遊戲","servererror15": "抱歉，顧客支援團隊目前無法使用。<br>請在數分鐘後再試一次。<br>我們為任何造成的不便衷心致歉。","servererror16": "莊家目前不在牌桌。請嘗試參與我們其他牌桌。","servererror17": "抱歉，未取得遊戲伺服器回應。<br>如問題持續，您或只可以離線模式繼續遊戲。<br>請電郵至 [supportemail] 聯絡顧客支援取得即時協助。<br>我們為任何造成的不便衷心致歉。","servererror204": "莊家不在牌桌。","servererror233": "由於您的網絡連線出現問題，您在此遊戲回合的賭注尚未確認。請再下一個遊戲回合再試一次。如問題持續，請聯絡您的網絡服務供應商尋求協助。","servererror27": "出現內部同步處理錯誤。請電郵至 [supportemail] 聯絡顧客支援取得進一步協助。<br>我們為任何造成的不便衷心致歉。","servererror28": "此遊戲目前關閉。請嘗試玩我們其他遊戲。","servererror29": "您不可加入相同即時牌桌兩次。","servererror31": "由於出現通訊問題，您的下注無法在指定時間內進行。請關閉遊戲視窗並重新開始遊戲。要避免日後再發生此問題，請在遊戲回合開始時確認您的下注。","servererror33": "您沒有足夠真實貨幣下注。","servererror332": "您正嘗試佔用超出上限的座位。","servererror334": "基於意大利規定，本牌桌被禁用。請嘗試玩我們其他遊戲。","servererror35": "無法在累積獎金場外賭注下注。要取得進一步協助，請電郵至 [supportemail] 聯絡顧客支援。","servererror4": "此牌桌已滿。<br>請稍後再試或查看另一張牌桌","servererror522": "「<b>驗證密碼<\\/b>」欄不相符。<br>請重新輸入「<b>驗證密碼<\\/b>」欄。","servererror57": "技術錯誤。已退回您的所有下注","servererror586": "您的密碼長度限制為「很弱」：必須包含最少 8 個字元","servererror587": "您的密碼長度限制為「弱」：必須包含最少 8 個字元、小寫與大寫字元。","servererror588": "您的密碼長度限制為「中」：必須包含最少 8 個字元、小寫與大寫字元與最少一個數字。","servererror589": "您的密碼長度限制為「強」：必須包含最少 8 個字元、小寫與大寫字元、最少一個數字與最少一個特別字元。","servererror590": "您的密碼長度限制為「最強」：必須包含最少 12 個字元、小寫與大寫字元、最少一個數字與最少一個特別字元。","servererror6": "抱歉，未取得遊戲伺服器回應。<br>請電郵至 [supportemail] 聯絡顧客支援取得即時協助。<br>我們為任何造成的不便衷心致歉。","servererror610": "此遊戲現時不可使用。請嘗試玩我們其他遊戲","servererror615": "只可在進行真實貨幣繼續遊戲時進行累積獎金遊戲","servererror616": "此座位現被其他玩家使用。請點選空位","servererror630": "由於出現技術錯誤，我們無法完成此回合。<br>遊戲錯誤解決後，您將收到通知並可相對調整餘額。","servererror644": "抱歉，此功能目前不可用","servererror647": "抱歉，您的下注不獲接受。請電郵至 [supportemail] 聯絡顧客支援以取得進一步協助。","servererror650": "此遊戲同一時間只可進行一個階段。請點選您的遊戲以進入新牌桌。","servererror680": "您在上一個遊戲回合有目前未支援、未完成的遊戲。請聯絡顧客支援以取得即時協助。我們為任何造成的不便衷心致歉。","servererror681": "您的新密碼必須與舊密碼不同。<br>請輸入不同密碼並再試一次。","servererror700": "[casino] 已超出共存內部玩家上限","servererror701": "已超出 [casino] 內部玩家的下注上限。","servererror720": "此遊戲同一時間只可進行一個階段。","servererror801": "您已在觀看此牌桌。","servererror802": "抱歉，已超出此牌桌的觀眾上限。您目前正與此牌桌中斷連線。","servererror803": "此牌桌已滿。您目前正與此牌桌中斷連線。","servererror804": "抱歉，此牌桌現時並不提供。請選擇另一牌桌","servererror805": "回合沒在進行遊戲","servererror806": "動作無效","servererror807": "抱歉，由於投注限額不適合，您無法加入該牌桌","servererror808": "重覆下注。","servererror809": "已經達到允許的閒置回合上限。您目前正與此牌桌中斷連線。","servererror810": "已經達到允許的觀察回合上限。您目前正與此牌桌中斷連線..","servererror811": "您不可加入相同牌桌兩次","servererror812": "您正觀看","servererror813": "此座位現被其他玩家使用。請點選空位","servererror814": "未確認的下注將從桌面移除","servererror815": "抱歉，此牌桌已關閉。請選擇另一牌桌","servererror816": "此牌桌沒有玩家。它將於 [1] 秒內關閉。","servererror817": "抱歉，此牌桌已關閉。請選擇另一牌桌。","servererror818": "沒找到正進行遊戲的牌桌。","servererror819": "您沒被允許加入此牌桌。","servererror820": "已到達牌桌結束時間，牌桌已關閉。","servererror821": "邀請編碼不正確。請驗證您的邀請編碼。","servererror822": "已輸入的牌桌包含不允許的字元。輸入不同的牌桌名稱。","servererror823": "牌桌名稱必須介乎 1 至 30 字元，只可包含字母、數字與空格。","servererror824": "由於已建立並開放 3 個私人群組牌桌，您不可再建立新牌桌。","servererror825": "已輸入的牌桌名稱已正使用。輸入不同的牌桌名稱。","servererror826": "私人群組範本已關閉。請選用另一範本。","servererror827": "已輸入的密碼包含不允許的字元。輸入其他密碼。","servererror828": "邀請編碼必須介乎 1 至 10 字元，只可包含字母與數字。","servererror832": "您不可加入總賭注相同的牌桌。","servererror9": "請選用另一暱稱","setSelfExclusionDialog.cancelButton": "取消","setSelfExclusionDialog.header": "自我排除","setSelfExclusionDialog.okButton": "申請","setSelfExclusionDialog.periodRestrictionLabel": "開啟自我排除","sky.error.undefined": "遊戲出現錯誤！您將重新導向至大廳。","sound.popup.dontShowMeAgain": "不再顯示","sound.popup.text": "遊戲時播放聲音嗎？","timeLossLimit.gambling.closeGame.button": "離開","timeLossLimit.gambling.ignore.button": "繼續","timeLossLimit.gambling.warning": "自老虎機遊戲開始，您已進行了 [minutes] 分鐘遊戲。 您在這段期間所下注的總金額為 [bets]","timeLossLimit.limitReached.loss.error": "您已達到每節的時間虧蝕限額，遊戲現正關閉。 您在這段期間所下注的總金額為 [bets] 並贏得總獎金 [wins]","timeLossLimit.limitReached.time.error": "您已達到每節的時間上限，遊戲現正關閉。 您在這段期間所下注的總金額為 [bets] 並贏得總獎金 [wins]","timeLossLimit.losslimit.proximity.warning": "請注意 – 您已接近遊戲階段損失限額","timeLossLimit.sessionsummary": "您目前的遊戲階段將立刻結束。 您在這段期間所下注的總金額為 [bets] 並贏得總獎金 [wins]","timeLossLimit.timelimit.proximity.warning": "請注意 – 您已接近遊戲階段時間限制","timeLossLimit.tooHighBet.error": "如果可能會超出您的遊戲止損點，則不會接受您的賭注。請下較小的賭注","timeLossLimitDialog.betLimit.label": "虧蝕限額","timeLossLimitDialog.betLimit.value.error.bigThanBalance": "您的損失限額高於您的餘額。請輸入較低金額或儲值。","timeLossLimitDialog.betLimit.value.error.notValid": "金額無效。請重新輸入有效金額","timeLossLimitDialog.cancelButton.label": "取消","timeLossLimitDialog.gamblingNoticeInterval.label": "賭博間距告示","timeLossLimitDialog.okButton.label": "確定","timeLossLimitDialog.sessionTimer.label": "工作階段時間器","timeLossLimitDialog.sessionTimer.placeholder": "點選以選擇","timeLossLimitDialog.timeLimit.value.error.empty": "遊戲階段計時器值無效。請選擇有效的時段","timeLossLimitDialog.title": "老虎機遊戲限制","uifeatures.demo.popup": "現在試玩免費","uifeatures.real.popup": "您現在正以現金玩此遊戲","ukreg.autoplay.jackpotsinglewinlimit.message": "自動遊戲已停止: 已贏得大獎。贏得多過 [amount] 的獎金。","ukreg.autoplay.jackpotwinlimit.message": "自動遊戲已停止: 已贏得大獎。","ukreg.autoplay.losslimit.message": "自動遊戲已停止: 已達到損失限額。","ukreg.autoplay.singlewinlimit.message": "自動遊戲已停止: 贏獎已超過 [amount]。","ukreg.cancelButtonText": "返回","ukreg.confirmButtonText": "確定","ukreg.jackPotLabel": "贏得累積大獎時停止自動下注","ukreg.lossLabel": "損失總額達以下金額時停止自動遊戲：","ukreg.lossLimitExceedMessage": "太高的輸錢上限值：允許的金額上限為 [amount]","ukreg.lossLimitInvalidMessage": "輸錢限制欄位中的金額無效。請輸入有效的金額。","ukreg.lossLimitLowMessage": "輸入的輸錢上限太低以致於無法開始自動遊戲。請輸入更大的金額。","ukreg.singleWinExceedMessage": "太高的單次獎金限值：允許的金額上限為 [amount]","ukreg.singleWinInvalidMessage": "單次獎金限制欄位中的金額無效。請輸入有效的金額。","ukreg.singleWinLabel": "單次獎金超過以下金額時停止：","ukreg.singleWinLowMessage": "單筆贏獎限額太高: 可允許的最高限額為 [amount]","ukreg.title": "負責任博彩 - 自動遊戲","unit.time.10minutes": "10 分鐘","unit.time.12hours": "12 小時","unit.time.15minutes": "15 分鐘","unit.time.1day": "1 天","unit.time.1hour": "1 小時","unit.time.1month": "1 個月","unit.time.1week": "1 週","unit.time.20minutes": "20 分鐘","unit.time.2hours": "2 小時","unit.time.30minutes": "30 分鐘","unit.time.40minutes": "40 分鐘","unit.time.50minutes": "50 分鐘","unit.time.5minutes": "5 分鐘","unit.time.60minutes": "60 分鐘","unit.time.dimension.day.1": "天","unit.time.dimension.day.few": "天","unit.time.dimension.day.other": "天","unit.time.dimension.hour.1": "小時","unit.time.dimension.hour.few": "小時","unit.time.dimension.hour.other": "小時","unit.time.dimension.minute.1": "分鐘","unit.time.dimension.minute.few": "分鐘","unit.time.dimension.minute.other": "分鐘","unit.time.dimension.month.1": "個月","unit.time.dimension.month.few": "個月","unit.time.dimension.month.other": "個月","unit.time.dimension.second.1": "秒","unit.time.dimension.second.few": "秒","unit.time.dimension.second.other": "秒","unit.time.dimension.week.1": "週","unit.time.dimension.week.few": "週","unit.time.dimension.week.other": "週","unsupported.landscape.text": "遊戲只提供縱向模式。<br/>垂直轉動您的裝置以進行遊戲。","unsupported.landscape.title": "進行遊戲<br />縱向模式","unsupported.portrait.text": "遊戲用只提供橫向模式。<br />水平轉動您的裝置以進行遊戲","unsupported.portrait.title": "進行遊戲<br />橫向模式","update.ie9.browser.checkbox": "不要再顯示","update.ie9.browser.message": "遊戲在最新版 Internet Explorer 或 Chrome 上運行更流暢。請點擊此處來更新 Internet Explorer.","bringMoney.mobilePrimarySpinsCurrency" : "免費旋轉","italyDesktopGameBonusNotification" : "您正在使用遊戲獎勵金額。點擊底部面板上的按鈕以切換至真錢","bringMoney.multiBonusTitle" : "選擇帶入遊戲的免費<br/>旋轉次數和樂趣點數","desktop.label.freeSpins" : "免費旋轉","bringMoney.desktopSpinsCurrency" : "免費旋轉","italyDesktopRealMoneyNotification" : "您正在使用真錢。點擊底部面板上的按鈕以切換至遊戲獎勵金額","multiplayerlobby.avatar": "頭像","multiplayerlobby.join": "加入","multiplayerlobby.join.table": "加入牌桌","multiplayerlobby.limits": "限額","multiplayerlobby.my.account": "我的帳戶","multiplayerlobby.nickname": "別名","multiplayerlobby.player.profile": "玩家資料","multiplayerlobby.players": "玩家對子","multiplayerlobby.save": "撲球成功","multiplayerlobby.status": "狀態","multiplayerlobby.table.name": "牌桌名稱","multiplayerlobby.timer": "計時器","multiplayerlobby.show.country": "顯示我的國家","message.unexpectedError.501" : "很抱歉，該遊戲無法在模擬模式中進行。請先登入","multiplayerlobby.playerprofile.error.nickname.3" : "暱稱必須少於或等於20個符號","multiplayerlobby.playerprofile.error.nickname.2" : "暱稱欄必須填寫","multiplayerlobby.playerprofile.error.nickname.4" : "載入您的暱稱時發生錯誤","multiplayerlobby.playerprofile.error.avatar.2" : "無法變更頭像","multiplayerlobby.switch.to.another.game" : "您確定要變更該遊戲嗎？","multiplayerlobby.playerprofile.error.avatar.1" : "載入您的頭像時發生錯誤","multiplayerlobby.playerprofile.error.status.2" : "狀態欄必須少於或等於20個符號","multiplayerlobby.nickname.update.error" : "如需變更您的暱稱，請聯絡管理員。","multiplayerlobby.playerprofile.error.status.3" : "載入您的狀態時發生錯誤","multiplayerlobby.playerprofile.error.showcountry.2" : "載入您的顯示國家時發生錯誤","multiplayerlobby.playerprofile.error.showcountry.1" : "無法更新顯示國家","multiplayerlobby.playerprofile.error.status.1" : "無法更新玩家狀態","multiplayerlobby.stay" : "留下","multiplayerlobby.change" : "變更","multiplayerlobby.join.error.no.nickname": "抱歉，您需要暱稱才能加入遊戲","multiplayerlobby.playerprofile.error.nickname.1" : "請您僅使用字母和數字","leaderboard.notification.leaderboard.completed": "排行榜 已完成","leaderboard.notification.leaderboard.finished": "排行榜已完成","leaderboard.notification.leaderboard.cancelled": "排行榜已取消","leaderboard.notification.leaderboard.started": "排行榜已開始","leaderboard.notification.active": "啟用"}
}