{"texts": {"GAME_CATEGORY_FEATURED": "Polecane","GAME_CATEGORY_LIVE": "Na żywo","GAME_CATEGORY_NEW": "Nowość","GAME_CATEGORY_POKER": "Poker","GAME_CATEGORY_SCRATCH": "Zdrap","GAME_CATEGORY_SLOTS": "Automaty","GAME_CATEGORY_TABLE_GAMES": "Gry stolikowe","GAME_CATEGORY_VIDEO_POKER": "Wideopoker","affiliate.button.casino": "Kasyno","affiliate.button.dl": "Pobierz","blockScreen.close.split": "Wyłącz widok dzielony, aby kontynuować grę","blockScreen.doubleTap": "Dotknij dwukrotnie, aby grać w normalnym rozmiarze.","blockScreen.singleTap": "Dotknij ekranu, aby kontynuować grę","blockScreen.swipeDown": "↓ Przeciągnij w dół ↓","blockScreen.swipeUp": "↑ Przeciągnij palcem w górę, aby zagrać na pełnym ekranie. ↑","blockScreen.enterFullscreen": "Dotknij, aby grać w trybie pełnoekranowym","bringMoney.aamsCode": "Kod sesji AAMS:","bringMoney.amountPlaceholder": "Wnieś pieniądze do stołu","bringMoney.bring": "Wnieś do gry","bringMoney.casinoBalance": "Saldo kasyna:","bringMoney.failure.message": "Transmisja nie powiodła się","bringMoney.fsbTitle": "Wybierz, ile free spins<br/>chcesz wnieść do gry","bringMoney.notEnough.message": "Masz za mało środków na koncie","bringMoney.participationCode": "Kod uczestnictwa:","bringMoney.realTitle": "Wybierz, jaką kwotę prawdziwych<br/>pieniędzy chcesz wnieść do gry","bringMoney.ropCode": "Ostatni legalny kod uczestnictwa to:","bringMoney.ropTimestamp": "Utworzono kod:","bringMoney.sessionLimit.message": "Nie możesz wpłacić więcej niż {0} w jednej sesji","bringMoney.success.message": "Transmisja powiodła się <br/>Twój kod uczestnictwa dla tej sesji to: {0}","bringMoney.tableBalance": "Saldo gry:","bringMoney.transactionLimit.message": "Nie możesz wpłacić więcej niż {0}","brokenGames.unfinishedGames": "Masz niedokończone gry w kasynie.","brokenGames.likeToResume": "Czy chcesz wznowić?","brokenGames.selectGame": "Wybierz grę do wznowienia.","desktop.caption.audioSettings": "Ustawienia audio","desktop.caption.generalSettings": "Ustawienia ogólne","desktop.fsb.ButtonText": "Kliknij tutaj","desktop.fsb.notificationText": "Masz free spins! Kliknij tutaj, aby je wykorzystać!","desktop.goldenchip.ButtonText": "Info","desktop.goldenchip.notificationText": "Dotknij, aby wybrać złoty żeton z tacy złotych żetonów u dołu stołu","desktop.goldenchip.v2.notificationText": "Masz dostępne Golden Chips. Golden Chips służą wyłącznie do stawiania zakładów, a ich wartość zostanie odjęta od wygranej po każdej rundzie zakładów.","desktop.label.gameSounds": "Dźwięki gry","desktop.label.skipIntro": "Pomiń wideo wprowadzenia","desktop.label.splashScreen": "Nie pokazuj ekranu wprowadzenia","desktop.label.volume": "Głośność","desktop.loading.gameBy": "GRA AUTORSTWA","desktop.loading.loadingGame": "Wczytywanie gry...","desktop.loading.proudlyPresents": "Z PRZYJEMNOŚCIĄ PRZEDSTAWIA","desktop.promotetoreal.continuePlaying": "Kontynuuj grę","desktop.promotetoreal.playForReal": "GRAJ ZA PRAWDZIWE PIENIĄDZE","desktop.promotetoreal.text": "Masz świetną passę! Może zagrasz za prawdziwe pieniądze?","desktopGameAdvisor.header": "Szukasz nowych gier?","desktopGameAdvisor.hideButton": "Nie wyświetlaj więcej tego komunikatu","desktopGameAdvisor.suggestions": "Skorzystaj z poniższych sugestii","download.installFlashPlayer.linkText": "Adobe.com","download.installFlashPlayer.part1": "Do uruchomienia kasyna wymagane jest zainstalowanie w systemie programu Adobe Flash Player.","download.installFlashPlayer.part2.1": "Kliknij tutaj, aby otworzyć","download.installFlashPlayer.part2.2": "teraz.","download.installFlashPlayer.part3": "Uruchom ponownie kasyno po zainstalowaniu programu Player.","error.id.title": "Nieprawidłowy identyfikator gry","error.item.unavailable": "Niestety, ta pozycja jest w tej chwili niedostępna. Spróbuj ponownie później.","error.malformed.back.url": "Zdeformowany powrotny adres URL. Nie możesz rozpocząć gry.","gameAdvisor.header": "Doradca w grze","gameAdvisor.hideButton": "ukryj tymczasowo","gameAdvisor.mostPopular": "Najpopularniejsze","gameAdvisor.mostPopular_1": "Automaty do gry","gameAdvisor.mostPopular_2": "Gry stolikowe","gameAdvisor.mostPopular_3": "Gry karciane","gameAdvisor.mostPopular_4": "Wideopoker","gameAdvisor.mostPopular_5": "Gry arkadowe","gameAdvisor.mostPopular_6": "Gry progresywne","gameAdvisor.mostPopular_7": "Gry progresywne","gameAdvisor.newGames": "Nowe gry","gameAdvisor.otherGames": "Inne gry","gameAdvisor.otherPlayers": "Inni gracze","gameAdvisor.similarGames": "Podobne gry","gameAdvisor.suggestions": "Sprawdź następujące propozycje","gameConfigurationError1": "Niestety jest problem z konfiguracją tej gry. Nastąpi przekierowanie do lobby. <br>Skontaktuj się z działem obsługi klienta<br> lub spróbuj zagrać w inną grę.","gameConfigurationError2": "Niestety ta funkcja jest niedostępna w tej grze z powodu problemu z konfiguracją. <br>Skontaktuj się z działem obsługi klienta<br> lub spróbuj uruchomić tę funkcję w innej grze.","goldenChip.notification": "W TEJ GRZE DOSTĘPNY JEST ZASÓB {count} ZŁOTYCH ŻETONÓW O WARTOŚCI {amount}","italyBonusRewards": "Tryb bonusowy","italyFunBonusCreditsMessage": "Jakiego rodzaju kredytów chcesz używać w tej grze?","italyGameBonus": "Tryb bonusowy","italyGameBonusNotification": "Grasz teraz w trybie bonusowym, kliknij szybkie menu, aby przełączyć się do trybu rzeczywistego","italyLowGameBonusBalance": "Masz za niskie saldo bonusowe, aby kontynuować grę w tym trybie gry. Gra zostanie przełączona do trybu rzeczywistego","italyRealMoney": "Tryb rzeczywisty","italyRealMoneyNotification": "Grasz teraz w trybie rzeczywistym, kliknij szybkie menu, aby przełączyć się do trybu bonusowego","label.extend": "Przedłuż","label.extend.for": "%time% min.","label.forgot": "Zapomniałeś hasła?","label.joinNow": "Dołącz teraz","label.logIn": "Zaloguj się","label.logout": "Wylogowanie","label.mode.fun": "GRASZ NA PRÓBĘ","label.mode.real": "GRASZ NA SERIO","label.notInUse": "Nieużywane","label.practice": "Graj w trybie treningowym","label.rememberPass": "Zapamiętaj hasło","limits.state.title": "LIMITY:","loading.game.title": "Ładowanie gry<br />","lobbyInGame.categoryName.featured": "Polecane","lobbyInGame.categoryName.jackpots": "Jackpoty","lobbyInGame.categoryName.slots": "Automaty","lobbyInGame.categoryName.tableGames": "Gry stolikowe","lobbyInGame.title": "Gry","mainMenu.account": "Moje konto","mainMenu.bank": "Bank","mainMenu.bonusTerms": "Warunki korzystania z bonusów","mainMenu.bringMoney": "Wpłać pieniądze","mainMenu.chat": "Chat","mainMenu.compPoints": "Punkty Comp","mainMenu.deposit": "Wpłata","mainMenu.depositLimit": "Limit wpłat","mainMenu.fullScreen": "Pełny ekran","mainMenu.fundsTransfer": "Przelej środki","mainMenu.gameVersion": "Wersja gry","mainMenu.help": "Pomoc","mainMenu.history": "Historia","mainMenu.inviteFriend": "Zaproś znajomego","mainMenu.licenseeInfo": "Informacje o licencji","mainMenu.limits": "Limity","mainMenu.lobby": "Lobby","mainMenu.multiplayerLobby": "Hol gry wieloosobowej","mainMenu.logout": "Wylogowanie","mainMenu.options": "Opcje","mainMenu.panic": "Panika","mainMenu.paytable": "Tabela wypłat","mainMenu.playForReal": "Graj za prawdziwe pieniądze","mainMenu.promotions": "Promocje","mainMenu.quickDeposit": "Szybka wpłata","mainMenu.respGaming": "Odpowiedzialna gra","mainMenu.responsibleGamingApproval": "Odpowiedzialna gra","mainMenu.responsibleGamingSngc": "Zatwierdzone przez SNGC","mainMenu.reverse.withdraw": "Wypłata odwracalna","mainMenu.selfExclusion": "Samowykluczenie","mainMenu.settings": "Ustawienia","mainMenu.share": "Udostępnij","mainMenu.shareRefer": "Poleć znajomemu","mainMenu.sound": "Dźwięk","mainMenu.support": "Pomoc","mainMenu.timeOut": "Przerwa","mainMenu.transactions": "Transakcje","mainMenu.withdraw": "Wypłata","menu.main.left.right.hand": "Leworęczny/Praworęczny","message.autoplayFinished": "Autogra zatrzymana","message.browserMode": "Czy na pewno chcesz przełączyć do trybu przeglądarkowego? To wymaga ponownego załadowania gry, a bieżąca gra nie zostanie zapisana","message.button.accept": "Akceptuj","message.button.cancel": "Anuluj","message.button.close": "Zamknij","message.button.decline": "Odrzuć","message.button.later": "Później","message.button.no": "Nie","message.button.ok": "OK","message.button.play_fun": "Graj na próbę","message.button.reload": "Przeładuj","message.button.relogin": "Spróbuj ponownie","message.button.update": "Aktualizuj","message.button.yes": "Tak","message.button.resume": "Wznów","message.connError": "Nie udało się połączyć z serwerem. Spróbuj ponownie później. Gra zostania załadowana w trybie próbnym.","message.connectionLost": "Niestety wystąpił problem z połączeniem sieciowym.<br/>Spróbuj ponownie załadować tę grę lub wybierz inną.","message.exit": "Dziękujemy za grę w kasynie [casinoname]!<br/>Czy na pewno chcesz wyjść?","message.fsbError": "W tej chwili Free Spin jest niedostępny. Spróbuj ponownie później","message.gameNotLoaded": "Gra nie ładuje się. Spróbuj ponownie lub wybierz inną grę. Jeśli problem będzie się powtarzał, skontaktuj się z naszym działem obsługi klienta.","message.incorrectUser": "Wpisano nieprawidłową nazwę użytkownika lub hasło. Sprawdź dane konta i spróbuj ponownie.","message.insufDep": "Za niski stan konta. Czy chciałbyś dokonać wpłaty?","message.insufReal": "Za niski stan konta. Czy chcesz zagrać na prawdziwe pieniądze?","message.insufTable": "Za niski stan konta. Chcesz wnieść dodatkowe pieniądze do stołu?","message.loggedOut": "Nastąpiło wylogowanie. Jeśli nie możesz zalogować się ponownie skontaktuj się z naszym działem obsługi klienta.","message.login.failed": "Logowanie nie powiodło się. Przekierujemy Cię do strony Lobby.","message.login.retry": "Nie można się zalogować","message.loginError": "Sesja wygasła, zaloguj się ponownie.","message.needLogin": "Zaloguj się w holu, aby grać na prawdziwe pieniądze.","message.sessionClosed": "Sesja wygasła: gracz zostanie przekierowany do holu.","message.networkError": "Wystąpił błąd sieciowy. Gra zostanie zamknięta.","message.shutdownNotification": "Trwają czynności konserwacyjne systemu. Gracz zostanie rozłączony za {timeLeft} min. Aby kontynuować grę, zaloguj się ponownie w kasynie.","message.panicMessage": "Czy na pewno chcesz wykluczyć się z gry przez następne 12 godzin?","message.reconnect": "Utracono połączenie, trwa ponowne łączenie","message.selectGame": "Wybierz grę, aby skorzystać z bonusu","message.server.disconnect": "Rozłączenie z serwerem. Gra zostania załadowana w trybie próbnym.","message.single.session": "Gra z tym użytkownikiem została otwarta na innym urządzeniu","message.spinError": "Błąd obrotów w grze Spróbuj ponownie","message.termsAndConditions": "Warunki i postanowienia","mg.label.balance": "SALDO","mg.label.demo": "DEMO","mini.caption.settings": "Ustawienia","mini.label.disableWarnings": "Wyłącz ostrzeżenia","mini.label.volume": "GŁOŚNOŚĆ","nickname.error": "Proszę wybrać inny przydomek.","nickname.message": "Witamy! <br> Wybierz przydomek dla kasyna!","nickname.note": "Uwaga! Aby zmienić przydomek, skontaktuj się z działem obsługi klienta.","promotionsTitle": "Promocje","quickMenu.inGameLobby": "","quickMenu.notification.freeSpin": "[count] W TEJ GRZE DOSTĘPNE SĄ FREE SPINS","quickMenu.notification.promoGadget": "DOSTĘPNE NOWE PROMOCJE","quickMenu.promoGadget": "","realitycheck.message.button.continue": "Kontynuuj","realitycheck.message.button.stop": "Stop","servererror10": "Ten nick jest w tej chwili używany przez innego gracza .<br>Wpisz inny nick i spróbuj ponownie.","servererror1018": "Możesz grać tylko w jednej sieci na raz. Zamknij wszystkie gry i opuść listy oczekujących przed zmianą sieci.","servererror104": "Twoja sesja jest nieprawidłowa","servererror108": "Za mało środków na opłacenie wybranego zakładu. Obniż zakład lub przejdź do sekcji <u><a href=\"htcmd:switchtogame?code=cashier\">Kasa</a></u>, aby wpłacić depozyt.","servererror178": "Logowanie nie powiodło się. Przekierujemy Cię do strony Lobby.","servererror113": "Ze względu na problem techniczny, nie możemy w tej chwili dokończyć tej rundy.<br>Możesz dokończyć grę lub zobaczyć wynik w późniejszym terminie w historii gry, kiedy problem zostanie już rozwiązany.<br>Skontaktuj się z działem pomocy pod adresem [supportemail], aby uzyskać dodatkowa pomoc.<br>Przepraszamy za wszelkie niedogodności.","servererror13": "Niestety, serwer jackpota progresywnego w tej chwili nie odpowiada.<br>Spróbuj ponownie później.<br>Tymczasem spróbuj zagrać w którąś z naszych zwykłych gier.","servererror147": "Musisz zakończyć niedokończoną grę przed rozpoczęciem nowej","servererror15": "Niestety dział pomocy jest w tej chwili niedostępny.<br>Spróbuj ponownie za kilka minut.<br>Przepraszamy za niedogodności.","servererror16": "W tej chwili przy stole nie ma krupiera. Spróbuj przy którymś z innych naszych stołów.","servererror17": "Niestety nie ma odpowiedzi z serwera gier.<br>Jeśli problem nie ustąpi, możesz kontynuować grę w trybie offline.<br>Skontaktuj się z działem pomocy pod adresem [supportemail], aby uzyskać natychmiastową pomoc.<br>Przepraszamy za wszelkie niedogodności.","servererror204": "Przy stole nie ma krupiera.","servererror233": "Twoje zakłady nie zostały potwierdzone na tę rundę gry z powodu problemów z połączeniem internetowym. Spróbuj ponownie w następnej rundzie gry. Jeśli problem się nie zniknie, konieczny może być kontakt z Twoim dostawcą usług internetowych.","servererror27": "Wystąpił błąd w synchronizacji wewnętrznej. Skontaktuj się z działem pomocy pod adresem [supportemail], aby uzyskać dodatkową pomoc. Przepraszamy za niedogodności.","servererror28": "Ten stół jest obecnie zamknięty. Wypróbuj którąś z naszych innych gier.","servererror29": "Nie możesz przyłączyć się do tego samego stołu gry na żywo dwukrotnie.","servererror31": "Z powodu problemu z łącznością, Twój zakład nie został zarejestrowany na czas. Zamknij okno gry i rozpocznij grę od nowa. Aby uniknąć tego problemu w przyszłości, spróbuj potwierdzać swoje zakłady zaraz po rozpoczęciu rundy gry.","servererror33": "Masz za mało prawdziwych pieniędzy, aby dać napiwek.","servererror332": "Próbujesz zająć więcej miejsc niż jest to dozwolone.","servererror334": "Ten stół jest objęty zakazem wg przepisów włoskich. Wypróbuj którąś z naszych innych gier.","servererror35": "Nie udało się postawić progresywnego zakładu pobocznego. Skontaktuj się z działem pomocy pod adresem [supportemail], aby uzyskać dalszą pomoc.","servererror4": "Ten stół gry jest w tej chwili pełny.<br>Spróbuj ponownie później lub sprawdź inne stoły.","servererror522": "Pole <b>Zweryfikuj hasło</b> jest nieprawidłowe.<br>Wypełnij ponownie pole <b>Zweryfikuj hasło</b>.","servererror57": "Błąd techniczny. Wszystkie Twoje zakłady zostały zwrócone","servererror586": "Minimalna siła zabezpieczenia Twojego hasła: „Bardzo słaba”. Hasło musi zawierać co najmniej 8 znaków.","servererror587": "Minimalna siła zabezpieczenia Twojego hasła: „Słaba”. Hasło musi mieć co najmniej 8 znaków i zawierać zarówno znaki w indeksie górnym, jak i dolnym.","servererror588": "Minimalna siła zabezpieczenia Twojego hasła: „Średnia”. Hasło musi mieć co najmniej 8 znaków i zawierać zarówno znaki w indeksie górnym, jak i dolnym i co najmniej jedną cyfrę.","servererror589": "Minimalna siła zabezpieczenia Twojego hasła: „Silna”. Hasło musi mieć co najmniej 8 znaków i zawierać zarówno znaki w indeksie górnym, jak i dolnym, co najmniej jedną cyfrę i jeden znak specjalny.","servererror590": "Minimalna siła zabezpieczenia Twojego hasła: „Najsilniejsza”. Hasło musi mieć co najmniej 12 znaków i zawierać zarówno znaki w indeksie górnym, jak i dolnym, co najmniej jedną cyfrę i jeden znak specjalny.","servererror6": "Niestety nie ma odpowiedzi z serwera gier.<br>Skontaktuj się z działem pomocy pod adresem [supportemail], aby uzyskać natychmiastową pomoc.<br>Przepraszamy za wszelkie niedogodności.","servererror610": "Ta gra jest w tej chwili niedostępna. Wypróbuj którąś z naszych innych gier.","servererror615": "Gry progresywne są dostępne tylko w trybie gry na prawdziwe pieniądze.","servererror616": "To miejsce jest już zajęte przez innego gracza. Wybierz wolne miejsce.","servererror630": "Z przyczyn technicznych nie mogliśmy dokończyć tej rundy.<br>Powiadomimy Cię, kiedy gra zostanie wznowiona, i odpowiednio skorygujemy Twoje saldo.","servererror644": "Niestety, ta funkcja jest w tej chwili niedostępna","servererror647": "Niestety Twoje zakłady nie zostały przyjęte. Skontaktuj się z działem pomocy pod adresem [supportemail], aby uzyskać dodatkową pomoc.","servererror650": "Ta gra jest ograniczona do jednej sesji na raz. Zamknij aktywną grę, aby przejść do nowego stołu.","servererror680": "Masz niedokończoną grę z poprzedniej sesji w trybie, który nie jest obecnie obsługiwany. Skontaktuj się z działem pomocy, aby uzyskać natychmiastową pomoc. Przepraszamy za wszelkie związane z tym niedogodności.","servererror681": "Nowe hasło musi być inne od starego.<br>Wpisz inne hasło i spróbuj ponownie.","servererror700": "[casino] ma już maksymalną liczbę aktywnych jednocześnie graczy wewnętrznych.","servererror701": "Dopuszczalny limit zakładu dla graczy wewnętrznych w [casino] został przekroczony.","servererror720": "Ta gra jest ograniczona do jednej sesji na raz.","servererror801": "Obserwujesz już ten stół.","servererror802": "Niestety, osiągnięto maksymalną liczbę widzów dla tego stołu. Nie masz obecnie połączenia z tym stołem.","servererror803": "Ten stół jest obecnie pełny! Nie masz obecnie połączenia z tym stołem.","servererror804": "Niestety, ten stół jest niedostępny. Wybierz inny stół.","servererror805": "Runda nie jest aktywna.","servererror806": "Nieprawidłowa czynność.","servererror807": "Niestety, nie możesz dołączyć do tego stołu, gdyż limity zakładu są dla Ciebie niedostępne.","servererror808": "Powiel zakład.","servererror809": "Osiągnięto maksymalną liczbę rund jałowych. Nie masz obecnie połączenia z tym stołem.","servererror810": "Osiągnięto maksymalną liczbę rund rozegranych w charakterze obserwatora. Nie masz obecnie połączenia z tym stołem.","servererror811": "Nie możesz dołączyć do tego samego stołu dwukrotnie.","servererror812": "Jesteś obserwatorem.","servererror813": "To miejsce jest już zajęte przez innego gracza. Wybierz wolne miejsce.","servererror814": "Niepotwierdzone zakłady zostaną usunięte ze stołu.","servererror815": "Przepraszamy, ten stół zostanie zamknięty. Wybierz inny stół.","servererror816": "Przy tym stole nie ma żadnych graczy. Zostanie zamknięty za [1] sek.","servererror817": "Przepraszamy, ten stół został zamknięty. Wybierz inny stół.","servererror818": "Nie znaleziono aktywnej gry.","servererror819": "Nie masz zezwolenia na dołączenie do tego stołu.","servererror820": "Upłynął czas gry przy tym stole i stół został zamknięty.","servererror821": "Nieprawidłowy tryb zaproszenia. Zweryfikuj kod zaproszenia.","servererror822": "Wpisana nazwa stołu zawiera niedozwolone słowa. Wpisz inną nazwę stołu.","servererror823": "Nazwa musi liczyć od 1 do 30 znaków i może zawierać tylko zawierać litery, cyfry i spacje.","servererror824": "Nie możesz utworzyć większej liczby stołów, ponieważ utworzyłeś już 3 stoły grup prywatnych, które mają obecnie status otwartych.","servererror825": "Wpisana nazwa stołu jest już w użyciu. Wpisz inną nazwę stołu.","servererror826": "Szablon grupy prywatnej został zamknięty. Wybierz inny szablon.","servererror827": "Wpisane hasło zawiera niedozwolone słowa. Wpisz inne hasło.","servererror828": "Kod zaproszenia musi liczyć od 1 do 10 znaków i może zawierać tylko litery i cyfry.","servererror832": "Nie możesz dołączyć do stołu z tą samą wartością łącznego zakładu.","servererror9": "Wybierz inny nick.","setSelfExclusionDialog.cancelButton": "Anuluj","setSelfExclusionDialog.header": "Samowykluczenie","setSelfExclusionDialog.okButton": "Zastosuj","setSelfExclusionDialog.periodRestrictionLabel": "Włącz samowykluczenie","sky.error.undefined": "Wystąpił błąd w grze! Zostaniesz przekierowany do lobby.","sound.popup.dontShowMeAgain": "Nie pokazuj ponownie","sound.popup.text": "Chcesz zagrać z efektami dźwiękowymi?","timeLossLimit.gambling.closeGame.button": "Wyjdź","timeLossLimit.gambling.ignore.button": "Kontynuuj","timeLossLimit.gambling.warning": "Grasz już przez [minutes] min., licząc od początku sesji gier hazardowych na automatach. W tym czasie łączna kwota zakładu wyniosła [bets]","timeLossLimit.limitReached.loss.error": "Gra zostanie zamknięta z powodu osiągnięcia dopuszczalnego limitu straty na sesję. Suma postawionych zakładów podczas tej sesji to [bets], a suma wygranych to [wins]","timeLossLimit.limitReached.time.error": "Gra zostanie zamknięta z powodu osiągnięcia dopuszczalnego limitu czasu sesji. Suma postawionych zakładów podczas tej sesji to [bets], a suma wygranych to [wins]","timeLossLimit.losslimit.proximity.warning": "Uwaga, zbliżasz się do limitu straty na sesję","timeLossLimit.sessionsummary": "Obecna sesja gry dobiegnie teraz końca. Suma postawionych zakładów podczas tej sesji to [bets], a suma wygranych to [wins]","timeLossLimit.timelimit.proximity.warning": "Uwaga, zbliżasz się do limitu czasu sesji","timeLossLimit.tooHighBet.error": "Twój zakład nie może zostać przyjęty, gdyż potencjalnie spowodowałby przekroczenie limitu straty na sesję. Postaw niższy zakład","timeLossLimitDialog.betLimit.label": "Limit straty","timeLossLimitDialog.betLimit.value.error.bigThanBalance": "Twój limit strat jest wyższy od Twojego stan konta. Wpisz niższą kwotę lub zasil konto","timeLossLimitDialog.betLimit.value.error.notValid": "Nieprawidłowa kwota. Wpisz ponownie prawidłową kwotę","timeLossLimitDialog.cancelButton.label": "Anuluj","timeLossLimitDialog.gamblingNoticeInterval.label": "Częstotliwość powiadomień kontrolnych","timeLossLimitDialog.okButton.label": "Ok","timeLossLimitDialog.sessionTimer.label": "Zegar sesji","timeLossLimitDialog.sessionTimer.placeholder": "Dotknij, aby wygrać","timeLossLimitDialog.timeLimit.value.error.empty": "Nieprawidłowy wartość zegara sesji. Wybierz prawidłowy okres","timeLossLimitDialog.title": "Ograniczenia automatów","uifeatures.demo.popup": "Wypróbuj teraz za darmo","uifeatures.real.popup": "Grasz teraz na prawdziwe pieniądze","ukreg.autoplay.jackpotsinglewinlimit.message": "Autogra zatrzymana: trafienie jackpota. Wygrana przekracza [amount].","ukreg.autoplay.jackpotwinlimit.message": "Autogra zatrzymana: trafienie jackpota.","ukreg.autoplay.losslimit.message": "Autogra zatrzymana: przekroczono limit straty.","ukreg.autoplay.singlewinlimit.message": "Autogra zatrzymana: wygrana przekracza [amount].","ukreg.cancelButtonText": "Wyjdź","ukreg.confirmButtonText": "Potwierdź","ukreg.jackPotLabel": "Zatrzymaj autogrę przy trafieniu jackpota","ukreg.lossLabel": "Zatrzymaj autogrę przy łącznej stracie w wysokości:","ukreg.lossLimitExceedMessage": "Za wysoki limit pojedynczej straty: Maksymalna dopuszczalna kwota wynosi [amount]","ukreg.lossLimitInvalidMessage": "Nieprawidłowa kwota w polu limitu straty. Wpisz prawidłową kwotę.","ukreg.lossLimitLowMessage": "Wpisany limit strat jest za niski, by móc rozpocząć autogrę. Wpisz wyższą kwotę.","ukreg.singleWinExceedMessage": "Za wysoki limit pojedynczej wygranej: Maksymalna dopuszczalna kwota wynosi [amount]","ukreg.singleWinInvalidMessage": "Nieprawidłowa kwota w polu limitu pojedynczej wygranej. Wpisz prawidłową kwotę.","ukreg.singleWinLabel": "Zatrzymaj przy pojedynczej wygranej wyższej niż:","ukreg.singleWinLowMessage": "Za wysoki limit pojedynczej wygranej: Maksymalna dopuszczalna kwota wynosi [amount]","ukreg.title": "Odpowiedzialny hazard - autogra","unit.time.10minutes": "10 min.","unit.time.12hours": "12 godz.","unit.time.15minutes": "15 min.","unit.time.1day": "1 dzień","unit.time.1hour": "1 godz.","unit.time.1month": "1 mies.","unit.time.1week": "1 tydzień","unit.time.20minutes": "20 min.","unit.time.2hours": "2 godz.","unit.time.30minutes": "30 min.","unit.time.40minutes": "40 min.","unit.time.50minutes": "50 min.","unit.time.5minutes": "5 min.","unit.time.60minutes": "60 min.","unit.time.dimension.day.1": "dzień","unit.time.dimension.day.few": "dni","unit.time.dimension.day.other": "dni","unit.time.dimension.hour.1": "godzina","unit.time.dimension.hour.few": "godziny","unit.time.dimension.hour.other": "godzin","unit.time.dimension.minute.1": "minuta","unit.time.dimension.minute.few": "minuty","unit.time.dimension.minute.other": "minut","unit.time.dimension.month.1": "miesiąc","unit.time.dimension.month.few": "miesięcy","unit.time.dimension.month.other": "miesięcy","unit.time.dimension.second.1": "sekundy","unit.time.dimension.second.few": "sekundy","unit.time.dimension.second.other": "sekund","unit.time.dimension.week.1": "tydzień","unit.time.dimension.week.few": "tygodnie","unit.time.dimension.week.other": "tygodni","unsupported.landscape.text": "GRA JEST PRZEZNACZONA DO TRYBU PORTRETOWEGO\\nABY ZAGRAĆ, OBRÓĆ URZĄDZENIE PIONOWO","unsupported.landscape.title": "ZAGRAJ<br/> W TRYBIE PORTRETOWYM","unsupported.portrait.text": "GRA JEST PRZEZNACZONA DO TRYBU PANORAMICZNEGO\\nABY ZAGRAĆ, OBRÓĆ URZĄDZENIE POZIOMO","unsupported.portrait.title": "ZAGRAJ<br/> W TRYBIE PANORAMICZNYM","update.ie9.browser.checkbox": "Nie pokazuj ponownie","update.ie9.browser.message": "Gra działa lepiej w najnowszej wersji przeglądarki Internet Explorer lub Chrome. <br/>Kliknij tutaj, aby zaktualizować przeglądarkę Internet Explorer.","bringMoney.mobilePrimarySpinsCurrency" : "Free Spins","italyDesktopGameBonusNotification" : "Grasz teraz z bonusem gry. Kliknij przycisk w panelu dolnym, aby przełączyć się na prawdziwe pieniądze","bringMoney.multiBonusTitle" : "Wybierz liczbę free spins<br/>i kredyty gry dla zabawy, aby rozpocząć grę","desktop.label.freeSpins" : "FREE SPINS","bringMoney.desktopSpinsCurrency" : "FREE SPINS","italyDesktopRealMoneyNotification" : "Grasz teraz na prawdziwe pieniądze. Kliknij przycisk w panelu dolnym, aby przełączyć się na bonus gry","multiplayerlobby.avatar": "Awatar","multiplayerlobby.join": "Dołącz","multiplayerlobby.join.table": "Dołącz do stołu","multiplayerlobby.limits": "Limity","multiplayerlobby.my.account": "Moje konto","multiplayerlobby.nickname": "Pseudonim","multiplayerlobby.player.profile": "Profil gracza","multiplayerlobby.players": "Gracze","multiplayerlobby.save": "Obrona","multiplayerlobby.status": "Status","multiplayerlobby.table.name": "Nazwa stołu","multiplayerlobby.timer": "Zegar","multiplayerlobby.show.country": "Pokaż mój kraj","message.unexpectedError.501" : "Niestety, gra jest niedostępna w trybie dla zabawy. Zaloguj się najpierw","multiplayerlobby.playerprofile.error.nickname.3" : "Przydomek może zawierać maksymalnie 20 znaków","multiplayerlobby.playerprofile.error.nickname.2" : "Należy wypełnić pole przydomka","multiplayerlobby.playerprofile.error.nickname.4" : "Wystąpił błąd pobierania przydomka","multiplayerlobby.playerprofile.error.avatar.2" : "Nie można zaktualizować awatara","multiplayerlobby.switch.to.another.game" : "CZY CHCESZ ZMIENIĆ GRĘ?","multiplayerlobby.playerprofile.error.avatar.1" : "Wystąpił błąd pobierania awatara","multiplayerlobby.playerprofile.error.status.2" : "Pole statusu może zawierać maksymalnie 20 znaków","multiplayerlobby.nickname.update.error" : "Skontaktuj się z administratorem, aby zmienić przydomek.","multiplayerlobby.playerprofile.error.status.3" : "Wystąpił błąd pobierania statusu","multiplayerlobby.playerprofile.error.showcountry.2" : "Wystąpił błąd pobierania wyświetlanego kraju","multiplayerlobby.playerprofile.error.showcountry.1" : "Nie można zaktualizować wyświetlanego kraju","multiplayerlobby.playerprofile.error.status.1" : "Nie można zaktualizować statusu gracza","multiplayerlobby.stay" : "Zostań","multiplayerlobby.change" : "Zmień","multiplayerlobby.join.error.no.nickname": "Niestety, bez przydomka nie możesz dołączyć do gry","multiplayerlobby.playerprofile.error.nickname.1" : "Użyj tylko liter i cyfr","leaderboard.notification.leaderboard.completed": "Najlepsze wyniki Ukończono","leaderboard.notification.leaderboard.finished": "Najlepsze wyniki Zakończona","leaderboard.notification.leaderboard.cancelled": "Najlepsze wyniki Anulowano","leaderboard.notification.leaderboard.started": "Najlepsze wyniki Rozpoczęto","leaderboard.notification.active": "Aktywne","leaderboard.notification.starts.in": "ROZPOCZĘCIE ZA"}}