{"texts": {"GAME_CATEGORY_FEATURED": "特集","GAME_CATEGORY_LIVE": "ライブ","GAME_CATEGORY_NEW": "新規","GAME_CATEGORY_POKER": "ポーカー","GAME_CATEGORY_SCRATCH": "スクラッチ","GAME_CATEGORY_SLOTS": "スロット","GAME_CATEGORY_TABLE_GAMES": "テーブルゲーム","GAME_CATEGORY_VIDEO_POKER": "ビデオポーカー","affiliate.button.casino": "カジノ","affiliate.button.dl": "ダウンロード","blockScreen.close.split": "スプリットビューを停止してゲームを続行してください","blockScreen.doubleTap": "通常サイズでプレイするにはダブルタップします","blockScreen.singleTap": "ゲームを続けるには画面をタップしてください","blockScreen.swipeDown": "↓ 下にスワイプしてください ↓","blockScreen.swipeUp": "↑ 全画面でプレイするには上にスワイプします ↑","blockScreen.enterFullscreen": "タッチして全画面でプレイ","bringMoney.aamsCode": "AAMS セッションコード：","bringMoney.amountPlaceholder": "テーブルにお金を持ち込む","bringMoney.bring": "ゲームに持ちこむ","bringMoney.casinoBalance": "カジノ残高：","bringMoney.failure.message": "送信に失敗しました","bringMoney.fsbTitle": "ゲームに持ちこむフリースピンを<br/>選んでください","bringMoney.notEnough.message": "残高の資金が不足しています。","bringMoney.participationCode": "参加コード:","bringMoney.realTitle": "ゲームに持ちこむ<br/>リアルマネーを選んでください","bringMoney.ropCode": "最後の法定参加コードは次になります：","bringMoney.ropTimestamp": "作成されたコード：","bringMoney.sessionLimit.message": "1セッションで {0} 以上を持ち込むことはできません。","bringMoney.success.message": "取引に成功しました <br/>このセッションの参加コードは次になります：{0}","bringMoney.tableBalance": "ゲーム残高：","bringMoney.transactionLimit.message": "{0}以上持ち込むことはできません","brokenGames.unfinishedGames": "カジノでのゲームがまだ終わっていません。","brokenGames.likeToResume": "再開しますか？","brokenGames.selectGame": "ゲームを選択して再開してください。","desktop.caption.audioSettings": "音響設定","desktop.caption.generalSettings": "一般設定","desktop.fsb.ButtonText": "こちらをクリック","desktop.fsb.notificationText": "フリースピンがあります！ここをクリックしてフリースピンを使いましょう！","desktop.goldenchip.ButtonText": "情報","desktop.goldenchip.notificationText": "タップしてテーブルの下にある黄金のチップトレーから黄金のチップを選択します","desktop.goldenchip.v2.notificationText": "Golden Chipsを利用できます。Golden Chipsは賭ける専用であり、各べッティングラウンドの後に賞金から差し引かれます。","desktop.label.gameSounds": "ゲームサウンド","desktop.label.skipIntro": "イントロビデオをスキップ","desktop.label.splashScreen": "スプラッシュ画面を表示しない","desktop.label.volume": "音量","desktop.loading.gameBy": "ゲーム提供","desktop.loading.loadingGame": "ゲームを読み込んでいます...","desktop.loading.proudlyPresents": "の自信作","desktop.promotetoreal.continuePlaying": "プレーを継続","desktop.promotetoreal.playForReal": "リアルマネーでプレー","desktop.promotetoreal.text": "連勝モードに入っているようです。リアルマネーでプレイしますか？","desktopGameAdvisor.header": "その他のゲームをお探しですか？","desktopGameAdvisor.hideButton": "次回からこのメッセージを表示しない","desktopGameAdvisor.suggestions": "以下を試してみてください。","download.installFlashPlayer.linkText": "Adobe.com","download.installFlashPlayer.part1": "カジノを立ち上げるには、Adobe Flash Playerをシステムにインストールする必要があります。","download.installFlashPlayer.part2.1": "今すぐ移動するには","download.installFlashPlayer.part2.2": "こちらをクリックします","download.installFlashPlayer.part3": "プレーヤーをインストールした後に、カジノを再起動してください。","error.id.title": "間違ったゲームID","error.item.unavailable": "申し訳ございませんが、このアイテムは現在利用できません。後ほど、再度試してください。","error.malformed.back.url": "不正な形式のバックURLゲームを開始できません","gameAdvisor.header": "ゲームアドバイザー","gameAdvisor.hideButton": "一時的に隠す","gameAdvisor.mostPopular": "一番人気","gameAdvisor.mostPopular_1": "スロットマシン","gameAdvisor.mostPopular_2": "テーブルゲーム","gameAdvisor.mostPopular_3": "カードゲーム","gameAdvisor.mostPopular_4": "ビデオポーカー","gameAdvisor.mostPopular_5": "アーケードゲーム","gameAdvisor.mostPopular_6": "プログレッシブゲーム","gameAdvisor.mostPopular_7": "プログレッシブゲーム","gameAdvisor.newGames": "新しいゲーム","gameAdvisor.otherGames": "他のゲーム","gameAdvisor.otherPlayers": "他のプレーヤー","gameAdvisor.similarGames": "類似したゲーム","gameAdvisor.suggestions": "以下の提案を確認してみてください","goldenChip.notification": "{count} 黄金のチップはこのゲームで {amount} の価値があります","italyBonusRewards": "ゲームボーナス","italyFunBonusCreditsMessage": "このゲームでどの種類のクレジットを使用しますか？","italyGameBonus": "ゲームボーナス","italyGameBonusNotification": "ゲームボーナスでプレーしています、クイックメニューをクリックしてリアルマネーに切り替える","italyLowGameBonusBalance": "このゲームモードのプレーを続けるには、ゲームボーナス残高が低すぎます。ゲームはリアルマネーに切り替わります","italyRealMoney": "リアルマネー","italyRealMoneyNotification": "リアルマネーでプレーしています、クイックメニューをクリックしてゲームボーナスに切り替える","label.concession": "コンセッション","label.extend": "延長","label.extend.for": "%time% 分","label.forgot": "パスワードをお忘れですか？","label.joinNow": "今すぐ参加","label.logIn": "ログイン","label.logout": "ログアウト","label.mode.fun": "お試しプレイ中","label.mode.real": "リアルマネーでプレイ中","label.notInUse": "使用されていません","label.practice": "練習モードでプレイする","label.rememberPass": "パスワードを記憶する","limits.state.title": "限度額","loading.game.title": "読み込んでいます<br />","lobbyInGame.categoryName.featured": "特集","lobbyInGame.categoryName.jackpots": "ジャックポット","lobbyInGame.categoryName.slots": "スロット","lobbyInGame.categoryName.tableGames": "テーブルゲーム","lobbyInGame.title": "ゲーム","mainMenu.account": "マイ アカウント","mainMenu.bank": "バンク","mainMenu.bonusTerms": "ボーナス条件","mainMenu.bringMoney": "お金を入れる","mainMenu.chat": "チャット","mainMenu.compPoints": "コンプポイント","mainMenu.deposit": "入金","mainMenu.depositLimit": "入金限度額","mainMenu.fullScreen": "フル画面","mainMenu.fundsTransfer": "資金を送金","mainMenu.gameVersion": "ゲームバージョン","mainMenu.help": "ヘルプ","mainMenu.history": "ゲーム履歴","mainMenu.inviteFriend": "友達を誘う","mainMenu.leftRightHand": "左利き/右利き","mainMenu.licenseeInfo": "ライセンス情報","mainMenu.limits": "リミット","mainMenu.lobby": "ロビー","mainMenu.multiplayerLobby": "マルチプレイヤーロビー","mainMenu.logout": "ログアウト","mainMenu.options": "オプション","mainMenu.panic": "パニック","mainMenu.paytable": "配当表","mainMenu.playForReal": "リアルマネーでプレイ","mainMenu.promotions": "プロモーション","mainMenu.quickDeposit": "クイック入金","mainMenu.respGaming": "責任あるギャンブル","mainMenu.responsibleGamingApproval": "責任あるギャンブル","mainMenu.responsibleGamingSngc": "SNGCの承認済み","mainMenu.reverse.withdraw": "リバース引出","mainMenu.selfExclusion": "自己除外","mainMenu.settings": "設定","mainMenu.share": "共有","mainMenu.shareRefer": "友達紹介","mainMenu.sound": "サウンド","mainMenu.support": "サポート","mainMenu.timeOut": "タイムアウト","mainMenu.transactions": "取引","mainMenu.withdraw": "出金","menu.main.left.right.hand": "左利き/右利き","message.autoplayFinished": "自動プレーは停止されました。","message.browserMode": "ブラウザーモードに変更してもよろしいですか？　この場合ゲームはリロードされ、現在のゲームは保存されません","message.button.accept": "承諾","message.button.cancel": "キャンセル","message.button.close": "閉じる","message.button.decline": "拒否","message.button.later": "後で","message.button.no": "いいえ","message.button.ok": "OK","message.button.play_fun": "お試しプレイ","message.button.reload": "リロード","message.button.relogin": "リトライ","message.button.update": "更新","message.button.yes": "はい","message.button.resume": "再開","message.connError": "サーバーに接続できませんでした。しばらくしてからお試しください。ゲームはファンモードでロードされます。","message.connectionLost": "ネットワーク接続に問題が発生しました。<br/>ゲームを更新してみてください。または別のゲームを選んでください。","message.exit": "[casinoname] カジノをご利用いただきありがとうございます。<br/>本当に終了しますか？","message.gameNotLoaded": "ゲームが読み込まれていません。再度試すか、他のゲームを選んでください。問題が続く場合は、カスタマーサービスまでご連絡ください。","message.inGameLobby.games": "ゲーム","message.incorrectUser": "正しくないユーザー名またはパスワードが入力されました。アカウント情報を確認して、再度ためしてください。","message.insufDep": "残高が不足しています。入金しますか？","message.insufReal": "残高が不足しています。リアルマネーでプレイしますか？","message.insufTable": "残高が不足しています。追加のお金をテーブルに持ち込みますか？","message.loggedOut": "ログアウトしました。再ログインできない場合は、カスタマーサービスまでご連絡ください。","message.login.failed": "ログインに失敗しました。ロビーページに転送します。","message.login.retry": "ログインできません","message.loginError": "セッションの期限が切れました。再度ログインしてください。","message.needLogin": "リアルマネーでのプレーは、ロビーにログインしてください。","message.sessionClosed": "セッションの期限切れ:　ロビーに移動します。","message.networkError": "ネットワークエラーが発生しました。ゲームは終了します。","message.shutdownNotification": "システムは現在メンテナンス中です。{timeLeft}分で切断されます。プレーを続けるには、カジノに再ログインしてください。","message.panicMessage": "次の12時間の間自己除外しますか?","message.promoGadget.promotions": "プロモーション","message.reconnect": "接続を失いました。再接続しています","message.selectGame": "ボーナスを使用するゲームを選びます","message.server.disconnect": "サーバーから切断されました。ゲームはファンモードでロードされます。","message.single.session": "このユーザーとのゲームは他のデバイスで開かれています","message.spinError": "ゲームスピンエラー再度ためしてください","message.termsAndConditions": "利用規約","mg.label.balance": "残高","mg.label.demo": "デモ","mini.caption.settings": "設定","mini.label.disableWarnings": "警告を無効にする","mini.label.volume": "音量","nickname.error": "別のニックネームを選んでください。","nickname.message": "ようこそ！<br>カジノでのニックネームを選んでください！","nickname.note": "注記:ニックネームを変更するにはカスタマーサービスまでご連絡ください。","quickMenu.inGameLobby": "","quickMenu.notification.freeSpin": "[count] このゲームで利用できるフリースピン","quickMenu.notification.promoGadget": "新しいプロモーションを利用できます","quickMenu.promoGadget": "","realitycheck.message.button.continue": "続ける","realitycheck.message.button.stop": "停止","servererror10": "このニックネームは現在別のプレーヤーによって使用されています。<br>違うニックネームを入力して再度ためしてください。","servererror1018": "一度に１つのネットワークだけでプレーできます。ネットワークを変更する前に、すべてのゲームを閉じて待機リストから登録解除してください。","servererror104": "セッションは無効です。","servererror108": "要求されたベットをするには残高が不足しています。より低いチップを置くか、<u><a href=\"htcmd:switchtogame?code=cashier\">キャッシャー</a></u>に行って入金をしてください。","servererror178": "ログインに失敗しました。ロビーページに転送します。","servererror113": "技術的な問題により、現在このラウンドを終了することができません。<br>問題が解決した時点でゲームを終了させたり、ゲーム履歴から結果を後で確認したりできます。<br>さらなるサポートは、[supportemail] までカスタマーサポートへご連絡ください。<br>ご迷惑をおかけして申し訳ございません。","servererror13": "申し訳ございません。プログレッシブジャックポットサーバーは現在応答していません。<br>ばらくしてから再度ためしてください。<br>その間、通常のゲームをプレーしてみてください。","servererror147": "新しいゲームをプレーする前に、終了していないゲームを終了しなければなりません","servererror15": "カスタマーサポートチームは現在利用できません。<br>数分後にもう一度試してください。<br>ご迷惑をおかけして申し訳ございません。","servererror16": "ディーラーは現在テーブルにいません。他のゲームをいくつか試してみてください。","servererror17": "ゲームサーバーから応答がありません。<br>問題が続く場合はオフラインモードだけでプレーを継続することができます。<br>ただちにサポートが必要な場合は [supportemail] までカスタマーサポートへご連絡ください。<br>ご迷惑をおかけして申し訳ございません。","servererror204": "ディーラーがテーブルにいません。","servererror233": "インターネット接続の問題が原因で、このゲームラウンドではベットは確定されませんでした。次のゲームラウンドで再度試してください。問題が続く場合は、ご利用のインターネットサービスプロバイダーに連絡して頂く必要があるかもしれません。","servererror27": "内部同期エラーが発生しました。さらなるサポートは、[supportemail] までカスタマーサポートへご連絡ください。<br>ご迷惑をおかけして申し訳ございません。","servererror28": "このゲームは現在閉じられています。他のゲームをいくつか試してみてください。","servererror29": "同じライブゲームテーブルに二度参加することはできません。","servererror31": "通信問題のために、ベットは時間内に登録されませんでした。ゲームウインドウを閉じてゲームを再度開始してください。今後この問題を防止するには、ゲームラウンドが開始したらすぐにベットを確定してください。","servererror33": "チップのためのリアルマネーが不足しています。","servererror332": "許可されているよりも多くの席を占有しようとしています。","servererror334": "このテーブルはイタリアの規制によって禁止されています。他のゲームをいくつか試してみてください。","servererror35": "プログレッシブサイドベットを賭けることはできませんでした。サポートが必要な場合はカスタマーサポートまで[supportemail]へご連絡ください。","servererror4": "このゲームテーブルは現在満席です。<br>後でもう一度試してください。または他のテーブルを確認してください。","servererror522": "「<b>パスワードを再入力</b>」フィールドが一致しません。<br>「パスワードを再入力」フィールドを再度入力してください。","servererror57": "テクニカルエラーすべてのベットは返金されました。","servererror586": "パスワードの最小強度は「非常に弱い」です。最低8文字の長さでなければなりません。","servererror587": "パスワードの最小強度は「弱い」です。最低8文字の長さで小文字と大文字を含んでいなければなりません。","servererror588": "パスワードの最小強度は「中」です。最低8文字の長さで、小文字、大文字、そして最低１つの数字を含んでいなければなりません。","servererror589": "パスワードの最小強度は「強」です。最低8文字の長さで、小文字、大文字、最低１つの数字、そして最低1つの特殊文字を含んでいなければなりません。","servererror590": "パスワードの最小強度は「非常に強い」です。最低12文字の長さで、小文字、大文字、最低１つの数字、そして最低1つの特殊文字を含んでいなければなりません。","servererror6": "ゲームサーバーから応答がありません。<br>ただちにサポートが必要な場合は [supportemail] までカスタマーサポートへご連絡ください。<br>ご迷惑をおかけして申し訳ございません。","servererror610": "このゲームは現在利用できません。私どもの他のゲームをいくつか試してみてください。","servererror615": "プログレッシブゲームはリアルマネーをプレーしている時だけ利用できます。","servererror616": "この席はすでに別のプレーヤーによって使用されています。空席を選んでください。","servererror630": "技術的な問題のために、このラウンドを終了することができません。<br>ゲームの問題が解決次第ご連絡いたします。あなたの残高は適切に調整されます。","servererror644": "この機能は現在利用できません。","servererror647": "申し訳ございません。ベットは受け付けられませんでした。さらなるサポートは [supportemail] までカスタマーサポートへご連絡ください。","servererror650": "このゲームは一度に１セッションのプレーに制限されています。進行中のゲームを閉じて、新しいテーブルを開いてください。","servererror680": "現在サポートされていないゲームモードで、以前のゲームセッションにおいて終了していないゲームがあります。カスタマーサポートまでご連絡ください。ご迷惑をおかけして申し訳ございません。","servererror681": "新しいパスワードは古いパスワードと異なるものでなければなりません。<br>異なるパスワードを入力して、もう一度試してください。","servererror700": "[casino]は同時参加できるインターネットプレーヤーの最大人数に達しました。","servererror701": "[casino]でのプレーヤーの最大ベットリミットを超えました。","servererror720": "このゲームは1回につき１セッションに制限されています。","servererror801": "すでにこのテーブルを見ています。","servererror802": "申し訳ございません。このテーブルの最大閲覧者数に達しました。このテーブルから切断されます。","servererror803": "このテーブルは現在満席です。このテーブルから切断されます。","servererror804": "申し訳ございません。このテーブルは利用できません。別のテーブルを選んでください。","servererror805": "ラウンドは有効ではありません。","servererror806": "無効なアクション。","servererror807": "申し訳ございません。そのベットリミットを利用できないので、そのテーブルには参加できません。","servererror808": "デュプリケートベット。","servererror809": "許可されている未使用ラウンド数に達しました。このテーブルから切断されます。","servererror810": "許可されている閲覧ラウンド数に達しました。このテーブルから切断されます……","servererror811": "同じテーブルに二度参加することはできません。","servererror812": "見ています。","servererror813": "この席はすでに別のプレーヤーによって使用されています。空席を選んでください。","servererror814": "確定されていないベットはテーブルから取り除かれます。","servererror815": "申し訳ございません。このテーブルは閉じられます。別のテーブルを選んでください。","servererror816": "このテーブルにはプレーヤーがいません。[1]秒後に閉じられます。","servererror817": "申し訳ございません。このテーブルは閉じられました。別のテーブルを選んでください。","servererror818": "活動中のテーブルが見つかりません。","servererror819": "このテーブルに参加する権限がありません。","servererror820": "テーブルの終了時間に達しました。テーブルは閉じられました。","servererror821": "間違った招待コード。招待コードを確認してください。","servererror822": "入力されたテーブル名には許可されていない言葉が含まれています。違うテーブル名を入力してください。","servererror823": "テーブル名は1文字から30文字の長さでなければなりません。文字、数字、スペースだけを含めることができます。","servererror824": "現在オープンステータスのプライベートグループテーブルをすでに3つ作成したので、これ以上テーブルを作成することはできません。","servererror825": "入力されたテーブル名はすでに使用されています。違うテーブル名を入力してください。","servererror826": "プライベートグループテンプレートは閉じられました。異なるテンプレートを選んでください。","servererror827": "入力されたパスワードには許可されていない言葉が含まれています。異なるパスワードを入力してください。","servererror828": "招待コードは1文字から10文字の長さでなければなりません。文字と数字だけを含めることができます。","servererror832": "同じベット合計でテーブルに参加できません。","servererror9": "別のニックネームを選んでください。","setSelfExclusionDialog.cancelButton": "キャンセル","setSelfExclusionDialog.header": "自己除外","setSelfExclusionDialog.okButton": "適用","setSelfExclusionDialog.periodRestrictionLabel": "自己除外の有効化","sky.error.undefined": "ゲームエラーが発生しました。ロビーに移動します。","sound.popup.dontShowMeAgain": "今後表示しない","sound.popup.text": "サウンドオンでプレーしますか？","timeLossLimit.gambling.closeGame.button": "離れる","timeLossLimit.gambling.ignore.button": "続ける","timeLossLimit.gambling.warning": "スロットマシンのギャンブルセッションを開始してから[minutes]分プレーしています。 この期間の間、合計[bets]の賭けをしました","timeLossLimit.limitReached.loss.error": "セッション損失の上限に達しましたのでゲームはすぐに閉じられます。 このセッション中、合計[bets]を賭け、合計[wins]勝利しました","timeLossLimit.limitReached.time.error": "セッション時間の上限に達しましたのでゲームはすぐに閉じられます。 このセッション中、合計[bets]を賭け、合計[wins]勝利しました","timeLossLimit.losslimit.proximity.warning": "ご注意ください – セッション損失の上限に近づいています","timeLossLimit.sessionsummary": "現在のゲームセッションはすぐに終了します。 このセッション中、合計[bets]を賭け、合計[wins]勝利しました","timeLossLimit.timelimit.proximity.warning": "ご注意ください – セッション時間の上限に近づいています","timeLossLimit.tooHighBet.error": "ベットはセッションロスの上限を超えてしまう可能性があるため、受け付けることができません。賭け金を低くしてベットしてください。","timeLossLimitDialog.betLimit.label": "損失限度額","timeLossLimitDialog.betLimit.value.error": "無効な金額有効な金額を再度入力してください","timeLossLimitDialog.betLimit.value.error.bigThanBalance": "あなたの損失の上限は残高より高いです。少ない額を入力するか、入金をしてください。","timeLossLimitDialog.betLimit.value.error.notValid": "無効な金額です。有効な金額を再度入力してください","timeLossLimitDialog.cancelButton.label": "キャンセル","timeLossLimitDialog.gamblingNoticeInterval.label": "ギャンブル通知間隔","timeLossLimitDialog.okButton.label": "OK","timeLossLimitDialog.sessionTimer.label": "セッションタイマー","timeLossLimitDialog.sessionTimer.placeholder": "タップして選択","timeLossLimitDialog.timeLimit.value.error.empty": "無効なセッションタイマー値です。有効な期間を選択してください","timeLossLimitDialog.title": "スロットゲームの制限","uifeatures.demo.popup": "無料で試してみる","uifeatures.real.popup": "リアルマネーでプレー中","ukreg.autoplay.jackpotsinglewinlimit.message": "自動プレー停止: ジャックポット勝利[amount] 以上の賞金額","ukreg.autoplay.jackpotwinlimit.message": "自動プレー停止: ジャックポット勝利","ukreg.autoplay.losslimit.message": "自動プレーの停止: 損失限度額に達しました。","ukreg.autoplay.singlewinlimit.message": "[amount] 以上の賞金額で自動プレーを停止します。","ukreg.cancelButtonText": "退場","ukreg.confirmButtonText": "確認","ukreg.jackPotLabel": "ジャックポット勝利で自動プレー停止","ukreg.lossLabel": "全体の損失がこれ以上で自動プレー停止:","ukreg.lossLimitExceedMessage": "損失限度額:最大限度額は[amount]です","ukreg.lossLimitInvalidMessage": "損失限度額では無効な金額です。有効な金額を入力してください。","ukreg.lossLimitLowMessage": "入力された損失限度額は自動プレーを開始するには低すぎます。もっと大きな金額を入力してください。","ukreg.singleWinExceedMessage": "単一勝利限度額:最大限度額は[amount]です","ukreg.singleWinInvalidMessage": "1回の賞金額フィールドには無効な額です。有効な金額を入力してください。","ukreg.singleWinLabel": "1回の勝利がこれ以上で停止:","ukreg.singleWinLowMessage": "1回の賞金限度額:最大限度額は[amount]です","ukreg.title": "責任のあるゲーミング- 自動プレー","unit.time.10minutes": "10 分","unit.time.12hours": "12時間","unit.time.15minutes": "15 分","unit.time.1day": "1日","unit.time.1hour": "1時間","unit.time.1month": "1か月","unit.time.1week": "1週間","unit.time.20minutes": "20 分","unit.time.2hours": "2時間","unit.time.30minutes": "30 分","unit.time.40minutes": "40 分","unit.time.50minutes": "50 分","unit.time.5minutes": "5 分","unit.time.60minutes": "60 分","unit.time.dimension.day.1": "日","unit.time.dimension.day.few": "日","unit.time.dimension.day.other": "日","unit.time.dimension.hour.1": "時間","unit.time.dimension.hour.few": "時間","unit.time.dimension.hour.other": "時間","unit.time.dimension.minute.1": "分","unit.time.dimension.minute.few": "分","unit.time.dimension.minute.other": "分","unit.time.dimension.month.1": "か月","unit.time.dimension.month.few": "か月","unit.time.dimension.month.other": "か月","unit.time.dimension.second.1": "秒","unit.time.dimension.second.few": "秒","unit.time.dimension.second.other": "秒","unit.time.dimension.week.1": "週間","unit.time.dimension.week.few": "週間","unit.time.dimension.week.other": "週間","unsupported.landscape.text": "ゲームは縦向きにデザインされています。<br />プレイするにはデバイスを縦にしてください。","unsupported.landscape.title": "縦向きで<br />プレイする","unsupported.portrait.text": "ゲームは横向きにデザインされています。<br />プレイするにはデバイスを横にしてください。","unsupported.portrait.title": "横向きで<br/>プレイする","update.ie9.browser.checkbox": "再度表示しない","update.ie9.browser.message": "本ゲームはInternet ExplorerまたはChromeの最新バージョンの方が安定して稼働します。Internet Explorerを更新するにはこちらをクリックしてください.","bringMoney.mobilePrimarySpinsCurrency" : "フリースピン","italyDesktopGameBonusNotification" : "現在ゲームボーナスでプレー中です。下のパネルのボタンをクリックしてリアルマネーと切り替えます。","bringMoney.multiBonusTitle" : "ゲームに使用するフリースピンの回数と<br/>ファンクレジットを選択してください","desktop.label.freeSpins" : "フリースピン","bringMoney.desktopSpinsCurrency" : "フリースピン","italyDesktopRealMoneyNotification" : "現在リアルマネーでプレー中です。下のパネルのボタンをクリックしてゲームボーナスと切り替えます。","multiplayerlobby.avatar": "アバター","multiplayerlobby.join": "参加","multiplayerlobby.join.table": "テーブルに参加","multiplayerlobby.limits": "限度額","multiplayerlobby.my.account": "マイ アカウント","multiplayerlobby.nickname": "ニックネーム","multiplayerlobby.player.profile": "プレイヤープロフィール","multiplayerlobby.players": "プレーヤー","multiplayerlobby.save": "セーブ","multiplayerlobby.status": "状態","multiplayerlobby.table.name": "テーブル名","multiplayerlobby.timer": "タイマー","multiplayerlobby.show.country": "自分の国の表示","message.unexpectedError.501" : "申し訳ありません。このゲームはファンモードでは利用できません。まず最初にログインしてください","multiplayerlobby.playerprofile.error.nickname.3" : "ニックネーム欄は20文字以内でなければなりません","multiplayerlobby.playerprofile.error.nickname.2" : "ニックネーム欄を埋める必要があります","multiplayerlobby.playerprofile.error.nickname.4" : "ニックネームのダウンロードでエラーが発生しました","multiplayerlobby.playerprofile.error.avatar.2" : "アバターを更新できません","multiplayerlobby.switch.to.another.game" : "ゲームを変更しますか？","multiplayerlobby.playerprofile.error.avatar.1" : "アバターのダウンロードでエラーが発生しました","multiplayerlobby.playerprofile.error.status.2" : "ステータス欄は20文字以内でなければなりません","multiplayerlobby.nickname.update.error" : "ニックネームを変更するには、管理者にお問い合わせください。","multiplayerlobby.playerprofile.error.status.3" : "ステータスのダウンロードでエラーが発生しました","multiplayerlobby.playerprofile.error.showcountry.2" : "国名表示のダウンロードでエラーが発生しました","multiplayerlobby.playerprofile.error.showcountry.1" : "国名表示を更新できません","multiplayerlobby.playerprofile.error.status.1" : "プレイヤーのステータスを更新できません","multiplayerlobby.stay" : "継続","multiplayerlobby.change" : "変更","multiplayerlobby.join.error.no.nickname": "申し訳ありませんが、ニックネームなしでゲームに参加することはできません","multiplayerlobby.playerprofile.error.nickname.1" : "アルファベットと数字のみを使用してください","leaderboard.notification.leaderboard.completed": "リーダーボード 完了","leaderboard.notification.leaderboard.finished": "リーダーボード","leaderboard.notification.leaderboard.cancelled": "リーダーボード取消済","leaderboard.notification.leaderboard.started": "リーダーボード開始済","leaderboard.notification.active": "アクティブ","leaderboard.notification.starts.in": "開始時刻"}
}