{"texts": {"GAME_CATEGORY_FEATURED": "Представлены категории","GAME_CATEGORY_LIVE": "Лайв","GAME_CATEGORY_NEW": "Новая","GAME_CATEGORY_POKER": "Покер","GAME_CATEGORY_SCRATCH": "Категория Scratch","GAME_CATEGORY_SLOTS": "Слот-автоматы","GAME_CATEGORY_TABLE_GAMES": "Настольные игры","GAME_CATEGORY_VIDEO_POKER": "Видео-покер","affiliate.button.casino": "Казино","affiliate.button.dl": "Загрузить","blockScreen.close.split": "Чтобы продолжить игру, пожалуйста, отключите Сплит обзора","blockScreen.doubleTap": "Щелкнуть два раза для игры с обычным размером.","blockScreen.singleTap": "Щелкните по экрану для продолжения игры","blockScreen.swipeDown": "↓ Пожалуйста, проведите пальцем вниз ↓","blockScreen.swipeUp": "↑ Проведите курсором для выхода в полноэкранный режим. ↑","blockScreen.enterFullscreen": "Коснитесь для игры в полноэкранном режиме","bringMoney.aamsCode": "Код сеанса AAMS:","bringMoney.amountPlaceholder": "Внесите деньги для игры за столом","bringMoney.bring": "Взять в игру","bringMoney.casinoBalance": "Баланс казино:","bringMoney.failure.message": "Сбой передачи","bringMoney.fsbTitle": "Выберите число<br/>бесплатных спинов для игры","bringMoney.notEnough.message": "У вас недостаточно средств на вашем балансе","bringMoney.participationCode": "Код участия:","bringMoney.realTitle": "Выберите сумму<br/>реальных денег для игры","bringMoney.ropCode": "Последний код легального участия:","bringMoney.ropTimestamp": "Созданный код:","bringMoney.sessionLimit.message": "Вы не можете внести больше {0} за один сеанс","bringMoney.success.message": "Передача прошла успешно <br/>Ваш код участия в этом сеансе: {0}","bringMoney.tableBalance": "Игровой баланс:","bringMoney.transactionLimit.message": "Вы не можете внести больше {0}","brokenGames.unfinishedGames": "У вас в Казино остались незаконченные игры.","brokenGames.likeToResume": "Вы хотите возобновить игру?","brokenGames.selectGame": "Выберите игру, которую вы хотите возобновить.","desktop.caption.audioSettings": "Настройки звука","desktop.caption.generalSettings": "Общие настройки","desktop.fsb.ButtonText": "Щелкните здесь","desktop.fsb.notificationText": "У вас бесплатные спины! Щелкните здесь, чтобы воспользоваться ими прямо сейчас!","desktop.goldenchip.ButtonText": "Информация","desktop.goldenchip.notificationText": "Щелкните, чтобы выбрать золотую фишку с подноса золотых фишек внизу стола","desktop.goldenchip.v2.notificationText": "Вам доступны Golden Chips. Golden Chips предназначены только для размещения ставок, они будут вычитаться из ваших выигрышей после каждого кона размещения ставок.","desktop.label.gameSounds": "Звуки игры","desktop.label.skipIntro": "Пропустить вступительное видео","desktop.label.splashScreen": "Не отображать сплэш-экран","desktop.label.volume": "Звук","desktop.loading.gameBy": "ИГРА ОТ","desktop.loading.loadingGame": "Игра загружается...","desktop.loading.proudlyPresents": "С ГОРДОСТЬЮ ПРЕДСТАВЛЯЕТ","desktop.promotetoreal.continuePlaying": "Продолжить играть","desktop.promotetoreal.playForReal": "ИГРАТЬ НА РЕАЛЬНЫЕ ДЕНЬГИ","desktop.promotetoreal.text": "Кажется, вы поймали полосу удачи. Хотите сыграть на реальные деньги?","desktopGameAdvisor.header": "Требуется помощь в нахождении игр?","desktopGameAdvisor.hideButton": "Больше не показывать это сообщение","desktopGameAdvisor.suggestions": " Ознакомьтесь с нашими рекомендациями","download.installFlashPlayer.linkText": "Adobe.com","download.installFlashPlayer.part1": "Для запуска казино у вас должен быть установлен Adobe Flash Player.","download.installFlashPlayer.part2.1": "Щелкните здесь, чтобы посетить","download.installFlashPlayer.part2.2": "прямо сейчас.","download.installFlashPlayer.part3": "Запустите повторно казино после установки плеера.","error.id.title": "Неправильный ID игры","error.item.unavailable": "Извините, этот элемент в настоящее время недоступен. Пожалуйста, повторите попытку позже.","error.malformed.back.url": "Неправильно сформированный обратный URL.Вы не можете начать игру","gameAdvisor.header": "Советчик по играм","gameAdvisor.hideButton": "временно скрыть","gameAdvisor.mostPopular": "Наиболее популярные","gameAdvisor.mostPopular_1": "Слот-автоматы","gameAdvisor.mostPopular_2": "Настольные игры","gameAdvisor.mostPopular_3": "Игры в карты","gameAdvisor.mostPopular_4": "Видеопокер","gameAdvisor.mostPopular_5": "Аркады","gameAdvisor.mostPopular_6": "Прогрессивные игры","gameAdvisor.mostPopular_7": "Прогрессивные игры","gameAdvisor.newGames": "Новые игры","gameAdvisor.otherGames": "Другие игры","gameAdvisor.otherPlayers": "Другие игроки","gameAdvisor.similarGames": "Схожие игры","gameAdvisor.suggestions": "Ознакомьтесь со следующими предложениями","goldenChip.notification": "{count} ЗОЛОТЫХ ФИШЕК ДОСТОИНСТВОМ {amount} ДОСТУПНЫ В ЭТОЙ ИГРЕ","italyBonusRewards": "Игровой бонус","italyFunBonusCreditsMessage": "Какими кредитами вы хотите воспользоваться в этой игре?","italyGameBonus": "Игровой бонус","italyGameBonusNotification": "Вы сейчас играете с игровым бонусом, щелкните по быстрому меню, чтобы переключиться на игру на настоящие деньги","italyLowGameBonusBalance": "Баланс вашего игрового бонуса слишком низкий, чтобы продолжить играть в этом режиме.Игра будет переключена в режим игры на реальные деньги.","italyRealMoney": "Настоящие деньги","italyRealMoneyNotification": "Вы сейчас играете на настоящие деньги, щелкните по быстрому меню, чтобы переключиться на игровой бонус","label.concession": "Концессия","label.extend": "Расширить","label.extend.for": "%time% минут","label.forgot": "Забыли пароль?","label.joinNow": "Присоединиться сейчас","label.logIn": "Зайти","label.logout": "Выйти из системы","label.mode.fun": "ИДЕТ ИГРА НА ВИРТУАЛЬНЫЕ ДЕНЬГИ","label.mode.real": "ИГРА НА НАСТОЯЩИЕ ДЕНЬГИ","label.notInUse": "Не используется","label.practice": "Играть в режиме Practice","label.rememberPass": "Запомнить пароль","limits.state.title": "ЛИМИТЫ:","loading.game.title": "Идет загрузка<br />","lobbyInGame.categoryName.featured": "Популярные","lobbyInGame.categoryName.jackpots": "Джекпоты","lobbyInGame.categoryName.slots": "Слот-автоматы","lobbyInGame.categoryName.tableGames": "Настольные игры","lobbyInGame.title": "Игры","mainMenu.account": "Мой аккаунт","mainMenu.bank": "Банк","mainMenu.bonusTerms": "Условия бонуса","mainMenu.bringMoney": "Внести деньги","mainMenu.chat": "Чат","mainMenu.compPoints": "Комплементарные баллы","mainMenu.deposit": "Пополнение счета","mainMenu.depositLimit": "Лимит на депозиты","mainMenu.fullScreen": "Полный экран","mainMenu.fundsTransfer": "Перевод средств","mainMenu.gameVersion": "Версия игры","mainMenu.help": "Помощь","mainMenu.history": "Результаты","mainMenu.inviteFriend": "Пригласите друга","mainMenu.leftRightHand": "С правой стороны/С левой стороны","mainMenu.licenseeInfo": "Информация о лицензиате","mainMenu.limits": "Лимиты","mainMenu.lobby": "Лобби","mainMenu.multiplayerLobby": "Фойе на несколько игроков","mainMenu.logout": "Выйти из системы","mainMenu.options": "Опции","mainMenu.panic": "Тревога","mainMenu.paytable": "Таблица выплат","mainMenu.playForReal": "Реальная игра","mainMenu.promotions": "Промо-акции","mainMenu.quickDeposit": "Быстрый депозит","mainMenu.respGaming": "Ответственная игра","mainMenu.responsibleGamingApproval": "Ответственная игра","mainMenu.responsibleGamingSngc": "Одобрено SNGC","mainMenu.reverse.withdraw": "Отменить снятие","mainMenu.selfExclusion": "Самоисключение","mainMenu.settings": "Настройки","mainMenu.share": "Поделиться","mainMenu.shareRefer": "Поделиться с Другом","mainMenu.sound": "Звук","mainMenu.support": "Поддержка","mainMenu.timeOut": "Таймаут","mainMenu.transactions": "Транзакции","mainMenu.withdraw": "Вывод средств со счета","menu.main.left.right.hand": "С правой стороны/С левой стороны","message.autoplayFinished": "Автоигра остановлена","message.browserMode": "Вы уверены, что хотите переключиться в режим браузера? Для этого потребуется перезагрузить игру, текущая игра не будет сохранена","message.button.accept": "Принять","message.button.cancel": "Отмена","message.button.close": "Закрыть","message.button.decline": "Отклонить","message.button.later": "Позже","message.button.no": "Нет","message.button.ok": "OK","message.button.play_fun": "Играть на виртуальные деньги","message.button.reload": "Перезагрузка","message.button.relogin": "Повторить попытку","message.button.update": "Обновить","message.button.yes": "Да","message.button.resume": "Возобновить","message.connError": "Не удалось соединиться с сервером. Пожалуйста, повторите попытку позже. Игра будет загружена в режиме Fun.","message.connectionLost": "К сожалению, возникла сетевая проблема.<br/>Пожалуйста, попробуйте перезагрузить игру или выберите другую игру.","message.exit": "Благодарим вас за игру в казино [casinoname]!<br/>Вы действительно хотите выйти?","message.gameNotLoaded": "Игра не загружается. Пожалуйста, повторите попытку или выберите другую игру. Если проблема сохранится, пожалуйста, свяжитесь с нашей группой поддержки клиентов.","message.inGameLobby.games": "Игры","message.incorrectUser": "Введено неправильное имя пользователя или пароль. Подтвердите данные о своей учетной записи и повторите попытку.","message.insufDep": "Недостаточный баланс. Вы хотите внести депозит?","message.insufReal": "Недостаточный баланс. Вы хотите сыграть на настоящие деньги?","message.insufTable": "Недостаточный баланс. Вы хотите внести дополнительные средства для игры за этим столом?","message.loggedOut": "Вы вышли из системы. Если вы не сможете войти в систему повторно, пожалуйста, свяжитесь с нашей группой поддержки клиентов.","message.login.failed": "Неудачная попытка входа в аккаунт. Мы перенаправим вас на страницу фойе.","message.login.retry": "Не удается войти","message.loginError": "Сеанс завершен, пожалуйста, зайдите еще раз.","message.needLogin": "Войдите в фойе для игры на настоящие деньги.","message.sessionClosed": "Сеанс истек: вы будете перенаправлены в фойе.","message.networkError": "Произошла сетевая ошибка. Игра будет закрыта.","message.shutdownNotification": "Проводится техобслуживание системы. Вы будете отсоединены через {timeLeft} минут. Для продолжения игры повторно войдите в казино.","message.panicMessage": "Вы уверены, что хотите получить самоисключение на последующие 12 часов?","message.promoGadget.promotions": "Промо-акции","message.reconnect": "Соединение потеряно, производится повторное соединение","message.selectGame": "Выберите игру для использования бонуса","message.server.disconnect": "Вы были отсоединены от сервера. Игра будет загружена в режиме Fun.","message.single.session": "Игра с этим пользователем была открыта на другом устройстве","message.spinError": "Ошибка запуска. Пожалуйста, повторите попытку","message.termsAndConditions": "Условия и положения","mg.label.balance": "БАЛАНС","mg.label.demo": "ДЕМО","mini.caption.settings": "Настройки","mini.label.disableWarnings": "Отключить оповещения","mini.label.volume": "ГРОМКОСТЬ","nickname.error": "Пожалуйста, выберите другой никнейм.","nickname.message": "Добро пожаловать! <br> Выберите ваш никнейм для казино!","nickname.note": "Примечание: для смены никнейма, пожалуйста, свяжитесь с нашей Группой поддержки клиентов.","quickMenu.inGameLobby": "","quickMenu.notification.freeSpin": "[count] БЕСПЛАТНЫЕ СПИНЫ, ДОСТУПНЫЕ В ЭТОЙ ИГРЕ","quickMenu.notification.promoGadget": "ДОСТУПНЫ НОВЫЕ ПРОМО-АКЦИИ","quickMenu.promoGadget": "","realitycheck.message.button.continue": "Продолжить","realitycheck.message.button.stop": "Стоп","servererror10": "Это прозвище в настоящее время используется другим игроком.<br>Введите другое прозвище и повторите попытку.","servererror1018": "В одно и то же время вы можете играть только в одной сети. Пожалуйста, перед сменой сети закройте все игры и выйдите из списков ожидания.","servererror104": "Ваш сеанс недействителен","servererror108": "Недостаточный баланс для запрошенной ставки. Пожалуйста, разместите более низкую ставку или посетите <u><a href=\"htcmd:switchtogame?code=cashier\">Кассу</a></u> для внесения депозита.","servererror178": "Неудачная попытка входа в аккаунт. Мы перенаправим вас на страницу фойе.","servererror113": "Из-за технической проблемы мы в настоящее время не можем завершить этот кон.<br>Вы можете завершить игровой кон или просмотреть результаты игры позднее, после устранения возникшей проблемы.<brПожалуйста, свяжитесь с группой поддержки клиентов по адресу [supportemail] для получения дальнейшей помощи.<br>Приносим наши извинения за любые причиненные неудобства.","servererror13": "Извините, сервер прогрессивного джекпота в настоящее время не отвечает.<br>Пожалуйста, повторите попытку позднее.<br>Пока же попробуйте сыграть в наши обычные игры.","servererror147": "Вы должны завершить вашу незавершенную игру перед началом новой","servererror15": "Извините, группа поддержки клиентов в настоящее время недоступна.<br>Пожалуйста, повторите свою попытку через несколько минут.<br>Приносим наши извинения за любые причиненные неудобства.","servererror16": "Крупье в настоящее время недоступен за столом. Пожалуйста, попробуйте сыграть за другим столом.","servererror17": "Извините, отсутствует ответ с игрового сервера.<br>Если проблема не будет устранена, вы сможете продолжить играть только в режиме оффлайн.<br>Пожалуйста, свяжитесь с группой поддержки по адресу [supportemail] для получения немедленной помощи.<br>Приносим наши извинения за любые причиненные неудобства.","servererror204": "Крупье не за столом.","servererror233": "Ваши ставки не были подтверждены для этого игрового кона ввиду проблем с вашим Интернет-соединением. Пожалуйста, повторите попытку в следующем игровом коне. Если проблема не будет устранена, возможно, вам потребуется связаться с поставщиком Интернет-услуг для получения помощи.","servererror27": "Произошла ошибка внутренней синхронизации. Пожалуйста, свяжитесь с группой поддержки клиентов по адресу [supportemail] для получения дальнейшей помощи.<br>Приносим наши извинения за любые причиненные неудобства.","servererror28": "В настоящее время эта игра закрыта. Попробуйте выбрать другую из предлагаемых нами игр.","servererror29": "Вы не можете присоединиться к одному и тому же столу для лайв-игры дважды.","servererror31": "Из-за проблем со связью ваша ставка не была зарегистрирована вовремя. Пожалуйста, закройте игровое окно и начните игру заново. Для предотвращения возникновения этой проблемы в будущем, пожалуйста, постарайтесь подтвердить ваши ставки сразу же после начала игрового кона.","servererror33": "У вас недостаточно настоящих денег для передачи чаевых.","servererror332": "Вы пытаетесь занять больше мест, чем это разрешено.","servererror334": "Участие в игре за этим столом запрещено итальянскими законодательными нормами. Попробуйте выбрать другую из предлагаемых нами игр.","servererror35": "Нельзя было разместить прогрессивную дополнительную ставку. Для получения дальнейшей поддержки обратитесь в группу поддержки клиентов [supportemail].","servererror4": "За этим игровым столом в настоящее время нет свободных мест.<br>Пожалуйста, повторите попытку позднее или проверьте наши другие столы.","servererror522": "Поле '<b>Верифицировать пароль</b>' заполнено неверно.<br>Пожалуйста, заполните пол '<b>Верифицировать пароль</b>' повторно.","servererror57": "Техническая ошибка. Все ваши ставки были возвращены","servererror586": "Минимальная сила вашего пароля - 'Очень слабый': пароль должен содержать не менее 8 символов.","servererror587": "Минимальная сила вашего пароля - 'Слабый': пароль должен содержать не менее 8 символов, а также строчные и заглавные буквы.","servererror588": "Минимальная сила вашего пароля - 'Средний': пароль должен содержать не менее 8 символов, строчные и заглавные буквы, а также как минимум одну цифру.","servererror589": "Минимальная сила вашего пароля - 'Сильный': пароль должен содержать не менее 8 символов, строчные и заглавные буквы, а также как минимум одну цифру и один специальный символ.","servererror590": "Минимальная сила вашего пароля - 'Самый сильный': пароль должен содержать не менее 12 символов, строчные и заглавные буквы, а также как минимум одну цифру и один специальный символ.","servererror6": "Извините, отсутствует ответ от игрового сервера.<br>Пожалуйста, свяжитесь с группой поддержки клиентов по адресу [supportemail] для получения немедленной помощи.<br>Приносим наши извинения за любые причиненные неудобства.","servererror610": "Данная игра в настоящее время недоступна. Попробуйте выбрать другую из предлагаемых нами игр.","servererror615": "Прогрессивные игры доступны только при игре на настоящие деньги.","servererror616": "Это место уже занято другим игроком. Пожалуйста, выберите свободное место.","servererror630": "Из-за возникших технических проблем мы не смогли завершить этот кон.<br>Вы получите уведомление после устранения проблем в игре, ваш баланс будет отрегулирован соответствующим образом.","servererror644": "Извините, эта функция в настоящее время недоступна","servererror647": "Извините, ваши ставки не были приняты. Пожалуйста, свяжитесь с группой поддержки клиентов по [supportemail] для получения дальнейшей помощи.","servererror650": "Эта игра ограничена одним сеансом игры одновременно. Пожалуйста, закройте вашу активную игру, чтобы присоединиться к другому столу.","servererror680": "У вас незавершенная игра с предыдущего игрового сеанса в игровом режиме, который в настоящее время не поддерживается. Пожалуйста, свяжитесь с Группой поддержки клиентов для получения немедленной помощи. Примите извинения за доставленные неудобства.","servererror681": "Ваш новый пароль должен отличаться от вашего старого пароля.<br>Введите другой пароль и повторите попытку.","servererror700": "В [casino] достигнуто максимальное число внутренних игроков онлайн.","servererror701": "Превышен максимальный лимит для внутренних игроков в [casino].","servererror720": "Эта игра ограничена одним сеансом одновременно.","servererror801": "Вы уже являетесь зрителем этого стола.","servererror802": "Извините, было достигнуто максимальное число зрителей этого стола. Сейчас вы будете отсоединены от этого стола.","servererror803": "За этим столом сейчас нет свободных мест. Сейчас вы будете отсоединены от этого стола.","servererror804": "Извините, этот стол недоступен. Пожалуйста, выберите другой стол.","servererror805": "Кон не активен.","servererror806": "Недействительное действие.","servererror807": "Извините, вы не можете присоединиться к этому столу, поскольку лимиты ставки для вас недоступны.","servererror808": "Дублирующая ставка.","servererror809": "Достигнуто максимальное число разрешенных неактивных конов. Сейчас вы будете отсоединены от этого стола.","servererror810": "Достигнуто максимальное число разрешенных зрительских конов. Сейчас вы будете отсоединены от этого стола.","servererror811": "Вы не можете присоединиться к одному и тому же столу дважды.","servererror812": "Вы участвуете в качестве зрителя.","servererror813": "Это место уже занято другим игроком. Пожалуйста, выберите свободное место.","servererror814": "Неподтвержденные ставки будут сняты со стола.","servererror815": "Извините, этот стол будет закрыт. Пожалуйста, выберите другой стол.","servererror816": "За этим столом нет игроков. Стол будет закрыт через [1] секунд.","servererror817": "Извините, этот стол был закрыт. Пожалуйста, выберите другой стол.","servererror818": "Активной игры не найдено.","servererror819": "У вас нет разрешения присоединиться к этому столу.","servererror820": "Достигнуто время окончания игры на этом столе, стол закрыт.","servererror821": "Неправильный код приглашения. Пожалуйста, подтвердите ваш код приглашения.","servererror822": "Введенное название стола содержит недопустимые слова. Введите другое название стола.","servererror823": "Название стола должно содержать от 1 до 30 символов, оно может содержать только буквы, числа и пробелы.","servererror824": "Вы больше не можете создавать столы, поскольку вы уже создали три стола для частных групп, которые в настоящий момент находятся в открытом статусе.","servererror825": "Введенное название стола уже используется. Введите другое название стола.","servererror826": "Шаблон частной группы был закрыт. Пожалуйста, выберите другой шаблон.","servererror827": "Введенный пароль содержит неразрешенные слова. Введите другой пароль.","servererror828": "Код приглашения должен содержать от 1 до 10 символов, только буквы и цифры.","servererror832": "Вы не можете присоединиться к столу с такой же общей ставкой.","servererror9": "Пожалуйста, выберите другое прозвище.","setSelfExclusionDialog.cancelButton": "Отменить","setSelfExclusionDialog.header": "Самоисключение","setSelfExclusionDialog.okButton": "Применить","setSelfExclusionDialog.periodRestrictionLabel": "Активировать самоисключение","sky.error.undefined": "В игре произошла ошибка! Вы будете перенаправлены в фойе.","sound.popup.dontShowMeAgain": "Больше мне не показывать","sound.popup.text": "Вы хотите играть со звуком?","timeLossLimit.gambling.closeGame.button": "Выйти","timeLossLimit.gambling.ignore.button": " Далее","timeLossLimit.gambling.warning": "Вы играете в течение [minutes] минут с начала сеанса игры. В течение этого периода ваша суммарная ставка – [bets]","timeLossLimit.limitReached.loss.error": "Вы достигли максимального лимита проигрыша за сеанс, игра будет сейчас закрыта. Во время этого сеанса ваша суммарная ставка составила [bets], ваш суммарный выигрыш составил [wins]","timeLossLimit.limitReached.time.error": "Вы достигли максимального лимита времени за сеанс, игра сейчас будет закрыта. Во время этого сеанса ваша суммарная ставка составила [bets], ваш суммарный выигрыш составил [wins]","timeLossLimit.losslimit.proximity.warning": "Пожалуйста, помните – вы приближаетесь к лимиту проигрышей за сеанс","timeLossLimit.sessionsummary": "Ваш текущий гейм-сеанс сейчас будет завершен. Во время этого сеанса ваша суммарная ставка составила [bets], ваш суммарный выигрыш составил [wins]","timeLossLimit.timelimit.proximity.warning": "Пожалуйста, помните – вы приближаетесь к лимиту времени за сеанс","timeLossLimit.tooHighBet.error": "Ваша ставка не может быть принята, потому что она потенциально может превысить ваш лимит проигрыша на сеанс. Пожалуйста, разместите более низкую ставку.","timeLossLimitDialog.betLimit.label": "Лимит проигрыша","timeLossLimitDialog.betLimit.value.error.bigThanBalance": "Ваш лимит проигрыша превышает ваш баланс. Пожалуйста, введите меньшую сумму или внесите депозит.","timeLossLimitDialog.betLimit.value.error.notValid": "Недействительная сумма. Пожалуйста, введите повторно действительную сумму","timeLossLimitDialog.cancelButton.label": "Отменить","timeLossLimitDialog.gamblingNoticeInterval.label": "Интервал игрового уведомления","timeLossLimitDialog.okButton.label": "Ок","timeLossLimitDialog.sessionTimer.label": "Таймер сеанса","timeLossLimitDialog.sessionTimer.placeholder": "Нажмите чтобы выбрать","timeLossLimitDialog.timeLimit.value.error.empty": "Недействительное значение таймера сеанса. Пожалуйста, выберите действительный период времени","timeLossLimitDialog.title": "Ограничения игры на слот-автоматах","uifeatures.demo.popup": "Попробуйте это бесплатно","uifeatures.real.popup": "Сейчас вы играете на настоящие деньги","ukreg.autoplay.jackpotsinglewinlimit.message": "Автоматическая игра остановлена: выигрыш джекпота Выиграно больше [amount]","ukreg.autoplay.jackpotwinlimit.message": "Автоматическая игра остановлена: выигрыш джекпота","ukreg.autoplay.losslimit.message": "Автоигра остановлена: достигнут лимит проигрыша.","ukreg.autoplay.singlewinlimit.message": "Автоигра остановлена: выиграно больше [amount].","ukreg.cancelButtonText": "Выход","ukreg.confirmButtonText": "Подтвердить","ukreg.jackPotLabel": "Остановить Автоигру при выигрыше джекпота","ukreg.lossLabel": "Остановить Автоигру при общем проигрыше:","ukreg.lossLimitExceedMessage": "Слишком высокое значение лимита проигрыша: Максимально допустимая сумма составляет [amount]","ukreg.lossLimitInvalidMessage": "Недействительная сумма в поле лимита проигрыша. Пожалуйста, введите действительную сумму.","ukreg.lossLimitLowMessage": "Введенный лимит проигрыша слишком низкий для начала Автоигры. Пожалуйста, введите более крупную сумму.","ukreg.singleWinExceedMessage": "Слишком высокое значение единичного выигрыша: Максимально допустимая сумма составляет [amount]","ukreg.singleWinInvalidMessage": "Недействительная сумма в поле лимита одного выигрыша. Пожалуйста, введите действительную сумму.","ukreg.singleWinLabel": "Остановиться при единичном выигрыше более:","ukreg.singleWinLowMessage": "Слишком высокое значение единичного выигрыша: Максимально допустимая сумма составляет [amount]","ukreg.title": "Ответственный гейминг - Aвтоигра","unit.time.10minutes": "10 минут","unit.time.12hours": "12 часов","unit.time.15minutes": "15 минут","unit.time.1day": "1 день","unit.time.1hour": "1 час","unit.time.1month": "1 месяц","unit.time.1week": "1 неделя","unit.time.20minutes": "20 минут","unit.time.2hours": "2 часа","unit.time.30minutes": "30 минут","unit.time.40minutes": "40 минут","unit.time.50minutes": "50 минут","unit.time.5minutes": "5 минут","unit.time.60minutes": "60 минут","unit.time.dimension.day.1": "день","unit.time.dimension.day.few": "дня","unit.time.dimension.day.other": "дней","unit.time.dimension.hour.1": "час","unit.time.dimension.hour.few": "часа","unit.time.dimension.hour.other": "часов","unit.time.dimension.minute.1": "минута","unit.time.dimension.minute.few": "минуты","unit.time.dimension.minute.other": "минут","unit.time.dimension.month.1": "месяц","unit.time.dimension.month.few": "месяца","unit.time.dimension.month.other": "месяцев","unit.time.dimension.second.1": "секунда","unit.time.dimension.second.few": "секунды","unit.time.dimension.second.other": "секунд","unit.time.dimension.week.1": "неделя","unit.time.dimension.week.few": "недели","unit.time.dimension.week.other": "недель","unsupported.landscape.text": "ИГРА РАССЧИТАНА НА ПОРТРЕТНЫЙ РЕЖИМ.<br />ЧТОБЫ ИГРАТЬ, ПОВЕРНИТЕ ВАШЕ УСТРОЙСТВО В ВЕРТИКАЛЬНОЕ ПОЛОЖЕНИЕ.","unsupported.landscape.title": "ИГРАЙТЕ В<br />ПОРТРЕТНОМ РЕЖИМЕ","unsupported.portrait.text": "ИГРА РАССЧИТАНА НА АЛЬБОМНЫЙ РЕЖИМ.<br />ЧТОБЫ ИГРАТЬ, ПОВЕРНИТЕ ВАШЕ УСТРОЙСТВО В ГОРИЗОНТАЛЬНОЕ ПОЛОЖЕНИЕ","unsupported.portrait.title": "ИГРАЙТЕ В <br />АЛЬБОМНОМ РЕЖИМЕ","update.ie9.browser.checkbox": "Больше не показывать","update.ie9.browser.message": "В Игру лучше всего играть в последней версии Internet Explorer или Chrome. <br/>Пожалуйста, щелкните здесь для обновления Internet Explorer.","bringMoney.mobilePrimarySpinsCurrency" : "Бесплатные спины","italyDesktopGameBonusNotification" : "Сейчас вы играете с игровым бонусом. Щелкните по кнопке в нижней части экрана, чтобы переключиться на игру на реальные деньги","bringMoney.multiBonusTitle" : "Выберите число бесплатных спинов<br/>и фан-кредитов для игры","desktop.label.freeSpins" : "БЕСПЛАТНЫЕ СПИНЫ","bringMoney.desktopSpinsCurrency" : "БЕСПЛАТНЫЕ СПИНЫ","italyDesktopRealMoneyNotification" : "Сейчас вы играете на реальные деньги. Щелкните по кнопке в нижней части экрана, чтобы переключиться на игровой бонус","multiplayerlobby.avatar": "Аватар","multiplayerlobby.join": "Присоединиться","multiplayerlobby.join.table": "Присоединиться к столу","multiplayerlobby.limits": "Лимиты","multiplayerlobby.my.account": "Мой аккаунт","multiplayerlobby.nickname": "Ник","multiplayerlobby.player.profile": "Профиль игрока","multiplayerlobby.players": "Игроки","multiplayerlobby.save": "Сохранить","multiplayerlobby.status": "Статус","multiplayerlobby.table.name": "Название стола","multiplayerlobby.timer": "Таймер","multiplayerlobby.show.country": "Показать мою страну","message.unexpectedError.501" : "К сожалению, эта игра недоступна в режиме игры на виртуальные деньги. Сначала войдите","multiplayerlobby.playerprofile.error.nickname.3" : "Никнейм должен быть не больше 20 символов","multiplayerlobby.playerprofile.error.nickname.2" : "Поле никнейма должно быть заполнено","multiplayerlobby.playerprofile.error.nickname.4" : "Произошла ошибка при загрузке вашего никнейма","multiplayerlobby.playerprofile.error.avatar.2" : "Не удалось обновить аватар","multiplayerlobby.switch.to.another.game" : "ВЫ УВЕРЕНЫ, ЧТО ХОТИТЕ СМЕНИТЬ ИГРУ?","multiplayerlobby.playerprofile.error.avatar.1" : "Произошла ошибка при загрузке вашего аватара","multiplayerlobby.playerprofile.error.status.2" : "Поле статуса должно быть не больше 20 символов","multiplayerlobby.nickname.update.error" : "Для смены никнейма свяжитесь с администратором.","multiplayerlobby.playerprofile.error.status.3" : "Произошла ошибка при загрузке вашего статуса","multiplayerlobby.playerprofile.error.showcountry.2" : "Произошла ошибка при загрузке вашей отображаемой страны","multiplayerlobby.playerprofile.error.showcountry.1" : "Не удалось обновить отображаемую страну","multiplayerlobby.playerprofile.error.status.1" : "Не удалось обновить статус игрока","multiplayerlobby.stay" : "Остаться","multiplayerlobby.change" : "Изменить","multiplayerlobby.join.error.no.nickname": "Извините, вы не можете присоединиться к игре без прозвища","multiplayerlobby.playerprofile.error.nickname.1" : "Используйте только буквы и числа","leaderboard.notification.leaderboard.completed": "Список лидеров Завершено","leaderboard.notification.leaderboard.finished": "Список лидеров","leaderboard.notification.leaderboard.cancelled": "Список лидеров отменен","leaderboard.notification.leaderboard.started": "Список лидеров начат","leaderboard.notification.active": "Активен","leaderboard.notification.starts.in": "НАЧНЕТСЯ ЧЕРЕЗ"}
}