{"texts": {"GAME_CATEGORY_FEATURED": "Destacados","GAME_CATEGORY_LIVE": "En vivo","GAME_CATEGORY_NEW": "Nuevo","GAME_CATEGORY_POKER": "Poker","GAME_CATEGORY_SCRATCH": "Scratch","GAME_CATEGORY_SLOTS": "Tragamonedas","GAME_CATEGORY_VIDEO_POKER": "Video poker","affiliate.button.casino": "Casino","affiliate.button.dl": "Descargar","blockScreen.close.split": "Por favor, desactive la Vista Dividida para continuar el juego","blockScreen.doubleTap": "Toque la pantalla dos veces rápidamente para activar el tamaño normal","blockScreen.singleTap": "Toque la pantalla para seguir jugando","blockScreen.swipeDown": "↓ Deslice hacia abajo ↓","blockScreen.swipeUp": "↑ Deslice hacia arriba para activar el modo de pantalla completa ↑","blockScreen.enterFullscreen": "Toque para jugar en pantalla completa","bringMoney.aamsCode": "Código de sesión AAMS:","bringMoney.amountPlaceholder": "Agregar dinero a la mesa","bringMoney.bring": "Agregar al juego","bringMoney.casinoBalance": "Saldo en el casino:","bringMoney.failure.message": "Error durante la transmisión","bringMoney.fsbTitle": "Seleccione la cantidad de Giros Gratis<br/>que desea agregar al juego","bringMoney.notEnough.message": "No tiene fondos suficientes en su cuenta","bringMoney.participationCode": "Código de participación:","bringMoney.realTitle": "Seleccione el monto de dinero<br/>real que desea agregar al juego","bringMoney.ropCode": "El código de participación legal más reciente es","bringMoney.ropTimestamp": "Código creado:","bringMoney.sessionLimit.message": "No puede usar más de {0} en una sesión","bringMoney.success.message": "Transmisión exitosa <br/>Su código de participación para esta sesión es:\n{0}","bringMoney.tableBalance": "Saldo del juego:","bringMoney.transactionLimit.message": "No puede usar más de {0}","brokenGames.unfinishedGames": "Tiene juegos inconclusos en el Casino.","brokenGames.likeToResume": "¿Quiere reanudar?","brokenGames.selectGame": "Seleccione un juego para reanudar.","desktop.caption.audioSettings": "Config. de audio","desktop.caption.generalSettings": "Config. general","desktop.fsb.ButtonText": "Haga clic aquí","desktop.fsb.notificationText": "¡Tiene giros gratis! ¡Haga clic aquí para usarlos ahora!","desktop.goldenchip.ButtonText": "Info","desktop.goldenchip.notificationText": "Toque para elegir una Ficha Dorada de la bandeja de Fichas Doradas en la parte inferior de la mesa","desktop.goldenchip.v2.notificationText": "Tiene Golden Chips disponibles. Puede usar Golden Chips únicamente para hacer apuestas, y se deducirán de su premio después de cada ronda de apuestas.","desktop.label.gameSounds": "Sonidos del juego","desktop.label.skipIntro": "Omitir video de intro.","desktop.label.splashScreen": "No mostrar pantalla de carga al inicio","desktop.label.volume": "Volumen","desktop.loading.gameBy": "PRESENTADO POR","desktop.loading.loadingGame": "Cargando el juego...","desktop.loading.proudlyPresents": "PRESENTA ORGULLOSAMENTE","desktop.promotetoreal.continuePlaying": "Seguir jugando","desktop.promotetoreal.playForReal": "JUGAR POR DINERO","desktop.promotetoreal.text": "¡Parece que trae una racha ganadora! ¿Le gustaría jugar por dinero real?","desktopGameAdvisor.header": "¿Necesita ayuda para encontrar más juegos?","desktopGameAdvisor.hideButton": "No volver a mostrar este mensaje","desktopGameAdvisor.suggestions": "Aquí tiene algunas sugerencias","download.installFlashPlayer.linkText": "Adobe.com","download.installFlashPlayer.part1": "Para abrir el casino debe tener Adobe Flash Player instalado en su sistema.","download.installFlashPlayer.part2.1": "Haga clic aquí para visitar","download.installFlashPlayer.part2.2": "ahora.","download.installFlashPlayer.part3": "Después de instalar el reproductor, reinicie el casino.","error.id.title": "ID de juego incorrecto","error.item.unavailable": "Lamentablemente, este artículo no está disponible actualmente. Intente de nuevo más tarde.","error.malformed.back.url": "URL incorrecto No puede iniciar el juego.","gameAdvisor.header": "Consultor de juegos","gameAdvisor.hideButton": "Ocultar temporalmente","gameAdvisor.mostPopular": "Más populares","gameAdvisor.mostPopular_1": "Tragamonedas","gameAdvisor.mostPopular_2": "Juegos de mesa","gameAdvisor.mostPopular_3": "Juegos de cartas","gameAdvisor.mostPopular_4": "Póquer por video","gameAdvisor.mostPopular_5": "Máquinas de juegos","gameAdvisor.mostPopular_6": "Juegos progresivos","gameAdvisor.mostPopular_7": "Juegos progresivos","gameAdvisor.newGames": "Juegos nuevos","gameAdvisor.otherGames": "Otros juegos","gameAdvisor.otherPlayers": "Otros jugadores","gameAdvisor.similarGames": "Juegos similares","gameAdvisor.suggestions": "Consulte las siguientes sugerencias","gameConfigurationError1": "Desgraciadamente este juego tiene un problema de configuración. Se le redireccionará al lobby <br>Por favor, póngase en contacto con Asistencia al cliente<br> o intente con otro juego.","gameConfigurationError2": "Desgraciadamente esta función no está disponible en este juego debido a un problema de configuración. <br>Por favor, póngase en contacto con Asistencia al cliente<br> o intente esta función en otro juego.","goldenChip.notification": "{count} FICHAS DORADAS CON VALOR DE {amount} DISPONIBLES EN ESTE JUEGO","italyBonusRewards": "Bonus de juego","italyFunBonusCreditsMessage": "¿Qué tipo de créditos quiere usar en este juego?","italyGameBonus": "Bonus de juego","italyGameBonusNotification": "Ahora está jugando con bonus de juego, haga clic en el menú rápido para cambiar a dinero real.","italyLowGameBonusBalance": "Su saldo de Bonus de Juego es demasiado bajo para seguir jugando en este modo de juego. El modo de juego actual cambiará al modo Dinero real","italyRealMoney": "Dinero real","italyRealMoneyNotification": "Ahora está jugando con dinero real, haga clic en el menú rápido para cambiar a bonus de juego.","label.concession": "Concesión","label.extend": "Extender","label.extend.for": "%time% minutos","label.forgot": "¿Olvidó su contraseña?","label.joinNow": "Suscríbase ya","label.logIn": "Iniciar sesión","label.logout": "Cerrar sesión","label.mode.fun": "JUEGO POR DIVERSIÓN","label.mode.real": "JUEGO POR DINERO","label.notInUse": "Sin usar","label.practice": "Juegue en el Modo de práctica","label.rememberPass": "Recordar contraseña","limits.state.title": "LÍMITES:","loading.game.title": "Cargando<br />","lobbyInGame.categoryName.featured": "Destacado","lobbyInGame.categoryName.jackpots": "Premios mayores","lobbyInGame.categoryName.slots": "Tragamonedas","lobbyInGame.categoryName.tableGames": "Juegos de mesa","lobbyInGame.title": "Juegos","mainMenu.account": "Mi cuenta","mainMenu.bank": "Banca","mainMenu.bonusTerms": "Términos de las bonificaciones","mainMenu.bringMoney": "Agregar dinero","mainMenu.chat": "Chat","mainMenu.compPoints": "Puntos de comp.","mainMenu.deposit": "Depositar","mainMenu.depositLimit": "Límite de depósitos","mainMenu.fullScreen": "Pantalla completa","mainMenu.fundsTransfer": "Transferir fondos","mainMenu.gameVersion": "Versión del juego","mainMenu.help": "Ayuda","mainMenu.history": "Historial","mainMenu.inviteFriend": "Invitar amigos","mainMenu.licenseeInfo": "Información para el titular de la licencia","mainMenu.limits": "Límites","mainMenu.lobby": "Vestíbulo","mainMenu.multiplayerLobby": "Lobby multijugador","mainMenu.logout": "Cerrar sesión","mainMenu.options": "Opciones","mainMenu.panic": "Pánico","mainMenu.paytable": "Tabla de pagos","mainMenu.playForReal": "Jugar por dinero","mainMenu.promotions": "Promociones","mainMenu.quickDeposit": "Depósito rápido","mainMenu.respGaming": "Juego responsable","mainMenu.responsibleGamingApproval": "Juego responsable","mainMenu.responsibleGamingSngc": "Aprobado por la D.G.O.J.","mainMenu.reverse.withdraw": "Cancelar retiro","mainMenu.selfExclusion": "Autobloqueo","mainMenu.settings": "Ajustes","mainMenu.share": "Compartir","mainMenu.shareRefer": "Recomendar a un amigo","mainMenu.sound": "Sonido","mainMenu.support": "Soporte","mainMenu.timeOut": "Pausa","mainMenu.transactions": "Transacciones","mainMenu.withdraw": "Retirar","menu.main.left.right.hand": "Diestro/Zurdo","message.autoplayFinished": "Juego automático detenido","message.browserMode": "Para cambiar al modo navegador es necesario volver a cargar el juego, y la partida actual no se guardará, ¿desea cambiar de modo?","message.button.accept": "Aceptar","message.button.cancel": "Cancelar","message.button.close": "Cerrar","message.button.decline": "Rechazar","message.button.later": "Más tarde","message.button.no": "No","message.button.ok": "OK","message.button.play_fun": "Jugar por diversión","message.button.reload": "Volver a cargar","message.button.relogin": "Reintentar","message.button.update": "Actualizar","message.button.yes": "Sí","message.button.resume": "Reanudar","message.connError": "No fue posible conectarse con el servidor. Vuelva a intentarlo más tarde. El juego iniciará en el modo Jugar por diversión","message.connectionLost": "Lamentablemente, ocurrió un problema con la conexión a la red.<br/>Le rogamos que intente nuevamente descargar el juego o que elija otro.","message.exit": "¡Gracias por jugar en el casino [casinoname]!<br/>¿Seguro que quiere salir?","message.fsbError": "Por el momento no está disponible la función Giro gratis Vuelva a intentarlo más tarde.","message.gameNotLoaded": "El juego no se está cargando. Vuelva a intentarlo o elija otro juego. Si el problema continúa, contacte con Servicio al Cliente.","message.incorrectUser": "Nombre de usuario y contraseña incorrectos. Verifique la información de su cuenta y vuelva a intentarlo","message.insufDep": "Saldo insuficiente. ¿Le gustaría hacer un depósito?","message.insufReal": "Saldo insuficiente. ¿Le gustaría jugar por dinero real?","message.insufTable": "Saldo insuficiente. ¿Le gustaría agregar más dinero a la mesa?","message.loggedOut": "Se cerró su sesión. Si no logra volver a iniciar sesión, contacte con Servicio al Cliente.","message.login.failed": "Error al iniciar sesión. A continuación le redirigiremos al vestíbulo.","message.login.retry": "No es posible iniciar sesión.","message.loginError": "La sesión caducó, vuelva a iniciar sesión.","message.needLogin": "Inicie sesión en el lobby para jugar por dinero real.","message.sessionClosed": "Sesión caducada: se le redirigirá al lobby.","message.networkError": "Ocurrió un error de red. Se cerrará el juego.","message.shutdownNotification": "Estamos trabajando en el sistema. Se cerrará su sesión en {timeLeft} minutos. Para seguir jugando, vuelva a iniciar sesión en el casino.","message.panicMessage": "¿Seguro que desea autoexcluirse durante las próximas 12 horas?","message.reconnect": "Se perdió la conexión, restableciendo conexión","message.selectGame": "Seleccione un juego para usar la bonificación","message.server.disconnect": "Se perdió la conexión con el servidor. Se cargará el juego en el modo Jugar por diversión.","message.single.session": "Se abrió un juego con este usuario en otro dispositivo.","message.spinError": "Error de giros en el juego. Vuelva a intentarlo.","message.termsAndConditions": "Términos y Condiciones","mg.label.balance": "SALDO","mg.label.demo": "DEMO.","mini.caption.settings": "Ajustes","mini.label.disableWarnings": "Desactivar advertencias","mini.label.volume": "VOLUMEN","nickname.error": "Por favor, elija otro apodo.","nickname.message": "¡Bienvenido! <br> ¡Elija el apodo que desea usar en el casino!","nickname.note": "Nota: Para cambiar su apodo, contacte con Servicio al Cliente.","promotionsTitle": "Promociones","quickMenu.inGameLobby": "","quickMenu.notification.freeSpin": "[count] ESTE JUEGO OFRECE GIROS GRATUITOS","quickMenu.notification.promoGadget": "NUEVAS PROMOCIONES","quickMenu.promoGadget": "","realitycheck.message.button.continue": "Continuar","realitycheck.message.button.stop": "Detener","servererror10": "Otro jugador ya eligió ese apodo.<br>Ingrese un apodo diferente y vuelva a intentarlo.","servererror1018": "Solo puede jugar en una red a la vez. Cierre todos los juegos y abandone las listas de espera antes de cambiar de red.","servererror104": "Su sesión no es válida.","servererror108": "Saldo insuficiente para hacer la apuesta solicitada. Haga una apuesta menor, o vaya al <u><a href=\\\"htcmd:switchtogame?code=cashier\\\">Cajero<\\/a><\\/u> a realizar un depósito.","servererror178": "Error al iniciar sesión. A continuación le redirigiremos al vestíbulo.","servererror113": "Debido a un problema técnico, no es posible completar esta ronda.<br>Puede terminar el juego o consultar más tarde el resultado en el historial de juegos, después de solucionar el problema.<br>Escriba a Soporte al Cliente a [supportemail] para obtener más ayuda.<br>Le pedimos disculpas por las molestias causadas.","servererror13": "Lo sentimos, el servidor del premio mayor progresivo no responde.<br>Vuelva a intentarlo más tarde.<br>Mientras tanto, puede jugar nuestros juegos regulares.","servererror147": "Para iniciar un juego nuevo tiene que terminar su juego actual.","servererror15": "Lo sentimos, el equipo de Soporte al Cliente no está disponible en este momento.<br>Vuelva a intentarlo en unos minutos.<br>Le pedimos disculpas por las molestias causadas.","servererror16": "Por el momento, el dealer no está disponible. Intente jugar en otras mesas.","servererror17": "Lo sentimos, el servidor de juego no responde.<br>Si el problema continúa, podrá seguir jugando únicamente en el modo sin conexión.<br>Escriba a Soporte al Cliente a [supportemail] para obtener ayuda de inmediato.<br>Le pedimos disculpas por las molestias causadas.","servererror204": "El dealer no está disponible.","servererror233": "Debido a problemas con su conexión a Internet, no fue posible confirmar sus apuestas para esta ronda de juego. Vuelva a intentarlo en la siguiente ronda de juego. Si el problema continúa, quizás sea necesario que contacte con su proveedor de servicio de conexión a Internet para obtener ayuda.","servererror27": "Ocurrió un error interno de sincronización. Escriba a Soporte al Cliente a [supportemail] para obtener más ayuda.<br>Le pedimos disculpas por las molestias causadas.","servererror28": "Este juego está cerrado en este momento. Intente jugar en otros juegos.","servererror29": "No puede unirse dos veces al mismo juego en vivo.","servererror31": "Debido a un problema de comunicación, no fue posible registrar su apuesta a tiempo. Cierre la ventana del juego y reinicie el juego. Para evitar que este problema vuelva a ocurrir, confirme sus apuestas tan pronto como inicie la ronda de juegos.","servererror33": "No tiene suficiente dinero real para hacer la apuesta.","servererror332": "Está intentando ocupar más asientos del límite permitido.","servererror334": "La ley italiana prohíbe esta mesa. Intente jugar en otros juegos.","servererror35": "No fue posible hacer la apuesta lateral progresiva. Para obtener más ayuda, escriba a Soporte al Cliente a [supportemail].","servererror4": "Esta mesa de juego está llena.<br>Vuelva a intentarlo más tarde, o intente unirse a otras mesas.","servererror522": "El campo '<b>Confirmar contraseña<\\/b>' no coincide con la contraseña.<br>Revise el campo '<b>Confirmar contraseña<\\/b>'.","servererror57": "Error técnico. Se le han devuelto todas sus apuestas.","servererror586": "La seguridad mínima de su contraseña es 'Muy fácil': debe contener al menos 8 caracteres.","servererror587": "La seguridad mínima de su contraseña es 'Fácil': debe contener al menos 8 caracteres, e incluir mayúsculas y minúsculas.","servererror588": "La seguridad mínima de su contraseña es 'Mediana': debe contener al menos 8 caracteres; incluir mayúsculas y minúsculas; y, al menos, un número.","servererror589": "La seguridad mínima de su contraseña es 'Difícil': debe contener al menos 8 caracteres; incluir mayúsculas y minúsculas; al menos, un número; y, al menos, un carácter especial.","servererror590": "La seguridad mínima de su contraseña es 'Muy difícil': debe contener al menos 12 caracteres; incluir mayúsculas y minúsculas; al menos, un número; y, al menos, un carácter especial.","servererror6": "Lo sentimos, el servidor de juegos no responde.<br>Escriba a Soporte al Cliente a [supportemail] para obtener ayuda de inmediato.<br>Le pedimos disculpas por las molestias causadas.","servererror610": "Este juego no está disponible en este momento. Intente jugar en otros juegos.","servererror615": "Los juegos progresivos están disponibles solo cuando se juega por Dinero real.","servererror616": "Otro jugador ya tomó este asiento. Elija un asiento diferente.","servererror630": "Debido a problemas técnicos, no podemos completar esta ronda.<br>Se le notificará cuando termine el juego, y se modificará su saldo de acuerdo al resultado.","servererror644": "Lo sentimos, esta función no está disponible por ahora.","servererror647": "Lo sentimos, no se aceptaron sus apuestas. Para obtener más ayuda, escriba a Soporte al Cliente a [supportemail].","servererror650": "Este juego solo permite jugar una sesión a la vez. Cierre su juego activo a fin de unirse a una mesa nueva.","servererror680": "Tiene un juego inconcluso de una sesión de juego previa cuyo modo de juego no es compatible en este momento. Para obtener ayuda de inmediato, escriba a Soporte al Cliente. Le pedimos disculpas por las molestias causadas.","servererror681": "Su nueva contraseña debe ser diferente a su contraseña previa.<br>Ingrese una contraseña diferente y vuelva a intentarlo.","servererror700": "Se ha alcanzado el límite máximo de jugadores internos activos en [casino].","servererror701": "Se ha alcanzado el límite máximo de apuestas para los jugadores internos en [casino].","servererror720": "Este juego solo permite una sesión a la vez.","servererror801": "Usted ya es espectador en esta mesa.","servererror802": "Lo sentimos, se ha alcanzado el límite máximo de espectadores en esta mesa. Se le desconectará de esta mesa.","servererror803": "Esta mesa está llena en este momento. Se le desconectará de esta mesa.","servererror804": "Lo sentimos, esta mesa no está disponible. Elija otra mesa.","servererror805": "Ronda inactiva","servererror806": "Acción inválida","servererror807": "Lo sentimos, no puede unirse a esa mesa porque los límites de apuestas no están disponibles para usted","servererror808": "Duplicar apuesta.","servererror809": "Se ha alcanzado el límite máximo de rondas inactivas. Se le desconectará de esta mesa.","servererror810": "Se ha alcanzado el límite máximo de rondas como espectador. Se le desconectará de esta mesa.","servererror811": "No puede volverse a unir a la misma mesa.","servererror812": "Participa como espectador.","servererror813": "Otro jugador ya tomó este asiento. Elija un asiento diferente.","servererror814": "Las apuestas sin confirmar se eliminarán de la mesa.","servererror815": "Lo sentimos, se cerrará esta mesa. Elija otra mesa.","servererror816": "No hay jugadores en esta mesa. Se cerrará en [1] segundos.","servererror817": "Lo sentimos, esta mesa ya no está abierta. Elija otra mesa.","servererror818": "No se encontró un juego activo.","servererror819": "No cuenta con el permiso necesario para unirse a esta mesa.","servererror820": "Se ha alcanzado el límite de tiempo de la mesa por lo que la mesa ya no está abierta.","servererror821": "Código de invitación inválido. Revise su código de invitación.","servererror822": "El nombre de mesa que introdujo incluye palabras que no están permitidas. Ingrese un nombre de mesa diferente.","servererror823": "El nombre de la mesa debe contener entre 1 y 30 caracteres, y solo puede incluir letras, números y espacios.","servererror824": "No puede crear más mesas debido a que ya creó tres mesas de grupo privadas y actualmente están abiertas.","servererror825": "El nombre de mesa que introdujo no está disponible. Ingrese un nombre de mesa diferente.","servererror826": "Se ha cerrado la plantilla para grupos privados. Elija una plantilla diferente.","servererror827": "La contraseña que introdujo incluye palabras que no están permitidas. Ingrese una contraseña diferente.","servererror828": "El código de invitación debe contener entre 1 y 10 caracteres, y solo puede incluir letras y números.","servererror832": "No puede unirse a una mesa con la misma apuesta total.","servererror9": "Elija un apodo diferente","setSelfExclusionDialog.cancelButton": "Cancelar","setSelfExclusionDialog.header": "Bloqueo automático","setSelfExclusionDialog.okButton": "Aplicar","setSelfExclusionDialog.periodRestrictionLabel": "Activar autobloqueo","sky.error.undefined": "¡Ocurrió un error en el juego! Se le redirigirá al Lobby.","sound.popup.dontShowMeAgain": "No volver a mostrar","sound.popup.text": "¿Quiere jugar con sonido?","timeLossLimit.gambling.closeGame.button": "Salir","timeLossLimit.gambling.ignore.button": "Continuar","timeLossLimit.gambling.warning": "Hasta ahora ha jugado [minutes] minutos desde que inició esta sesión de apuestas en máquinas tragamonedas. Durante este periodo, ha apostado [bets] en total","timeLossLimit.limitReached.loss.error": "Ha alcanzado su límite máximo de pérdida por sesión por lo que el juego se cerrará. Durante esta sesión, ha apostado [bets] en total y ha ganado [wins] en total","timeLossLimit.limitReached.time.error": "Ha alcanzado su límite máximo de tiempo por sesión por lo que el juego se cerrará. Durante esta sesión, ha apostado [bets] en total y ha ganado [wins] en total","timeLossLimit.losslimit.proximity.warning": "Tenga en cuenta que pronto alcanzará el límite de pérdida por sesión","timeLossLimit.sessionsummary": "Su sesión de juego actual terminará ahora. Durante esta sesión, ha apostado [bets] en total y ha ganado [wins] en total","timeLossLimit.timelimit.proximity.warning": "Tenga en cuenta que pronto alcanzará el límite de tiempo por sesión","timeLossLimit.tooHighBet.error": "No es posible aceptar su apuesta porque podría superar su límite de pérdida por sesión. Por favor, haga una apuesta menor.","timeLossLimitDialog.betLimit.label": "Límite de pérdidas","timeLossLimitDialog.betLimit.value.error.bigThanBalance": "Su límite de pérdida es superior a su saldo. Ingrese un monto inferior o realice un depósito.","timeLossLimitDialog.betLimit.value.error.notValid": "Cantidad inválida. Ingrese una cantidad válida.","timeLossLimitDialog.cancelButton.label": "Cancelar","timeLossLimitDialog.gamblingNoticeInterval.label": "Intervalo de avisos sobre apuestas","timeLossLimitDialog.okButton.label": "OK","timeLossLimitDialog.sessionTimer.label": "Temporizador de sesión","timeLossLimitDialog.sessionTimer.placeholder": "Toque para seleccionar","timeLossLimitDialog.timeLimit.value.error.empty": "Valor del temporizador de sesión inválido. Seleccione un periodo de tiempo válido","timeLossLimitDialog.title": "Límites aplicables a las tragaperras","uifeatures.demo.popup": "Probar gratis","uifeatures.real.popup": "Ahora está jugando por Dinero Real.","ukreg.autoplay.jackpotsinglewinlimit.message": "Jg. Aut. detenido: premio mayor ganado. Ha ganado más de [amount].","ukreg.autoplay.jackpotwinlimit.message": "Jg. Aut. detenido: premio mayor ganado","ukreg.autoplay.losslimit.message": "Jg. aut. detenido: límite de pérdida alcanzado","ukreg.autoplay.singlewinlimit.message": "Jug. aut. detenido: Ha ganado más de [amount].","ukreg.cancelButtonText": "Salir","ukreg.confirmButtonText": "Confirmar","ukreg.jackPotLabel": "Detener juego automático al ganar el premio mayor","ukreg.lossLabel": "Detener juego automático al alcanzar pérdidas globales de:","ukreg.lossLimitExceedMessage": "Valor máx. de pérdidas demasiado alto: La cantidad máxima permitida es [amount]","ukreg.lossLimitInvalidMessage": "Cantidad no válida en el campo del límite de pérdidas. Por favor, ingrese una cantidad válida.","ukreg.lossLimitLowMessage": "El límite de pérdidas es demasiado bajo para iniciar el Juego automático. Ingrese una cantidad mayor.","ukreg.singleWinExceedMessage": "Valor máx. de un premio demasiado alto: La cantidad máxima permitida es [amount]","ukreg.singleWinInvalidMessage": "Cantidad no válida en el campo del límite por un solo premio. Por favor, ingrese una cantidad válida","ukreg.singleWinLabel": "Detener al obtener un premio superior a:","ukreg.singleWinLowMessage": "El valor Límite de un premio es demasiado alto: El límite máx. permitido es de [amount]","ukreg.title": "Juego responsable - Juego Automático","unit.time.10minutes": "10 minutos","unit.time.12hours": "12 horas","unit.time.15minutes": "15 minutos","unit.time.1day": "1 día","unit.time.1hour": "1 hora","unit.time.1month": "1 mes","unit.time.1week": "1 semana","unit.time.20minutes": "20 minutos","unit.time.2hours": "2 horas","unit.time.30minutes": "30 minutos","unit.time.40minutes": "40 minutos","unit.time.50minutes": "50 minutos","unit.time.5minutes": "5 minutos","unit.time.60minutes": "60 minutos","unit.time.dimension.day.1": "día","unit.time.dimension.day.few": "días","unit.time.dimension.day.other": "días","unit.time.dimension.hour.1": "hora","unit.time.dimension.hour.few": "horas","unit.time.dimension.hour.other": "horas","unit.time.dimension.minute.1": "minuto","unit.time.dimension.minute.few": "minutos","unit.time.dimension.minute.other": "minutos","unit.time.dimension.month.1": "mes","unit.time.dimension.month.few": "meses","unit.time.dimension.month.other": "meses","unit.time.dimension.second.1": "segundo","unit.time.dimension.second.few": "segundos","unit.time.dimension.second.other": "segundos","unit.time.dimension.week.1": "semana","unit.time.dimension.week.few": "semanas","unit.time.dimension.week.other": "semanas","unsupported.landscape.text": "ESTE JUEGO FUE DISEÑADO PARA JUGARSE EN POSICIÓN VERTICAL.<br/> GIRE SU DISPOSITIVO A LA POSICIÓN VERTICAL PARA JUGAR.","unsupported.landscape.title": "JUGAR EN <br />MODO VERTICAL","unsupported.portrait.text": "EL JUEGO FUE DISEÑADO PARA JUGARSE EN MODO PANORÁMICO.<br />PARA JUGAR, PONGA SU DISPOSITIVO EN POSICIÓN HORIZONTAL.","unsupported.portrait.title": "JUGAR EN <br />MODO PANORÁMICO","update.ie9.browser.checkbox": "No volver a mostrar","update.ie9.browser.message": "El Juego funciona mejor en la versión más reciente de Internet Explorer o Chrome. <br/>Haga clic aquí para actualizar Internet Explorer.","bringMoney.mobilePrimarySpinsCurrency" : "Giros gratis","italyDesktopGameBonusNotification" : "Está jugando con la bonificación del juego. Haga clic en el botón disponible en el panel inferior para empezar a jugar con dinero real.","bringMoney.multiBonusTitle" : "Seleccione la cantidad de giros gratis<br/>y créditos de diversión que quiere usar en el juego.","desktop.label.freeSpins" : "GIROS GRATIS","bringMoney.desktopSpinsCurrency" : "GIROS GRATIS","italyDesktopRealMoneyNotification" : "Está jugando con dinero real. Haga clic en el botón disponible en el panel inferior para empezar a jugar con la bonificación del juego.","multiplayerlobby.avatar": "Avatar","multiplayerlobby.join": "Unirse","multiplayerlobby.join.table": "Unirse a la mesa","multiplayerlobby.limits": "Límites","multiplayerlobby.my.account": "Mi cuenta","multiplayerlobby.nickname": "Apodo","multiplayerlobby.player.profile": "Perfil del jugador","multiplayerlobby.players": "Jugadores","multiplayerlobby.save": "Guardar","multiplayerlobby.status": "Estado","multiplayerlobby.table.name": "Nombre de la mesa","multiplayerlobby.timer": "Reloj","multiplayerlobby.show.country": "Mostrar mi país","message.unexpectedError.501" : "Este juego no está disponible en el modo Por diversión Primero debe iniciar sesión","multiplayerlobby.playerprofile.error.nickname.3" : "El campo Apodo debe tener 20 caracteres como máximo","multiplayerlobby.playerprofile.error.nickname.2" : "El campo Apodo no puede estar vacío","multiplayerlobby.playerprofile.error.nickname.4" : "Ocurrió un error al descargar su apodo","multiplayerlobby.playerprofile.error.avatar.2" : "No se pudo actualizar el avatar","multiplayerlobby.switch.to.another.game" : "¿SEGURO QUE QUIERE CAMBIAR EL JUEGO?","multiplayerlobby.playerprofile.error.avatar.1" : "Ocurrió un error al descargar su avatar","multiplayerlobby.playerprofile.error.status.2" : "El campo Estado debe tener 20 caracteres como máximo","multiplayerlobby.nickname.update.error" : "Para cambiar su apodo, contacte al administrador","multiplayerlobby.playerprofile.error.status.3" : "Ocurrió un error al descargar su estado","multiplayerlobby.playerprofile.error.showcountry.2" : "Ocurrió un error al descargar su indicador de país","multiplayerlobby.playerprofile.error.showcountry.1" : "No se pudo actualizar su indicador de país","multiplayerlobby.playerprofile.error.status.1" : "No se pudo actualizar el estado del jugador","multiplayerlobby.stay" : "Quedarse","multiplayerlobby.change" : "Cambiar","multiplayerlobby.join.error.no.nickname": "No puede unirse al juego sin un apodo.","multiplayerlobby.playerprofile.error.nickname.1" : "Use sólo letras y números","leaderboard.notification.leaderboard.completed": "Tabla de clasificación Completo","leaderboard.notification.leaderboard.finished": "Tabla de clasificación Finalizado","leaderboard.notification.leaderboard.cancelled": "Tabla de clasificación cancelada","leaderboard.notification.leaderboard.started": "Tabla de clasificación iniciada","leaderboard.notification.active": "Activa","leaderboard.notification.starts.in": "INICIA EN"}}