{"texts": {"GAME_CATEGORY_FEATURED": "Obsahuje","GAME_CATEGORY_LIVE": "Naživo","GAME_CATEGORY_NEW": "Nový","GAME_CATEGORY_POKER": "Poker","GAME_CATEGORY_SCRATCH": "Zotrieť","GAME_CATEGORY_SLOTS": "Výherné automaty","GAME_CATEGORY_VIDEO_POKER": "Videopoker","affiliate.button.casino": "Kasíno","affiliate.button.dl": "Stiahnuť","blockScreen.close.split": "Vypnutím funkcie Rozdelené zobrazenie pokračujte v hre","blockScreen.doubleTap": "Dvakrát ťuknite, aby ste hrali v normálnej veľkosti.","blockScreen.singleTap": "Ťuknutím na obrazovku pokračujte v hre.","blockScreen.swipeDown": "↓ Potiahnite prstom nadol ↓","blockScreen.swipeUp": "↑ Potiahnutím prsta hrajte v režime celej obrazovky. ↑","blockScreen.enterFullscreen": "Ťuknutím hrajte na celej obrazovke","bringMoney.aamsCode": "Účastnícky kód:","bringMoney.amountPlaceholder": "Vziať prostriedky k stolu","bringMoney.bring": "Vziať do hry","bringMoney.casinoBalance": "Zostatok v kasíne:","bringMoney.failure.message": "Prenos zlyhal","bringMoney.fsbTitle": "Vyberte počet točení zdarma,<br/>s ktorými chcete hrať","bringMoney.notEnough.message": "Váš zostatok neobsahuje dostatok finančných prostriedkov","bringMoney.participationCode": "Participation code:","bringMoney.realTitle": "Vyberte množstvo peňazí, <br/>s ktorými chcete hrať","bringMoney.ropCode": "Posledný platný účastnícky kód je","bringMoney.ropTimestamp": "Kód sa vytvoril:","bringMoney.sessionLimit.message": "Počas jednej relácie nemôžete vložiť viac ako {0}","bringMoney.success.message": "Transakcia bola úspešná <br/>Váš účastnícky kód pre túto reláciu je:\n{0}","bringMoney.tableBalance": "Herný zostatok:","bringMoney.transactionLimit.message": "Nemôžete vložiť viac ako {0}","brokenGames.unfinishedGames": "V kasíne máte rozohraté hry.","brokenGames.likeToResume": "Chcete pokračovať?","brokenGames.selectGame": "Vyberte hru, aby ste pokračovali.","desktop.caption.audioSettings": "Nastavenia zvuku","desktop.caption.generalSettings": "Všeobecné nastavenia","desktop.fsb.ButtonText": "Kliknite sem","desktop.fsb.notificationText": "Máte k dispozícii točenia zdarma! Ak ich chcete použiť, kliknite sem.","desktop.goldenchip.ButtonText": "Info","desktop.goldenchip.notificationText": "Ťuknutím vyberte zlatý žetón z ponuky zlatých žetónov v spodnej časti stola","desktop.goldenchip.v2.notificationText": "Máte k dispozícii Golden Chips. Golden Chips sú určené len na uskutočnenie stávok a po každom kole stávok sa odpočítajú od výhier.","desktop.label.gameSounds": "Herné zvuky","desktop.label.skipIntro": "Preskočiť úvodné video","desktop.label.splashScreen": "Nezobrazovať úvodnú obrazovku","desktop.label.volume": "Hlasitosť","desktop.loading.gameBy": "VYTVORILA SPOLOČNOSŤ","desktop.loading.loadingGame": "Hra sa načítava...","desktop.loading.proudlyPresents": "PREDSTAVUJE","desktop.promotetoreal.continuePlaying": "Pokračovať v hraní","desktop.promotetoreal.playForReal": "HRAŤ O PENIAZE","desktop.promotetoreal.text": "Zdá sa, že ste na víťaznej vlne. Chcete hrať o peniaze?","desktopGameAdvisor.header": "Potrebujete pomôcť s hľadaním ďalších hier?","desktopGameAdvisor.hideButton": "Túto správu viac nezobrazovať","desktopGameAdvisor.suggestions": "Pozrite si nasledujúce návrhy","download.installFlashPlayer.linkText": "Adobe.com","download.installFlashPlayer.part1": "Na spustenie kasína musíte mať v systéme nainštalovaný prehrávač Adobe Flash Player.","download.installFlashPlayer.part2.1": "Kliknutím sem navštívte","download.installFlashPlayer.part2.2": "teraz.","download.installFlashPlayer.part3": "Po inštalácii prehrávača znova spustite kasíno.","error.id.title": "Nesprávna identifikátor hry","error.item.unavailable": "Ľutujeme, táto položka je momentálne nedostupná. Skúste to znova neskôr.","error.malformed.back.url": "Nesprávny tvar spätnej adresy URL. Nemôžete spustiť hru","gameAdvisor.header": "Herný poradca","gameAdvisor.hideButton": "dočasne skryť","gameAdvisor.mostPopular": "Najpopulárnejšie","gameAdvisor.mostPopular_1": "Výherné automaty","gameAdvisor.mostPopular_2": "Stolové hry","gameAdvisor.mostPopular_3": "Kartové hry","gameAdvisor.mostPopular_4": "Hry videopoker","gameAdvisor.mostPopular_5": "Arkády","gameAdvisor.mostPopular_6": "Progresívne hry","gameAdvisor.mostPopular_7": "Progresívne hry","gameAdvisor.newGames": "Nové hry","gameAdvisor.otherGames": "Ďalšie hry","gameAdvisor.otherPlayers": "Ďalší hráči","gameAdvisor.similarGames": "Podobné hry","gameAdvisor.suggestions": "Pozrite si nasledujúce návrhy","gameConfigurationError1": "Žiaľ, táto hra má problém s konfiguráciou. Budete presmerovaní do haly. <br>Kontaktujte zákaznícku podporu<br> alebo vyskúšajte inú hru.","gameConfigurationError2": "Žiaľ, táto funkcia nie je v tejto hre dostupná kvôli problému s konfiguráciou. <br>Kontaktujte zákaznícku podporu<br> alebo vyskúšajte túto funkciu v inej hre.","goldenChip.notification": "V TEJTO HRE SÚ DOSTUPNÉ ZLATÉ ŽETÓNY {count} S HODNOTOU {amount}","italyBonusRewards": "Herný bonus","italyFunBonusCreditsMessage": "Aký druh kreditov chcete použiť v tejto hre?","italyGameBonus": "Herný bonus","italyGameBonusNotification": "Teraz hráte s herným bonusom. Kliknutím na rýchlu ponuku sa prepnete do hry o peniaze.","italyLowGameBonusBalance": "Úroveň vášho herného bonusu je príliš nízka, aby ste mohli pokračovať v tomto hernom režime. Hra sa prepne do režimu o peniaze.","italyRealMoney": "Peniaze","italyRealMoneyNotification": "Teraz hráte o peniaze. Kliknutím na rýchlu ponuku sa prepnete na herný bonus.","label.concession": "Koncesia","label.extend": "Predĺžiť","label.extend.for": "%time% min.","label.forgot": "Zabudli ste heslo?","label.joinNow": "Pridať sa","label.logIn": "Prihlásiť sa","label.logout": "Odhlásiť sa","label.mode.fun": "HRAŤ PRE ZÁBAVU","label.mode.real": "HRAŤ O PENIAZE","label.notInUse": "Nepouźíva sa","label.practice": "Hrať v tréningovom režime","label.rememberPass": "Zapamätať si heslo","limits.state.title": "LIMITY:","loading.game.title": "Načítavanie<br />","lobbyInGame.categoryName.featured": "Obsahuje","lobbyInGame.categoryName.jackpots": "Jackpoty","lobbyInGame.categoryName.slots": "Výherné automaty","lobbyInGame.categoryName.tableGames": "Stolové hry","lobbyInGame.title": "Hry","mainMenu.account": "Môj účet","mainMenu.bank": "Banka","mainMenu.bonusTerms": "Podmienky bonusu","mainMenu.bringMoney": "Vložiť peniaze","mainMenu.chat": "Konverzácia","mainMenu.compPoints": "Hracie body","mainMenu.deposit": "Vklad","mainMenu.depositLimit": "Limit vkladov","mainMenu.fullScreen": "Celá obrazovka","mainMenu.fundsTransfer": "Prevod finančných prostriedkov","mainMenu.gameVersion": "Verzia hry","mainMenu.help": "Nápoveda","mainMenu.history": "História","mainMenu.inviteFriend": "Pozvať priateľa","mainMenu.licenseeInfo": "Informácie o vlastníkovi licencie","mainMenu.limits": "Tabuľka výplat","mainMenu.lobby": "Domov","mainMenu.multiplayerLobby": "Hala pre viacerých hráčov","mainMenu.logout": "Odhlásiť sa","mainMenu.options": "Možnosti","mainMenu.panic": "Panika","mainMenu.paytable": "Tabuľka výplat","mainMenu.playForReal": "Hrať o peniaze","mainMenu.promotions": "Akcie","mainMenu.quickDeposit": "Rýchly vklad","mainMenu.respGaming": "Zodpovedné hranie","mainMenu.responsibleGamingApproval": "Zodpovedné hranie","mainMenu.responsibleGamingSngc": "Schválené organizáciou SNGC","mainMenu.reverse.withdraw": "Reverzný výber","mainMenu.selfExclusion": "Vlastné odopretie prístupu","mainMenu.settings": "Nastavenia","mainMenu.share": "Zdieľať","mainMenu.shareRefer": "Odporučiť priateľa","mainMenu.sound": "Zvuk","mainMenu.support": "Podpora","mainMenu.timeOut": "Uplynutie času","mainMenu.transactions": "Transakcie","mainMenu.withdraw": "Výber","menu.main.left.right.hand": "Ľavá alebo pravá ruka","message.autoplayFinished": "Automatické hranie sa zastavilo","message.browserMode": "Naozaj sa chcete prepnúť do režimu prehliadača? Je potrebné opätovné načítanie hry a aktuálna hra sa neuloží.","message.button.accept": "Prijať","message.button.cancel": "Zrušiť","message.button.close": "Zatvoriť","message.button.decline": "Odmietnuť","message.button.later": "Neskôr","message.button.no": "Nie","message.button.ok": "OK","message.button.play_fun": "Hrať pre zábavu","message.button.reload": "Načítať znova","message.button.relogin": "Znova","message.button.update": "Aktualizovať","message.button.yes": "Áno","message.button.resume": "Pokračovať","message.connError": "Nepodarilo sa pripojiť ku serveru. Skúste to znova neskôr. Hra sa načíta v režime pre zábavu.","message.connectionLost": "Ľutujeme, ale vyskytol sa problém so sieťou.<br/>Hru skúste načítať znova alebo vyberte inú hru.","message.exit": "Ďakujeme, že hráte v kasíne [casinoname].<br/>Naozaj chcete skončiť?","message.fsbError": "Točenie zdarma momentálne nie je k dispozícii. Skúste to znova neskôr.","message.gameNotLoaded": "Hra sa nenačítava. Skúste to znova alebo vyberte inú hru. Ak problém pretrváva, kontaktujte zákaznícku podporu.","message.incorrectUser": "Zadali ste nesprávne meno používateľa alebo heslo. Skontrolujte svoje údaje o konte a skúste to znova.","message.insufDep": "Nedostatočný zostatok. Chcete uskutočniť vklad?","message.insufReal": "Nedostatočný zostatok. Chcete hrať o skutočné peniaze?","message.insufTable": "Nedostatočný zostatok. Chcete k stolu vziať ďalšie peniaze?","message.loggedOut": "Boli ste odhlásení. Ak sa nemôžete prihlásiť znova, kontaktujte zákaznícku podporu.","message.login.failed": "Prihlasovanie do hry zlyhalo. Budete presmerovaný na hlavnú stránku.","message.login.retry": "Nemožno sa prihlásiť","message.loginError": "Platnosť relácie skončila. Prihláste sa znova.","message.needLogin": "Prihláste sa do haly, aby ste hrali o peniaze.","message.sessionClosed": "Platnosť relácie skončila. Budete presmerovaní do haly.","message.networkError": "Vyskytla sa chyba siete. Hra sa zatvorí.","message.shutdownNotification": "Prebieha údržba systému. Budete odpojení o {timeLeft} min. Ak chcete pokračovať v hre, prihláste sa do kasína znova.","message.panicMessage": "Naozaj si chcete odoprieť prístup na nasledujúcich 12 hodín?","message.reconnect": "Pripojenie sa prerušilo. Prebieha opätovné pripájanie.","message.selectGame": "Vyberte hru na použitie bonusu","message.server.disconnect": "Odpojení zo servera. Hra sa načíta v režime pre zábavu.","message.single.session": "Hra s týmto používateľom bola otvorená na inom zariadení.","message.spinError": "Chyba herného točenia. Skúste to znova.","message.termsAndConditions": "Podmienky a požiadavky","mg.label.balance": "ZOSTATOK","mg.label.demo": "UKÁŽKA","mini.caption.settings": "Nastavenia","mini.label.disableWarnings": "Zakázať upozornenia","mini.label.volume": "HLASITOSŤ","nickname.error": "Vyberte inú prezývku.","nickname.message": "Vitajte! <br> Vyberte si prezývku pre kasíno!","nickname.note": "Poznámka: Ak chcete zmeniť svoju prezývku, kontaktujte zákaznícku podporu.","promotionsTitle": "Akcie","quickMenu.inGameLobby": "","quickMenu.notification.freeSpin": "[count] V TEJTO HRE SÚ DOSTUPNÉ TOČENIA ZDARMA","quickMenu.notification.promoGadget": "DOSTUPNÉ NOVÉ AKCIE","quickMenu.promoGadget": "","realitycheck.message.button.continue": "Pokračovať","realitycheck.message.button.stop": "Zastaviť","servererror10": "Túto prezývku už používa iný hráč.<br>Zadajte inú prezývku a skúste to znova.","servererror1018": "Naraz môžete hrať len v jednej sieti. Pred zmenou siete zatvorte všetky hry a opustite zoznam čakateľov.","servererror104": "Relácia je neplatná","servererror108": "Nedostatočný zostatok pre požadovanú stávku. Uskutočnite nižšiu stávku alebo navštívte <u><a href=\\\"htcmd:switchtogame?code=cashier\\\">Pokladňu</a></u> a uskutočnite vklad.","servererror178": "Prihlasovanie do hry zlyhalo. Dôvodom môže byť otvorenie hry vo viacerých oknách alebo prehliadačoch. Budete presmerovaný na hlavnú stránku.","servererror113": "V dôsledku technických problémov momentálne nemožno dokončiť toto kolo.<br>Neskôr po vyriešení problému môžete hru dokončiť alebo si pozrieť jej výsledok v histórií hier.<br>Ak potrebujete ďalšiu pomoc, kontaktujte zákaznícku podporu na adrese [supportemail].<br>Ospravedlňujeme sa za prípadné problémy.","servererror13": "Ľutujeme, ale server progresívneho jackpotu momentálne neodpovedá.<br>Skúste to znova neskôr.<br>Zatiaľ si skúste zahrať niektoré z našich normálnych hier.","servererror147": "Najprv musíte dokončiť nedokončenú hru, aby ste mohli začať hrať novú hru.","servererror15": "Ľutujeme, ale tím zákazníckej podpory je momentálne nedostupný.<br>Skúste to znova o niekoľko minút.<br>Ospravedlňujeme sa za prípadné problémy.","servererror16": "Bankár momentálne nie je pri stole. Vyskúšajte niektorý z našich ďalších stolov.","servererror17": "Ľutujeme, nie je odozva z herného servera.<br>Ak problém pretrváva, môžete pokračovať v hre len v režime offline.<br>Ak potrebujete okamžitú pomoc, obráťte sa na zákaznícku podporu na adrese [supportemail].<br>Ospravedlňujeme sa za prípadné problémy.","servererror204": "Bankár nie je pri stole.","servererror233": "Vaše stávky v tomto hernom kole neboli potvrdené kvôli problémom s internetovým pripojením. Skúste to znova v nasledujúcom hernom kole. Ak problém pretrváva, požiadajte o pomoc svojho poskytovateľa internetových služieb.","servererror27": "Vyskytla sa interná chyba synchronizácie. Ak potrebujete ďalšiu pomoc, obráťte sa na zákaznícku podporu na adrese [supportemail].<br>Ospravedlňujeme sa za prípadné problémy.","servererror28": "Hra je momentálne zatvorená. Vyskúšajte niektorú z našich ďalších hier.","servererror29": "Ku jednému stolu hry naživo sa nemôžete pripojiť dvakrát.","servererror31": "Kvôli problémom s komunikáciou nebola vaša stávka zaregistrovaná včas. Zatvorte herné okno a hru spustite znova. Ak chcete tomuto problému v budúcnosti zabrániť, potvrďte svoje stávky hneď po začatí herného kola.","servererror33": "Nemáte dostatok skutočných peňazí na umiestnenie tipu.","servererror332": "Snažíte sa zabrať viac miest ako je povolené.","servererror334": "Používanie tohto stola zakazujú talianske predpisy. Vyskúšajte niektorú z našich ďalších hier.","servererror35": "Nemôžete uskutočniť progresívnu vedľajšiu stávku. Ak potrebujete ďalšiu pomoc, obráťte sa na zákaznícku podporu na adrese [supportemail].","servererror4": "Tento herný stôl je momentálne plný.<br>Skúste to znova neskôr alebo vyskúšajte naše ďalšie stoly.","servererror522": "Pole <b>Overiť heslo<\\/b> sa nezhoduje.<br>Znova vyplňte pole <b>Overiť heslo<\\/b>.","servererror57": "Technická chyba. Všetky stávky sa vrátili","servererror586": "Minimálna sila vášho hesla je „Veľmi slabé“. Heslo musí obsahovať minimálne 8 znakov.","servererror587": "Minimálna sila vášho hesla je „Slabé“. Heslo musí obsahovať minimálne 8 znakov a malé a veľké písmená.","servererror588": "Minimálna sila vášho hesla je „Stredné“. Heslo musí obsahovať minimálne 8 znakov, malé a veľké písmená a minimálne jednu číslicu.","servererror589": "Minimálna sila vášho hesla je „Silné“. Heslo musí obsahovať minimálne 8 znakov, malé a veľké písmená, minimálne jednu číslicu a minimálne jeden špeciálny znak.","servererror590": "Minimálna sila vášho hesla je „Najsilnejšie“. Heslo musí obsahovať minimálne 12 znakov, malé a veľké písmená, minimálne jednu číslicu a minimálne jeden špeciálny znak.","servererror6": "Ľutujeme, nie je odozva z herného servera.<br>Ak potrebujete okamžitú pomoc, obráťte sa na zákaznícku podporu na adrese [supportemail].<br>Ospravedlňujeme sa za prípadné problémy.","servererror610": "Hra je momentálne nedostupná. Vyskúšajte niektorú z našich ďalších hier.","servererror615": "Progresívne hry sú dostupné len pri hre o skutočné peniaze.","servererror616": "Toto miesto už obsadil iný hráč. Vyberte si voľné miesto.","servererror630": "V dôsledku technických problémov nebolo možné dokončiť toto kolo.<br>Po vyriešení problému s hrou budete informovaný a váš zostatok sa primerane upraví.","servererror644": "Ľutujeme, ale táto funkcia je momentálne nedostupná.","servererror647": "Ľutujeme, ale vaše stávky neboli prijaté. Ak potrebujete ďalšiu pomoc, kontaktujte zákaznícku podporu na adrese [supportemail].","servererror650": "Túto hru môžete hrať naraz len v jednej relácii. Zatvorte aktívnu hru, aby ste mohli prejsť na nový stôl.","servererror680": "Máte nedokončenú hru z predchádzajúcej hernej relácie v hernom režime, ktorý momentálne nie je podporovaný. Ak potrebujete okamžitú pomoc, kontaktujte zákaznícku podporu. Ospravedlňujeme sa za prípadné problémy.","servererror681": "Vaše nové heslo nesie byť rovnaké ako vaše staré heslo.<br>Zadajte iné heslo a skúste to znova.","servererror700": "Kasíno [casino] dosiahlo maximálny povolený počet interných hráčov.","servererror701": "Prekročil sa maximálny limit stávok pre interných hráčov v kasíne [casino].","servererror720": "Túto hru môžete hrať naraz len v jednej relácii.","servererror801": "Tento stôl už sledujete.","servererror802": "Ľutujeme, ale dosiahol sa maximálny počet pozorovateľov tohto stola. Od tohto stola budete odpojený.","servererror803": "Tento stôl je momentálne plný. Od tohto stola budete odpojený.","servererror804": "Ľutujeme, ale tento stôl nie je k dispozícii. Vyberte iný stôl.","servererror805": "Kolo nie je aktívne","servererror806": "Neplatná akcia","servererror807": "Ľutujeme, ale k tomuto stolu sa nemôžete pripojiť, pretože limity stávok nie sú pre vás dostupné.","servererror808": "Skopírovať stávku.","servererror809": "Dosiahol sa maximálny povolený počet kôl bez činnosti. Od tohto stola budete odpojený.","servererror810": "Dosiahol sa maximálny povolený počet kôl sledovania. Od tohto stola budete odpojený.","servererror811": "K rovnakému stolu sa nemôžete pripojiť dvakrát.","servererror812": "Sledujete","servererror813": "Toto miesto už obsadil iný hráč. Vyberte si voľné miesto.","servererror814": "Nepotvrdené stávky sa odstránia zo stola.","servererror815": "Ľutujeme, tento stôl sa uzavrie. Vyberte iný stôl.","servererror816": "Pri tomto stole nie sú žiadny hráči. Zatvorí sa o [1] s.","servererror817": "Ľutujeme, tento stôl sa uzavrel. Vyberte iný stôl.","servererror818": "Aktívna hra sa nenašla.","servererror819": "Nemáte povolenie na pripojenie sa k tomuto stolu.","servererror820": "Naplnil sa koncový čas stola a stôl sa zatvoril.","servererror821": "Nesprávny kód pozvania. Overte svoj kód pozvania.","servererror822": "Zadaný názov stola obsahuje nepovolené slová. Zadajte iný názov stola.","servererror823": "Názov stola musí obsahovať 1 až 30 znakov a môže obsahovať len písmená, číslice a medzery.","servererror824": "Nemôžete vytvoriť viac stolov, pretože ste už vytvorili tri stoly pre súkromné skupiny so stavom otvorené.","servererror825": "Zadaný názov stola sa už používa. Zadajte iný názov stola.","servererror826": "Šablóna súkromnej skupiny sa zatvorila. Vyberte inú šablónu.","servererror827": "Zadané heslo obsahuje nepovolené slová. Zadajte iné heslo.","servererror828": "Kód pozvania musí obsahovať 1 až 10 znakov a môže obsahovať len písmená a číslice.","servererror832": "Nemôžete sa pripojiť k stolu s rovnakou celkovou stávkou.","servererror9": "Vyberte inú prezývku.","setSelfExclusionDialog.cancelButton": "Zrušiť","setSelfExclusionDialog.header": "Odopretie prístupu","setSelfExclusionDialog.okButton": "Použiť","setSelfExclusionDialog.periodRestrictionLabel": "Povoliť vlastné odopretie prístupu","sky.error.undefined": "Nastala herná chyba! Budete presmerovaní do haly.","sound.popup.dontShowMeAgain": "Nabudúce nezobrazovať","sound.popup.text": "Chcete hrať so zvukom?","timeLossLimit.gambling.closeGame.button": "Opustiť","timeLossLimit.gambling.ignore.button": "Pokračovať","timeLossLimit.gambling.warning": "Od začiatku relácie s výhernými automatmi uplynulo už [minutes] min. Počas tohto obdobia ste celkovo uskutočnili stávky v hodnote [bets]","timeLossLimit.limitReached.loss.error": "Dosiahli ste maximálnu stratu počas hernej relácie a hra sa teraz zatvorí. Počas tejto relácie ste uskutočnili stávky v hodnote [bets] a vyhrali sumu [wins]","timeLossLimit.limitReached.time.error": "Dosiahli ste maximálny čas hernej relácia a hra sa teraz zatvorí. Počas tejto relácie ste uskutočnili stávky v hodnote [bets] a vyhrali sumu [wins]","timeLossLimit.losslimit.proximity.warning": "Poznámka: Blížite sa k limitu straty počas hernej relácie","timeLossLimit.sessionsummary": "Vaša aktuálna herná relácia teraz skončí. Počas tejto relácie ste uskutočnili stávky v hodnote [bets] a vyhrali sumu [wins]","timeLossLimit.timelimit.proximity.warning": "Poznámka: Blížite sa k časovému limitu hernej relácie","timeLossLimit.tooHighBet.error": "Vašu stávku nemožno prijať, pretože potenciálne presahuje váš limit straty počas hernej relácie. Uskutočnite nižšiu stávku.","timeLossLimitDialog.betLimit.label": "Limit straty","timeLossLimitDialog.betLimit.value.error.bigThanBalance": "Váš limit straty je vyšší ako váš zostatok. Zadajte menšiu hodnotu alebo uskutočnite vklad.","timeLossLimitDialog.betLimit.value.error.notValid": "Neplatná suma. Znova zadajte platnú sumu.","timeLossLimitDialog.cancelButton.label": "Zrušiť","timeLossLimitDialog.gamblingNoticeInterval.label": "Interval upozornenia o hazardných hrách","timeLossLimitDialog.okButton.label": "OK","timeLossLimitDialog.sessionTimer.label": "Časovač relácie","timeLossLimitDialog.sessionTimer.placeholder": "Ťuknutím vyberte","timeLossLimitDialog.timeLimit.value.error.empty": "Neplatná hodnota časovača relácie. Vyberte platné časové obdobie","timeLossLimitDialog.title": "Obmedzenia hrania na výherných automatoch","uifeatures.demo.popup": "Vyskúšajte ju teraz bezplatne","uifeatures.real.popup": "Teraz hráte o skutočné peniaze","ukreg.autoplay.jackpotsinglewinlimit.message": "Automatické hranie sa zastavilo: vyhrali ste jackpot. Vyhrali ste viac ako [amount]","ukreg.autoplay.jackpotwinlimit.message": "Automatické hranie sa zastavilo: vyhrali ste jackpot.","ukreg.autoplay.losslimit.message": "Automatické hranie sa zastavilo: dosiahli ste limit straty.","ukreg.autoplay.singlewinlimit.message": "Automatické hranie sa zastavilo: vyhrali ste viac ako [amount].","ukreg.cancelButtonText": "Odísť","ukreg.confirmButtonText": "Potvrdiť","ukreg.jackPotLabel": "Zastaviť automatické hranie pri výhre jackpotu","ukreg.lossLabel": "Zastaviť automatické hranie pri celkovej strate:","ukreg.lossLimitExceedMessage": "Príliš vysoká hodnota limitu straty: Maximálna povolená suma je [amount].","ukreg.lossLimitInvalidMessage": "Neplatná suma v poli limitu straty. Zadajte platnú sumu.","ukreg.lossLimitLowMessage": "Zadaná maximálna strata je príliš nízka na spustenie automatického hrania. Zadajte vyššiu sumu.","ukreg.singleWinExceedMessage": "Príliš vysoká hodnota limitu na jednu výhru: Maximálna povolená suma jeb [amount]","ukreg.singleWinInvalidMessage": "Nevažeći iznos u polju limita pojedinačnog dobitka. Unesite važeći iznos.","ukreg.singleWinLabel": "Zastaviť pri jednej výhre vyššej ako:","ukreg.singleWinLowMessage": "Príliš vysoká hodnota limitu jednej výhry: Maximálna povolená suma je [amount].","ukreg.title": "Zodpovedné hranie – Automatické hranie","unit.time.10minutes": "10 minút","unit.time.12hours": "12 hodín","unit.time.15minutes": "15 minút","unit.time.1day": "1 deň","unit.time.1hour": "1 hodina","unit.time.1month": "1 mesiac","unit.time.1week": "1 týždeň","unit.time.20minutes": "20 minút","unit.time.2hours": "2 hodiny","unit.time.30minutes": "30 minút","unit.time.40minutes": "40 minút","unit.time.50minutes": "50 minút","unit.time.5minutes": "5 minút","unit.time.60minutes": "60 minút","unit.time.dimension.day.1": "deň","unit.time.dimension.day.few": "dni","unit.time.dimension.day.other": "dni","unit.time.dimension.hour.1": "hodina","unit.time.dimension.hour.few": "hodiny","unit.time.dimension.hour.other": "hodín","unit.time.dimension.minute.1": "minúta","unit.time.dimension.minute.few": "minúty","unit.time.dimension.minute.other": "minút","unit.time.dimension.month.1": "mesiac","unit.time.dimension.month.few": "mesiace","unit.time.dimension.month.other": "mesiacov","unit.time.dimension.second.1": "sekunda","unit.time.dimension.second.few": "sekundy","unit.time.dimension.second.other": "sekúnd","unit.time.dimension.week.1": "týždeň","unit.time.dimension.week.few": "týždne","unit.time.dimension.week.other": "týždňov","unsupported.landscape.text": "HRA JE NAVRHNUTÁ NA HRANIE V REŽIME NA VÝŠKU.<br/>AK CHCETE HRAŤ, OTOČTE SVOJE ZARIADENIE VERTIKÁLNE.","unsupported.landscape.title": "HRAŤ<br />NA ŠÍRKU","unsupported.portrait.text": "HRA JE NAVRHNUTÁ NA HRANIE V REŽIME NA ŠÍRKU.<br />AK CHCETE HRAŤ, OTOČTE SVOJE ZARIADENIE HORIZONTÁLNE.","unsupported.portrait.title": "HRAŤ<br />NA ŠÍRKU","update.ie9.browser.checkbox": "Nabudúce nezobrazovať","update.ie9.browser.message": "Hra funguje lepšie v najnovšej verzii prehliadača Internet Explorer alebo Chrome. <br/>Kliknutím sem aktualizujte prehliadač Internet Explorer.","bringMoney.mobilePrimarySpinsCurrency" : "Točenia zdarma","italyDesktopGameBonusNotification" : "Momentálne hráte s herným bonusom. Kliknutím na tlačidlo na spodnom paneli sa prepnite do hry o peniaze.","bringMoney.multiBonusTitle" : "Vyberte počet točení zdarma<br/> a kreditov v hre pre zábavu, s ktorými chcete hrať.","desktop.label.freeSpins" : "TOČENIA ZDARMA","bringMoney.desktopSpinsCurrency" : "TOČENIA ZDARMA","italyDesktopRealMoneyNotification" : "Momentálne hráte o peniaze. Kliknutím na tlačidlo na spodnom paneli sa prepnite do herného bonusu.","multiplayerlobby.avatar": "Avatar","multiplayerlobby.join": "Pridať sa","multiplayerlobby.join.table": "Pripojiť sa k stolu","multiplayerlobby.limits": "Limity","multiplayerlobby.my.account": "Moje konto","multiplayerlobby.nickname": "Prezývka","multiplayerlobby.player.profile": "Profil hráča","multiplayerlobby.players": "Hráči","multiplayerlobby.save": "Chytil","multiplayerlobby.status": "Stav","multiplayerlobby.table.name": "Názov stola","multiplayerlobby.timer": "Časovač","multiplayerlobby.show.country": "Zobraziť moju krajinu","message.unexpectedError.501" : "Žiaľ, táto hra nie je dostupné v režime pre zábavu. Najprv sa prihláste","multiplayerlobby.playerprofile.error.nickname.3" : "Prezývka môže obsahovať maximálne 20 symbolov","multiplayerlobby.playerprofile.error.nickname.2" : "Pole Prezývka musí byť vyplnené","multiplayerlobby.playerprofile.error.nickname.4" : "Počas sťahovania prezývky sa vyskytla chyba","multiplayerlobby.playerprofile.error.avatar.2" : "Nemožno aktualizovať avatar","multiplayerlobby.switch.to.another.game" : "NAOZAJ CHCETE ZMENIŤ HRU?","multiplayerlobby.playerprofile.error.avatar.1" : "Počas sťahovania avataru sa vyskytla chyba","multiplayerlobby.playerprofile.error.status.2" : "Pole Stav môže obsahovať maximálne 20 symbolov","multiplayerlobby.nickname.update.error" : "Ak chcete zmeniť svoju prezývku, obráťte sa na správcu.","multiplayerlobby.playerprofile.error.status.3" : "Počas sťahovania stavu sa vyskytla chyba","multiplayerlobby.playerprofile.error.showcountry.2" : "Počas sťahovania zobrazenia krajiny sa vyskytla chyba","multiplayerlobby.playerprofile.error.showcountry.1" : "Nemožno aktualizovať zobrazenie krajiny","multiplayerlobby.playerprofile.error.status.1" : "Nemožno aktualizovať stav hráča","multiplayerlobby.stay" : "Zostať","multiplayerlobby.change" : "Zmeniť","multiplayerlobby.join.error.no.nickname": "Ľutujeme, ale bez prezývky sa nemôžete zapojiť do hry","multiplayerlobby.playerprofile.error.nickname.1" : "Používajte len písmená a číslice","leaderboard.notification.leaderboard.completed": "Rebríček dokončené","leaderboard.notification.leaderboard.finished": "Rebríček dokončená","leaderboard.notification.leaderboard.cancelled": "Rebríček zrušený","leaderboard.notification.leaderboard.started": "Rebríček aktivovaný","leaderboard.notification.active": "Aktívny","leaderboard.notification.starts.in": "ZAČÍNA O"}
}