{"texts": {"GAME_CATEGORY_FEATURED": "Vorgestellt","GAME_CATEGORY_LIVE": "Live","GAME_CATEGORY_NEW": "Neu","GAME_CATEGORY_POKER": "Poker","GAME_CATEGORY_SCRATCH": "Rubbellos","GAME_CATEGORY_SLOTS": "Slots","GAME_CATEGORY_TABLE_GAMES": "Tischspiele","GAME_CATEGORY_VIDEO_POKER": "Video poker","affiliate.button.casino": "Casino","affiliate.button.dl": "Download","blockScreen.close.split": "Bitte schalten Sie die Teilen-Ansicht aus, um das Spiel fortzusetzen","blockScreen.doubleTap": "Doppeltippen, um in normaler Größe zu spielen.","blockScreen.singleTap": "Tippen Sie auf den Bildschirm, um das Spiel fortzusetzen","blockScreen.swipeDown": "↓ Bitte wischen Sie nach unten ↓","blockScreen.swipeUp": "↑ Wischen Sie nach oben, um im Vollbild-Modus zu spielen. ↑","blockScreen.enterFullscreen": "Berühren, um auf dem Vollbildschirm zu spielen","bringMoney.aamsCode": "AAMS-Sitzungscode:","bringMoney.amountPlaceholder": "Geld an den Tisch bringen","bringMoney.bring": "Ins Spiel mitnehmen","bringMoney.casinoBalance": "Casinoguthaben:","bringMoney.failure.message": "Übertragung fehlgeschlagen","bringMoney.fsbTitle": "Wählen Sie die Menge der Freispiele aus, <br/>die Sie ins Spiel mitnehmen","bringMoney.notEnough.message": "Sie haben nicht genügend Guthaben.","bringMoney.participationCode": "Teilnahme-Code:","bringMoney.realTitle": "Wählen Sie den Betrag des Echtgelds aus,<br/>das Sie ins Spiel mitnehmen","bringMoney.ropCode": "Der letzte gültige Teilnahmecode lautet:","bringMoney.ropTimestamp": "Code erstellt:","bringMoney.sessionLimit.message": "Sie können nicht mehr als {0} in einer Sitzung mitbringen","bringMoney.success.message": "Übermittlung erfolgreich <br/>Ihr Teilnahmecode für diese Sitzung lautet: {0}","bringMoney.tableBalance": "Spielguthaben:","bringMoney.transactionLimit.message": "Sie können nicht mehr als {0} mitbringen","brokenGames.unfinishedGames": "Sie haben offene Spiele im Casino.","brokenGames.likeToResume": "Möchten Sie gerne fortfahren?","brokenGames.selectGame": "Bitte wählen Sie ein Spiel aus, um fortzufahren.","desktop.caption.audioSettings": "Audioeinstellungen","desktop.caption.generalSettings": "Allgemeine Einstellungen","desktop.fsb.ButtonText": "Hier klicken","desktop.fsb.notificationText": "Sie haben Freispiele! Hier klicken, um sie jetzt zu sehen!","desktop.goldenchip.ButtonText": "Info","desktop.goldenchip.notificationText": "Tippen Sie, um vom Fach mit den goldenen Chips unten auf dem Tisch einen goldenen Chip auszuwählen.","desktop.goldenchip.v2.notificationText": "Sie haben Golden Chips zur Verfügung. Golden Chips werden nur als Wetteinsätze eingesetzt und nach jeder Wettrunde von Ihren Gewinnen abgezogen.","desktop.label.gameSounds": "Spielgeräusche","desktop.label.skipIntro": "Intro-Video überspringen","desktop.label.splashScreen": "Begrüßungsbildschirm nicht zeigen","desktop.label.volume": "Lautstärke","desktop.loading.gameBy": "SPIEL VON","desktop.loading.loadingGame": "Lädt Spiel ...","desktop.loading.proudlyPresents": "PRÄSENTIERT VOLLER STOLZ","desktop.promotetoreal.continuePlaying": "Spiel fortsetzen","desktop.promotetoreal.playForReal": "UM ECHTGELD SPIELEN","desktop.promotetoreal.text": "Sie haben wohl eine Gewinnsträhne. Möchten Sie um Echtgeld spielen?","desktopGameAdvisor.header": "Suchen sie nach weiteren spielen?","desktopGameAdvisor.hideButton": "Diese Nachricht nicht mehr anzeigen.","desktopGameAdvisor.suggestions": "Sehen sie sich die folgenden empfehlungen an","download.installFlashPlayer.linkText": "Adobe.com","download.installFlashPlayer.part1": "Um das Casino starten zu können, benötigen Sie Adobe Flash Player in Ihrem System.","download.installFlashPlayer.part2.1": "Hier klicken und","download.installFlashPlayer.part2.2": "jetzt besuchen.","download.installFlashPlayer.part3": "Laden Sie nach Installieren des Players bitte das Casino.","error.id.title": "Falsche Spiel-ID","error.item.unavailable": "Leider ist dieses Element derzeit nicht verfügbar. Bitte versuchen Sie es später erneut.","error.malformed.back.url": "Fehlerhafte URL. Das Spiel kann nicht gestartet werden","gameAdvisor.header": "Spielberater","gameAdvisor.hideButton": "Vorübergehend verbergen","gameAdvisor.mostPopular": "Am beliebtesten","gameAdvisor.mostPopular_1": "Spielautomaten","gameAdvisor.mostPopular_2": "Tischspiele","gameAdvisor.mostPopular_3": "Kartenspiele","gameAdvisor.mostPopular_4": "Videopoker","gameAdvisor.mostPopular_5": "Arcade-Spiele","gameAdvisor.mostPopular_6": "Progressive Spiele","gameAdvisor.mostPopular_7": "Progressive Spiele","gameAdvisor.newGames": "Neue Spiele","gameAdvisor.otherGames": "Sonstige Spiele","gameAdvisor.otherPlayers": "Sonstige Spieler","gameAdvisor.similarGames": "Ähnliche Spiele","gameAdvisor.suggestions": "Sehen Sie sich die folgenden Vorschläge an","goldenChip.notification": "{count} GOLDENE CHIPS IM WERT VON {amount} NI DIESEM SPIEL VERFÜGBAR","italyBonusRewards": "Spielgeld","italyFunBonusCreditsMessage": "Welche Art von Guthaben möchten Sie für dieses Spiel verwenden?","italyGameBonus": "Spielgeld","italyGameBonusNotification": "Sie spielen jetzt mit Spielgeld, klicken Sie auf das Schnellmenü, um in den Echtgeldmodus zu wechseln","italyLowGameBonusBalance": "Ihr Spielgeldguthaben ist zu niedrig, um in diesem Spielmodus weiterzuspielen. Das Spiel wechselt jetzt in den Echtgeldmodus","italyRealMoney": "Echtgeld","italyRealMoneyNotification": "Sie spielen jetzt mit Echtgeld, klicken Sie auf das Schnellmenü, um in den Spielgeldmodus zu wechseln","label.concession": "Konzession","label.extend": "Erweitern","label.extend.for": "%time% Minuten","label.forgot": "Kennwort vergessen?","label.joinNow": "Jetzt beitreten","label.logIn": "Anmelden","label.logout": "Abmelden","label.mode.fun": "ZUM SPASS SPIELEN","label.mode.real": "UM ECHTGELD SPIELEN","label.notInUse": "Nicht in verwendung","label.practice": "Im Übungsmodus spielen","label.rememberPass": "Kennwort merken","limits.state.title": "LIMITS:","loading.game.title": "Wird geladen<br />","lobbyInGame.categoryName.featured": "Vorgestellt","lobbyInGame.categoryName.jackpots": "Jackpots","lobbyInGame.categoryName.slots": "Slots","lobbyInGame.categoryName.tableGames": "Tischspiele","lobbyInGame.title": "Spiele","mainMenu.account": "Mein Konto","mainMenu.bank": "Bank","mainMenu.bonusTerms": "Bonusbestimmungen","mainMenu.bringMoney": "Geld mitbringen","mainMenu.chat": "Chat","mainMenu.compPoints": "Comp-Punkte","mainMenu.deposit": "Einzahlen","mainMenu.depositLimit": "Einzahlungslimit","mainMenu.fullScreen": "Vollbild","mainMenu.fundsTransfer": "Geld überweisen","mainMenu.gameVersion": "Spielversion","mainMenu.help": "Hilfe","mainMenu.history": "Verlauf","mainMenu.inviteFriend": "Freund einladen","mainMenu.leftRightHand": "Links-/Rechtshänder","mainMenu.licenseeInfo": "Lizenzinfo","mainMenu.limits": "Limits","mainMenu.lobby": "Lobby","mainMenu.multiplayerLobby": "Mehrspieler-Lobby","mainMenu.logout": "Abmelden","mainMenu.options": "Optionen","mainMenu.panic": "Panik","mainMenu.paytable": "Auszahlungstabelle","mainMenu.playForReal": "Um echtes Geld spielen","mainMenu.promotions": "Promotionen","mainMenu.quickDeposit": "Schnelle Einzahlung","mainMenu.respGaming": "Verantwortungsbewusstes Spielen","mainMenu.responsibleGamingApproval": "Verantwortungsbewusstes Spielen","mainMenu.responsibleGamingSngc": "Von SNGC anerkannt","mainMenu.reverse.withdraw": "Rückzug zurücknehmen","mainMenu.selfExclusion": "Selbstausschluss","mainMenu.settings": "Einstellungen","mainMenu.share": "Teilen","mainMenu.shareRefer": "Freunde Einladen","mainMenu.sound": "Ton","mainMenu.support": "Support","mainMenu.timeOut": "Auszeit","mainMenu.transactions": "Transaktionen","mainMenu.withdraw": "Abheben","menu.main.left.right.hand": "Links-/Rechtshänder","message.autoplayFinished": "Autospiel gestoppt","message.browserMode": "Möchten Sie wirklich in den Browser-Modus wechseln? Das Spiel muss dann neu geladen werden und der aktuelle Spielstand wird nicht gespeichert","message.button.accept": "Annehmen","message.button.cancel": "Abbrechen","message.button.close": "Schließen","message.button.decline": "Ablehnen","message.button.later": "Später","message.button.no": "Nein","message.button.ok": "OK","message.button.play_fun": "Zum Spaß spielen","message.button.reload": "Neu laden","message.button.relogin": "Erneut versuchen","message.button.update": "Aktualisieren","message.button.yes": "Ja","message.button.resume": "Fortfahren","message.connError": "Verbindung zum Server konnte nicht hergestellt werden. Bitte versuchen Sie es später erneut. Das Spiel wird im Spaß-Modus geladen.","message.connectionLost": "Leider gab es ein Problem mit der Netzwerkverbindung.<br/>Bitte versuchen Sie das Spiel erneut zu laden oder wählen Sie ein anderes.","message.exit": "Danke für Ihr Spiel im [casinoname] Casino!<br/>Möchten Sie das Spiel tatsächlich beenden?","message.gameNotLoaded": "Das Spiel wird nicht geladen. Bitte versuchen Sie es erneut oder wählen Sie ein anderes Spiel. Sollte das Problem weiterhin bestehen, kontaktieren Sie bitte unseren Kundendienst.","message.inGameLobby.games": "Spiele","message.incorrectUser": "Falscher Benutzername oder falsches Passwort. Bitte verifizieren Sie Ihre Kontodaten und versuchen Sie es erneut.","message.insufDep": "Unzureichendes Guthaben. Möchten Sie eine Einzahlung vornehmen?","message.insufReal": "Unzureichendes Guthaben. Möchten Sie um Echtgeld spielen?","message.insufTable": "Unzureichendes Guthaben. Möchten Sie zusätzliches Geld an den Tisch bringen?","message.loggedOut": "Sie wurden abgemeldet. Sollten Sie sich nicht erneut anmelden können, kontaktieren Sie bitte unseren Kundendienst.","message.login.failed": "Anmeldung fehlgeschlagen. Wir leiten Sie zur Lobby weiter.","message.login.retry": "Anmeldung fehlgeschlagen","message.loginError": "Sitzung abgelaufen, bitte melden Sie sich erneut an.","message.needLogin": "Bitte melden Sie sich in der Lobby an, um für Echtgeld zu spielen.","message.sessionClosed": "Sitzung abgelaufen: Sie werden zur Lobby umgeleitet.","message.networkError": "Ein Netzwerkfehler ist aufgetreten. Das Spiel wird geschlossen.","message.shutdownNotification": "Das System wird gewartet. Ihre Verbindung wird in {timeLeft} Minuten unterbrochen. Setzen Sie Ihr Spiel fort, indem Sie sich erneut beim Casino anmelden.","message.panicMessage": "Möchten Sie tatsächlich für die nächsten 12 Stunden einen Selbstausschluss?","message.promoGadget.promotions": "Aktionen","message.reconnect": "Verbindung getrennt. Wiederherstellung...","message.selectGame": "Wählen Sie ein Spiel, um den Bonus zu verwenden","message.server.disconnect": "Verbindung mit dem Server getrennt. Das Spiel wird im Spaß-Modus geladen.","message.single.session": "Dieser Benutzer hat bereits ein Spiel auf einem anderen Gerät geöffnet","message.spinError": "Fehler beim Drehen. Bitte versuchen Sie es erneut.","message.termsAndConditions": "Teilnahmebedingungen lesen.","mg.label.balance": "GUTHABEN","mg.label.demo": "DEMO","mini.caption.settings": "Einstellungen","mini.label.disableWarnings": "Warnungen deaktivieren","mini.label.volume": "LAUTSTÄRKE","nickname.error": "Bitte wählen Sie einen anderen Spitznamen.","nickname.message": "Willkommen! <br> Wählen Sie Ihren Spitznamen für das Casino!","nickname.note": "Hinweis: Kontaktieren Sie den Kundendienst, um Ihren Spitznamen zu ändern.","quickMenu.inGameLobby": "","quickMenu.notification.freeSpin": "[count] FREESPINS FÜR DIESES SPIEL VERFÜGBAR","quickMenu.notification.promoGadget": "NEUE AKTIONEN VERFÜGBAR","quickMenu.promoGadget": "","realitycheck.message.button.continue": "Fortfahren","realitycheck.message.button.stop": "Stopp","servererror10": "Dieser Spitzname wird aktuell von einem anderen Spieler verwendet.<br>Geben Sie einen anderen Spitznamen ein und versuchen Sie es erneut.","servererror1018": "Sie können nur in einem Netzwerk zugleich spielen. Bitte schließen Sie alle Spiele und verlassen Sie Wartelisten, bevor Sie das Netzwerk wechseln.","servererror104": "Ihre Sitzung ist ungültig","servererror108": "Unzureichendes Guthaben für die angeforderte Wette. Bitte geben Sie eine niedrigere Wette ab oder besuchen Sie die <u><a href=\"htcmd:switchtogame?code=cashier\">Kasse</a></u>, um eine Einzahlung vorzunehmen.","servererror178": "Anmeldung fehlgeschlagen. Wir leiten Sie zur Lobby weiter.","servererror113": "Aufgrund eines technischen Problems können wir diese Runde aktuell nicht abschließen.<br>Sie können das Spiel zu einem späteren Zeitpunkt abschließen oder sich das Resultat in der Spielchronik ansehen, wenn das Problem behoben wurde.<br>Bitte kontaktieren Sie für weitere Hilfestellung den Kundendienst unter [supportemail].<br>Wir entschuldigen uns für die entstandenen Unannehmlichkeiten.","servererror13": "Leider antwortet der Progressive Jackpot-Server aktuell nicht.<br>Bitte versuchen Sie es später erneut.<br>Probieren Sie in der Zwischenzeit einige unserer regulären Spiele.","servererror147": "Sie müssen Ihr unvollständiges Spiel vervollständigen, bevor Sie ein neues spielen","servererror15": "Leider steht das Kundendienstteam aktuell nicht zur Verfügung.<br>Bitte versuchen Sie es in einigen Minuten erneut.<br>Wir entschuldigen uns für die entstandenen Unannehmlichkeiten.","servererror16": "Der Dealer ist aktuell nicht am Tisch. Bitte probieren Sie einige unserer anderen Tische.","servererror17": "Leider gibt es keine Antwort vom Gaming-Server.<br>Sollte das Problem fortbestehen, können Sie im Offline-Modus weiterspielen.<br>Bitte kontaktieren Sie den Kundendienst unter [supportemail] für sofortige Hilfe.<br>Wir entschuldigen uns für entstandene Unannehmlichkeiten.","servererror204": "Der Dealer ist nicht am Tisch.","servererror233": "Ihre Einsätze wurden für diese Spielrunde, auf Grund von Schwierigkeiten mit Ihrer Internetverbindung, nicht bestätigt. Bitte versuchen Sie es in der nächsten Spielrunde. Falls das Problem weiterhin besteht, müssen Sie eventuell Ihren Internetbetreiber für weitere Unterstützung kontaktieren.","servererror27": "Ein interner Synchronisationsfehler ist aufgetreten. Bitte kontaktieren Sie für weitere Hilfestellung den Kundendienst unter [supportemail].<br>Wir entschuldigen uns für die entstandenen Unannehmlichkeiten.","servererror28": "Dieses Spiel ist aktuell geschlossen. Bitte probieren Sie einige unserer anderen Spiele aus.","servererror29": "Sie können de mgleichen Livespiel-Tisch nicht zwei Mal beitreten.","servererror31": "Aufgrund eines Kommunikationsfehlers wurde Ihre Wette nicht rechtzeitig registriert. Bitte schließen Sie das Spielfenster und versuchen Sie es erneut. Um dieses Problem in Zukunft zu verhindern, bestätigen Sie Ihre Wetten bitte so früh wie möglich nach Beginn der Spielrunde.","servererror33": "Sie haben nicht ausreichend Echtgeldguthaben, um das Trinkgeld zu geben.","servererror332": "Sie versuchen mehr Plätze als erlaubt zu besetzen.","servererror334": "Dieser Tisch ist nach italienischen Vorschriften verboten. Bitte probieren Sie einige unserer anderen Spiele aus.","servererror35": "Die progressive Nebenwette konnte nicht abgegeben werden. Kontaktieren Sie für weitere Hilfestellung bitte den Kundendienst unter [supportemail].","servererror4": "Der Spieltisch ist aktuell voll.<br>Bitte versuchen Sie es später erneut, oder sehen Sie sich unsere anderen Tische an.","servererror522": "Das Feld '<b>Kennwort verifizieren</b>' stimmt nicht überein.<br>Bitte geben Sie das Feld '<b>Kennwort verifizieren</b>' erneut ein.","servererror57": "Technischer Fehler. Alle Ihre Wetten wurden zurückgegeben","servererror586": "Die Minimalstärke Ihres Passworts ist 'Sehr Schwach': Es muss zumindest 8 Zeichen lang sein.","servererror587": "Die Minimalstärke Ihres Passworts ist 'Schwach': Es muss zumindest 8 Zeichen lang sein und Klein- sowie Großbuchstaben enthalten.","servererror588": "Die Minimalstärke Ihres Passworts ist 'Mittel': Es muss zumindest 8 Zeichen lang sein, Klein- und Großbuchstaben sowie wenigstens eine Nummer enthalten.","servererror589": "Die Minimalstärke Ihres Passworts ist 'Stark: Es muss zumindest 8 Zeichen lang sein, Klein- und Großbuchstaben, wenigstens eine Nummer und zumindest ein Sonderzeichen enthalten.","servererror590": "Die Minimalstärke Ihres Passworts ist 'Stärkste: Es muss zumindest 12 Zeichen lang sein, Klein- sowie Großbuchstaben, wenigstens eine Nummer und zumindest ein Sonderzeichen enthalte..","servererror6": "Leider wurde keine Antwort vom Gaming-Server erhalten.<br>Bitte kontaktieren Sie den Kundendienst unter [supportemail] für sofortige Hilfe.<br>Wir entschuldigen uns für die Unannehmlichkeiten.","servererror610": "Dieses Spiel ist aktuell nicht verfügbar. Bitte probieren Sie einige unserer anderen Spiele aus.","servererror615": "Progressivspiele sind nur verfügbar, wenn Sie um Echtgeld spielen.","servererror616": "Dieser Sitz wird bereits von einem anderen Spieler genutzt. Bitte wählen Sie einen leeren Sitz.","servererror630": "Aufgrund technischer Probleme konnten wir diese Runde nicht abschließen.<br>Sie werden benachrichtigt, sobald das Spiel abgeschlossen und Ihr Guthaben entsprechend aktualisiert wurde.","servererror644": "Leider ist dieses Feature aktuell nicht verfügbar.","servererror647": "Es tut und Leid, Ihre Einsätze wurden nicht akzeptiert. Bitte kontaktieren Sie für weitere Hilfestellung den Kundendienst unter [supportemail].","servererror650": "Mit diesem Spiel kann man jeweils nur eine Sitzung spielen. Bitte schließen Sie Ihr aktives Spiel, um einen neuen Tisch zu betreten.","servererror680": "Sie haben ein unvollständiges Spiel einer vorherigen Spielsitzung, in einem Spielmodus, der zurzeit nicht unterstützt wird. Bitte kontaktieren Sie den Kundenservice, für umgehende Unterstützung. Wir entschuldigen uns für die Unannehmlichkeiten.","servererror681": "Ihr neues Kennwort muss sich von Ihrem alten Kennwort unterscheiden.<br>Geben Sie ein anderes Kennwort ein und versuchen Sie es erneut.","servererror700": "[casino] hat die maximale Anzahl gleichzeitiger interner Spieler erreicht.","servererror701": "Das maximale Wettlimit für interne Spieler in [casino] wurde überschritten.","servererror720": "Mit diesem Spiel kann man jeweils nur eine Sitzung spielen.","servererror801": "Sie beobachten diesen Tisch bereits.","servererror802": "Entschuldigen Sie, die Maximalanzahl der Beobachter wurde für diesen Tisch erreicht. Sie werden nun von diesem Tisch getrennt.","servererror803": "Dieser Tisch ist voll. Sie werden nun von diesem Tisch getrennt.","servererror804": "Entschuldigung, dieser Tisch ist nicht verfügbar. Bitte wählen Sie einen anderen Tisch.","servererror805": "Runde ist nicht aktiv.","servererror806": "Ungültige Aktion.","servererror807": "Entschuldigung, Sie können diesen Tisch nicht betreten, die Einsatzlimits sind nicht für Sie verfügbar.","servererror808": "Doppelter Einsatz.","servererror809": "Die Maximalanzahl erlaubter Leerlaufrunden wurde erreicht. Sie werden nun von diesem Tisch getrennt.","servererror810": "Die Maximalanzahl erlaubter Betrachtungsrunden wurde erreicht. Ihre Verbindung zum Tisch wird jetzt getrennt.","servererror811": "Sie können dem gleichen Tisch nicht zwei Mal beitreten.","servererror812": "Sie betrachten.","servererror813": "Dieser Sitz wird bereits von einem anderen Spieler genutzt. Bitte wählen Sie einen leeren Sitz.","servererror814": "Unbestätigte Einsätze werden vom Tisch entfernt.","servererror815": "Entschuldigung, dieser Tisch wird geschlossen. Bitte wählen Sie einen anderen Tisch.","servererror816": "Es gibt keine Spieler an diesem Tisch. Er wird in [1] Sekunden geschlossen.","servererror817": "Entschuldigung, dieser Tisch wurde geschlossen. Bitte wählen Sie einen anderen Tisch.","servererror818": "Aktives Spiel nicht gefunden.","servererror819": "Sie haben keine Befugnis, um diesem Tisch beizutreten.","servererror820": "Die Endzeit dieses Tisches wurde erreicht und der Tisch wurde geschlossen.","servererror821": "Fehlerhafter Einladungscode. Bitte verifizieren Sie Ihren Einladungscode.","servererror822": "Der eingegebene Tischname beinhaltet unerlaubte Wörter. Geben Sie einen anderen Tischnamen ein.","servererror823": "Tischname muss zwischen 1 bis 30 Zeichen lang sein und darf nur Buchstaben, Nummer und Leerzeichen beinhalten.","servererror824": "Sie können keine weiteren Tische erstellen, Sie haben bereits drei private Gruppentische erstellt, die zurzeit offen sind.","servererror825": "Der eingegebene Tischname wird bereits verwendet. Geben Sie einen anderen Tischnamen ein.","servererror826": "Die private Gruppenvorlage wurde geschlossen. Bitte wählen Sie eine andere Vorlage.","servererror827": "Das eingegebene Passwort beinhaltet unerlaubte Wörter. Bitte geben Sie ein anderes Passwort ein.","servererror828": "Einladungscode muss zwischen 1 bis 10 Zeichen lang sein und darf nur Buchstaben und Nummer enthalten.","servererror832": "Sie können keinem Tisch, mit dem gleichen Gesamteinsatz, beitreten.","servererror9": "Bitte wählen Sie einen anderen Benutzernamen","setSelfExclusionDialog.cancelButton": "Abbrechen","setSelfExclusionDialog.header": "Selbstausschluss","setSelfExclusionDialog.okButton": "Ok","setSelfExclusionDialog.periodRestrictionLabel": "Spieldauerbegrenzung","sky.error.undefined": "Ein Spielfehler ist aufgetreten! Sie werden zur Lobby umgeleitet.","sound.popup.dontShowMeAgain": "Nicht mehr anzeigen","sound.popup.text": "Möchten Sie mit Ton spielen?","timeLossLimit.gambling.closeGame.button": "Verlustlimit","timeLossLimit.gambling.ignore.button": "Weiter","timeLossLimit.gambling.warning": "Ihre Spielsitzung am Spielautomaten dauert inzwischen [minutes] Minuten. In diesem Zeitraum haben Sie insgesamt [bets] gewettet","timeLossLimit.limitReached.loss.error": "Sie haben Ihr maximales Verlustlimit pro Sitzung erreicht und das Spiel wird jetzt beendet. In dieser Sitzung haben Sie insgesamt [bets] gewettet und insgesamt [wins] gewonnen","timeLossLimit.limitReached.time.error": "Sie haben Ihr maximales Zeitlimit pro Sitzung erreicht und das Spiel wird jetzt beendet. In dieser Sitzung haben Sie insgesamt [bets] gewettet und insgesamt [wins] gewonnen","timeLossLimit.losslimit.proximity.warning": "Beachten Sie bitte, dass Sie Ihr Verlustlimit pro Sitzung bald erreicht ist","timeLossLimit.sessionsummary": "Ihre aktuelle Spielsitzung wird jetzt beendet. In dieser Sitzung haben Sie insgesamt [bets] gewettet und insgesamt [wins] gewonnen","timeLossLimit.timelimit.proximity.warning": "Beachten Sie bitte, dass Ihr Zeitlimit pro Sitzung bald erreicht ist","timeLossLimit.tooHighBet.error": "Ihre Wette kann nicht angenommen werden, da sie möglicherweise Ihr Sitzungsverlustlimit überschreiten würde. Bitte geben Sie eine niedrigere Wette ab","timeLossLimitDialog.betLimit.label": "Einsatzlimit","timeLossLimitDialog.betLimit.value.error.bigThanBalance": "Ihr Verlustlimit ist höher als Ihr Guthaben. Bitte geben Sie einen geringeren Betrag ein oder machen Sie eine Einzahlung.","timeLossLimitDialog.betLimit.value.error.notValid": "Ungültiger Betrag. Bitte geben Sie einen gültigen Betrag ein.","timeLossLimitDialog.cancelButton.label": "Abbrechen","timeLossLimitDialog.gamblingNoticeInterval.label": "Glücksspiel-Mitteilungsintervall","timeLossLimitDialog.okButton.label": "Ok","timeLossLimitDialog.sessionTimer.label": "Sitzungstimer","timeLossLimitDialog.sessionTimer.placeholder": "Zum Wählen tippen","timeLossLimitDialog.timeLimit.value.error.empty": "Ungültiger Wert für Sitzungs-Timer. Wählen Sie bitte eine gültige Zeitspanne","timeLossLimitDialog.title": "Limits des Spielautomatenspiels","uifeatures.demo.popup": "Jetzt kostenlos testen","uifeatures.real.popup": "Sie spielen jetzt für Echtgeld","ukreg.autoplay.jackpotsinglewinlimit.message": "Autospiel gestoppt: Jackpot gewonnen. Mehr als [amount] gewonnen.","ukreg.autoplay.jackpotwinlimit.message": "Autospiel gestoppt: Jackpot gewonnen.","ukreg.autoplay.losslimit.message": "Autospiel gestoppt: Verlustlimit erreicht.","ukreg.autoplay.singlewinlimit.message": "Autospiel gestoppt: mehr als [amount] gewonnen.","ukreg.cancelButtonText": "Ausgang","ukreg.confirmButtonText": "Bestätigen","ukreg.jackPotLabel": "Autom. spiel bei jackpot-gewinn stoppen","ukreg.lossLabel": "Autom. spiel stoppen bei gesamtverlust von:","ukreg.lossLimitExceedMessage": "Zu hoher Wert für Verlustlimit: Der maximal zulässige Betrag ist [amount]","ukreg.lossLimitInvalidMessage": "Ungültiger Betrag im Feld \"Verlustlimit\". Geben Sie bitte einen gültigen Betrag ein.","ukreg.lossLimitLowMessage": "Das eingegebene Verlustlimit ist zu niedrig, um das Autoplay zu starten. Geben Sie bitte einen höheren Betrag ein.","ukreg.singleWinExceedMessage": "Zu hoher Wert für Einzelgewinn: Der maximal zulässige Betrag ist [amount]","ukreg.singleWinInvalidMessage": "Ungültiger Betrag im Feld \"Einzelgewinn\". Geben Sie bitte einen gültigen Betrag ein.","ukreg.singleWinLabel": "Stoppen bei einem einzelgewinn von mehr als:","ukreg.singleWinLowMessage": "Zu hoher Wert für Einzelgewinn: Der maximal zulässige Betrag ist [amount]","ukreg.title": "Verantwortungsbewusstes spielen - autoplay","unit.time.10minutes": "10 Minuten","unit.time.12hours": "12 Stunden","unit.time.15minutes": "15 Minuten","unit.time.1day": "1 Tag","unit.time.1hour": "1 Stunde","unit.time.1month": "1 Monat","unit.time.1week": "1 Woche","unit.time.20minutes": "20 Minuten","unit.time.2hours": "2 Stunden","unit.time.30minutes": "30 Minuten","unit.time.40minutes": "40 Minuten","unit.time.50minutes": "50 Minuten","unit.time.5minutes": "5 Minuten","unit.time.60minutes": "60 Minuten","unit.time.dimension.day.1": "Tag","unit.time.dimension.day.few": "Tage","unit.time.dimension.day.other": "Tage","unit.time.dimension.hour.1": "Stunde","unit.time.dimension.hour.few": "Stunden","unit.time.dimension.hour.other": "Stunden","unit.time.dimension.minute.1": "Minute","unit.time.dimension.minute.few": "Minuten","unit.time.dimension.minute.other": "Minuten","unit.time.dimension.month.1": "Monat","unit.time.dimension.month.few": "Monate","unit.time.dimension.month.other": "Monate","unit.time.dimension.second.1": "Sekunde","unit.time.dimension.second.few": "Sekunden","unit.time.dimension.second.other": "Sekunden","unit.time.dimension.week.1": "Woche","unit.time.dimension.week.few": "Wochen","unit.time.dimension.week.other": "Wochen","unsupported.landscape.text": "DAS SPIEL IST AUF DEN PORTRÄTMODUS AUSGELEGT.<br />RICHTEN SIE IHR GERÄT VERTIKAL AUS, UM ZU SPIELEN.","unsupported.landscape.title": "IM<br />PORTRÄTMODUS SPIELEN","unsupported.portrait.text": "DIESES SPIEL IST AUF DEN LANDSCHAFTSMODUS AUSGELEGT.<br />RICHTEN SIE IHR GERÄT HORIZONTAL AUS, UM ZU SPIELEN.","unsupported.portrait.title": "IM <br/>LANDSCHAFTSMODUS SPIELEN","update.ie9.browser.checkbox": "Nicht erneut zeigen","update.ie9.browser.message": "Das Spiel funktioniert mit der aktuellsten Version von Internet Explorer oder Chrome besser. <br/>Bitte klicken Sie hier, um Internet Explorer zu aktualisieren.","bringMoney.mobilePrimarySpinsCurrency" : "Freispiele","italyDesktopGameBonusNotification" : "Sie spielen jetzt mit dem Spielbonus. Klicken Sie auf die Schaltfläche auf dem Bedienfeld unten, um zum Echtgeld zu wechseln.","bringMoney.multiBonusTitle" : "Wählen Sie die Menge der Freispiele<br/>und Spaß-Credits für das Spiel aus","desktop.label.freeSpins" : "FREISPIELE","bringMoney.desktopSpinsCurrency" : "FREISPIELE","italyDesktopRealMoneyNotification" : "Sie spielen jetzt mit Echtgeld. Klicken Sie auf die Schaltfläche auf dem Bedienfeld unten, um zum Spielbonus zu wechseln.","multiplayerlobby.avatar": "Avatar","multiplayerlobby.join": "Teilnehmen","multiplayerlobby.join.table": "An Tisch Platz nehmen","multiplayerlobby.limits": "Limits","multiplayerlobby.my.account": "Mein Konto","multiplayerlobby.nickname": "Spitzname","multiplayerlobby.player.profile": "Spielerprofil","multiplayerlobby.players": "Spieler","multiplayerlobby.save": "Gehalten","multiplayerlobby.status": "Status","multiplayerlobby.table.name": "Tischname","multiplayerlobby.timer": "Timer","multiplayerlobby.show.country": "Mein Land anzeigen","message.unexpectedError.501" : "Leider ist dieses Spiel im Spaß-Modus nicht verfügbar. Bitte melden Sie sich zuerst an","multiplayerlobby.playerprofile.error.nickname.3" : "Spitzname muss mindestens 20 Zeichen enthalten","multiplayerlobby.playerprofile.error.nickname.2" : "Das Feld mit dem Spitznamen muss ausgefüllt werden","multiplayerlobby.playerprofile.error.nickname.4" : "Der Fehler ist während des Herunterladens Ihres Spitznamens aufgetreten","multiplayerlobby.playerprofile.error.avatar.2" : "Avatar konnte nicht geändert werden","multiplayerlobby.switch.to.another.game" : "MÖCHTEN SIE WIRKLICH DAS SPIEL ÄNDERN?","multiplayerlobby.playerprofile.error.avatar.1" : "Der Fehler ist während des Herunterladens Ihres Avatars aufgetreten","multiplayerlobby.playerprofile.error.status.2" : "Statusfeld muss mindestens 20 Zeichen enthalten","multiplayerlobby.nickname.update.error" : "Kontaktieren Sie bitte den Administrator, um Ihren Spitznamen zu ändern.","multiplayerlobby.playerprofile.error.status.3" : "Der Fehler ist während des Herunterladens Ihres Status aufgetreten","multiplayerlobby.playerprofile.error.showcountry.2" : "Der Fehler ist während des Herunterladens Ihres Landes aufgetreten","multiplayerlobby.playerprofile.error.showcountry.1" : "Land konnte nicht aktualisiert werden","multiplayerlobby.playerprofile.error.status.1" : "Spielerstatus konnte nicht geändert werden","multiplayerlobby.stay" : "Bleiben","multiplayerlobby.change" : "Ändern","multiplayerlobby.join.error.no.nickname": "Tut mir leid, ohne einen Spitznamen können Sie am Spiel nicht teilnehmen","multiplayerlobby.playerprofile.error.nickname.1" : "Bitte nutzen Sie nur Buchstaben und Zahlen","leaderboard.notification.leaderboard.completed": "Rangliste abgeschlossen","leaderboard.notification.leaderboard.finished": "Rangliste beendet","leaderboard.notification.leaderboard.cancelled": "Rangliste storniert","leaderboard.notification.leaderboard.started": "Rangliste gestartet","leaderboard.notification.active": "Aktiv","leaderboard.notification.starts.in": "BEGINNT IN"}
}