{"texts": {"GAME_CATEGORY_FEATURED": "Incluse","GAME_CATEGORY_LIVE": "Live","GAME_CATEGORY_NEW": "Noi","GAME_CATEGORY_POKER": "Poker","GAME_CATEGORY_SCRATCH": "Răzuire","GAME_CATEGORY_SLOTS": "Sloturi","GAME_CATEGORY_TABLE_GAMES": "Jocuri de masă","GAME_CATEGORY_VIDEO_POKER": "Poker video","affiliate.button.casino": "Cazino","affiliate.button.dl": "Descărcare","blockScreen.close.split": "Dezactivați Vizualizarea Divizată pentru a continua jocul","blockScreen.doubleTap": "Atingeți de două ori ca să jucați la dimensiunea normală.","blockScreen.singleTap": "Atingeți ecranul pentru a continua jocul","blockScreen.swipeDown": "↓ Vă rugăm să glisați în jos ↓","blockScreen.swipeUp": "↑ Glisați în sus ca să jucați în ecran complet. ↑","blockScreen.enterFullscreen": "Atingeți pentru a juca pe ecran complet","bringMoney.aamsCode": "&#32;","bringMoney.amountPlaceholder": "&#32;","bringMoney.bring": "Aduceți în joc","bringMoney.casinoBalance": "&#32;","bringMoney.failure.message": "&#32;","bringMoney.fsbTitle": "Selectați numărul de învârtiri gratuite<br/>pe care să le aduceți în joc","bringMoney.notEnough.message": "Nu dispuneți de fonduri suficiente în sold","bringMoney.participationCode": "Cod de participare:","bringMoney.realTitle": "Selectați suma de bani reali<br/>pe care să o aduceți în joc","bringMoney.ropCode": "Ultimul cod de participare legal este:","bringMoney.ropTimestamp": "Cod creat:","bringMoney.sessionLimit.message": "Nu puteți suplimenta cu mai mult de {0} într-o singură sesiune","bringMoney.success.message": "Transmisiune reușită <br/>Codul dvs. de participare pentru acestă sesiune este: {0}","bringMoney.tableBalance": "Sold joc:","bringMoney.transactionLimit.message": "&#32;","brokenGames.unfinishedGames": "Aveți jocuri nefinalizate în Cazinou.","brokenGames.likeToResume": "Doriți să reluați?","brokenGames.selectGame": "Selectați un joc pe care să-l reluați.","desktop.caption.audioSettings": "Setări audio","desktop.caption.generalSettings": "Setări generale","desktop.fsb.ButtonText": "Faceți clic aici","desktop.fsb.notificationText": "Ați câștigat învârtiri gratuite! Faceți clic aici pentru a le folosi acum!","desktop.goldenchip.ButtonText": "Info","desktop.goldenchip.notificationText": "Apăsați pentru a alege un Jeton de aur din tava cu Jetoane de aur din partea de jos a mesei","desktop.goldenchip.v2.notificationText": "Dispuneți de Golden Chips. Golden Chips sunt destinate în exclusivitate pentru pariere și vor fi deduse din câștiguri după fiecare rundă de pariere.","desktop.label.gameSounds": "Sunete joc","desktop.label.skipIntro": "Săriți peste videoclipul introductiv","desktop.label.splashScreen": "Nu se mai afișează ecranul de pornire","desktop.label.volume": "Volum","desktop.loading.gameBy": "JOC DE","desktop.loading.loadingGame": "Se încarcă jocul...","desktop.loading.proudlyPresents": "PREZINTĂ","desktop.promotetoreal.continuePlaying": "Continuare joc","desktop.promotetoreal.playForReal": "JUCAȚI PE BANI REALI","desktop.promotetoreal.text": "Se pare că sunteți în mână. Doriți să jucați pe bani reali?","desktopGameAdvisor.header": "Doriţi să vă ajutăm să găsiţi şi alte jocuri?","desktopGameAdvisor.hideButton": "Nu mai afişa acest mesaj","desktopGameAdvisor.suggestions": "Iată mai jos câteva sugestii","download.installFlashPlayer.linkText": "Adobe.com","download.installFlashPlayer.part1": "Pentru a lansa cazinoul, trebuie să aveți instalat în sistem Adobe Flash Player.","download.installFlashPlayer.part2.1": "Faceți clic aici pentru a vizita","download.installFlashPlayer.part2.2": "acum.","download.installFlashPlayer.part3": "După instalarea playerului, lansați din nou cazinoul.","error.id.title": "ID joc incorect","error.item.unavailable": "Ne pare rău, dar acest articol nu este disponibil în acest moment. Vă rugăm să încercați mai târziu.","error.malformed.back.url": "Back URL nevalid. Nu puteți începe jocul","gameAdvisor.header": "Consilier Jocuri","gameAdvisor.hideButton": "ascundere temporară","gameAdvisor.mostPopular": "Cel mai popular","gameAdvisor.mostPopular_1": "Sloturi","gameAdvisor.mostPopular_2": "Jocuri de Masă","gameAdvisor.mostPopular_3": "Jocuri de Cărți","gameAdvisor.mostPopular_4": "Poker Video","gameAdvisor.mostPopular_5": "Jocuri Arcade","gameAdvisor.mostPopular_6": "Jocuri Progresive","gameAdvisor.mostPopular_7": "Jocuri Progresive","gameAdvisor.newGames": "Jocuri Noi","gameAdvisor.otherGames": "Alte Jocuri","gameAdvisor.otherPlayers": "Alți Jucători","gameAdvisor.similarGames": "Jocuri Asemănătoare","gameAdvisor.suggestions": "Iată câteva sugestii","gameConfigurationError1": "Din nefericire, acest joc are o problemă de configurare. Veți fi redirecționat către lobby. <br>Luați legătura cu Serviciul de Asistență<br> sau încercați alt joc.","gameConfigurationError2": "Din nefericire, această funcție nu este disponibilă în acest joc din cauza unei probleme de configurare. <br>Luați legătura cu Serviciul de Asistență<br> sau încercați această funcție în alt joc.","goldenChip.notification": "{count} JETOANE DE AUR ÎN VALOARE DE {amount} DISPONIBILE ÎN ACEST JOC","italyBonusRewards": "Bonus de Joc","italyFunBonusCreditsMessage": "Ce fel de credite doriți să folosiți în acest joc?","italyGameBonus": "Bonus de Joc","italyGameBonusNotification": "Jucați în acest moment cu bonus de joc, faceți clic în meniul rapid pentru a comuta la bani reali","italyLowGameBonusBalance": "Soldul dvs. de Bonus de Joc este prea mic pentru a juca în continuare în acest mod de joc. Jocul va fi comutat la Bani Reali.","italyRealMoney": "Bani reali","italyRealMoneyNotification": "Jucați în acest moment cu bani reali, faceți clic în meniul rapid pentru a comuta la bonus de joc","label.concession": "Renunțare","label.extend": "Prelungire","label.extend.for": "%time% minute","label.forgot": "Ați uitat parola?","label.joinNow": "Intrați acum","label.logIn": "Conectare","label.logout": "Deconectare","label.mode.fun": "JOC DE PLĂCERE","label.mode.real": "JOC PE BANI REALI","label.notInUse": "Neutilizat","label.practice": "Joc în modul de antrenament","label.rememberPass": "Memorare parolă","limits.state.title": "LIMITE:","loading.game.title": "Se încarcă<br />","lobbyInGame.categoryName.featured": "Incluse","lobbyInGame.categoryName.jackpots": "Jackpoturi","lobbyInGame.categoryName.slots": "Sloturi","lobbyInGame.categoryName.tableGames": "Jocuri de Masă","lobbyInGame.title": "Jocuri","mainMenu.account": "Contul meu","mainMenu.bank": "Bancă","mainMenu.bonusTerms": "Termeni Bonus","mainMenu.bringMoney": "Suplimentare bani","mainMenu.chat": "Chat","mainMenu.compPoints": "Puncte de jucător","mainMenu.deposit": "Depunere","mainMenu.depositLimit": "Limită la depunere","mainMenu.fullScreen": "Ecran complet","mainMenu.fundsTransfer": "Transferare fonduri","mainMenu.gameVersion": "Versiune joc","mainMenu.help": "Ajutor","mainMenu.history": "Istoric","mainMenu.inviteFriend": "Invită un Prieten","mainMenu.licenseeInfo": "Informații licențiat","mainMenu.limits": "Limite","mainMenu.lobby": "Lobby","mainMenu.multiplayerLobby": "Lobby jucători multipli","mainMenu.logout": "Deconectare","mainMenu.options": "Opțiuni","mainMenu.panic": "Panică","mainMenu.paytable": "Tabel de plăți","mainMenu.playForReal": "Joc pe bani reali","mainMenu.promotions": "Promoții","mainMenu.quickDeposit": "Depunere rapidă","mainMenu.respGaming": "Joc responsabil","mainMenu.responsibleGamingApproval": "Joc responsabil","mainMenu.responsibleGamingSngc": "Aprobat de SNGC","mainMenu.reverse.withdraw": "Revocare Retragere","mainMenu.selfExclusion": "Autoexcludere","mainMenu.settings": "Setări","mainMenu.share": "Partajați","mainMenu.shareRefer": "Recomandă un prieten","mainMenu.sound": "Sunet","mainMenu.support": "Asistență","mainMenu.timeOut": "Pauză","mainMenu.transactions": "Tranzacții","mainMenu.withdraw": "Retragere","menu.main.left.right.hand": "Stângaci / Dreptaci","message.autoplayFinished": "Jocul automat s-a oprit","message.browserMode": "Doriți într-adevăr să comutați la modul browser? Aceasta necesită reîncărcarea jocului, iar jocul curent nu va di salvat","message.button.accept": "Acceptati","message.button.cancel": "Anulare","message.button.close": "Închidere","message.button.decline": "Refuzati","message.button.later": "Mai târziu","message.button.no": "Nu","message.button.ok": "OK","message.button.play_fun": "Joc de plăcere","message.button.reload": "Reîncărcare","message.button.relogin": "Reîncercare","message.button.update": "Actualizare","message.button.yes": "Da","message.button.resume": "Reluare","message.connError": "Conexiune nereușită la server. Încercați din nou mai târziu. Jocul se va încărca în Modul Fun.","message.connectionLost": "Din păcate, a intervenit o problemă la conectarea la rețea.<br/>Vă rugăm să încercați să redescărcați jocul sau să alegeți un altul.","message.exit": "Vă mulțumim pentru că jucați la Cazinoul [casinoname]!<br/>Sigur doriți să ieșiți?","message.fsbError": "Free Spin nu este disponibilă momentan. Încercați din nou mai târziu","message.gameNotLoaded": "Jocul nu se încarcă. Încercați din nou sau alegeți alt joc. Dacă problema persistă, luați legătura cu serviciul de asistență pentru clienți.","message.incorrectUser": "Nume de utilizator sau parolă introdusă greșit. Verificați informațiile de cont și încercați din nou.","message.insufDep": "Sold insuficient. Doriți să efectuați o depunere?","message.insufReal": "Sold insuficient. Doriți să jucați pe bani reali?","message.insufTable": "Sold insuficient. Doriți să suplimentați banii de la masă?","message.loggedOut": "Ași fost deconectat. Dacă nu reușiți să vă conectați din nou, luați legătura cu serviciul de asistență pentru clienți.","message.login.failed": "Conectare eșuată. Vă vom redirecționa către pagina de lobby.","message.login.retry": "Conectare nereușită","message.loginError": "Sesiunea a expirat, vă rugăm să vă conectați din nou.","message.needLogin": "Conectați-vă la lobby pentru a juca pentru bani reali.","message.sessionClosed": "Sesiunea a expirat: veți fi redirecționat în lobby.","message.networkError": "A apărut o eroare de rețea. Jocul va fi închis.","message.shutdownNotification": "Sistemul este în curs de întreținere. Veți fi deconectat în {timeLeft} minute. Pentru a continua să jucați, conectați-vă din nou la cazino.","message.panicMessage": "Sigur doriți să vă auto-excludeți pentru următoarele 12 ore?","message.reconnect": "Conexiune pierdută, se restabilește conexiunea","message.selectGame": "Selectați un joc pentru a utiliza bonusul","message.server.disconnect": "Deconectare de la server. Jocul se va încărca în Modul Fun.","message.single.session": "Jocul a fost deschis de acest jucător pe alt dispozitiv","message.spinError": "Eroare învârtire joc. Încercați din nou","message.termsAndConditions": "Termeni și Condiții","mg.label.balance": "SOLD","mg.label.demo": "DEMO","mini.caption.settings": "Setări","mini.label.disableWarnings": "Dezactivare avertizări","mini.label.volume": "VOLUM","nickname.error": "Vă rugăm să alegeți un alt alias.","nickname.message": "Bine ați venit! <br> Alegeți-vă aliasul pentru cazino!","nickname.note": "Notă: pentru a vă schimba aliasul, contactați serviciul de Asistență clienți.","promotionsTitle": "Promoții","quickMenu.inGameLobby": "","quickMenu.notification.freeSpin": "[count] ÎNVÂRTIRI GRATUITE DISPONIBILE ÎN JOC","quickMenu.notification.promoGadget": "PROMOȚII NOI DISPONIBILE","quickMenu.promoGadget": "","realitycheck.message.button.continue": "Continuare","realitycheck.message.button.stop": "Stop","servererror10": "Acest pseudonim este utilizat momentan de alt jucător.<br>Introduceți alt pseudonim și încercați din nou.","servererror1018": "Nu puteți juca în mai multe rețele în același timp. Închideți toate jocurile și părăsiți listele de așteptare înainte de a schimba rețeaua.","servererror104": "Sesiunea dvs. este nevalidă","servererror108": "Sold insuficient pentru pariul solicitat. Micșorați valoarea pariului sau vizitați <u><a href=\"htcmd:switchtogame?code=cashier\">Casierul</a></u> pentru a face o depunere.","servererror178": "Conectare eșuată. Vă vom redirecționa către pagina de lobby.","servererror113": "Din cauza unor probleme tehnice, nu putem încheia această rundă.<br>Puteți încheia jocul sau puteți consulta rezultatul în istoricul jocului la un moment ulterior, după ce se remediază problemele.<br>Luați legătura cu Serviciul de Asistență la [supportemail] pentru ajutor.<br>Ne cerem scuze pentru neplăcerile create.","servererror13": "Ne pare rău, serverul jackpotului progresiv nu răspunde momentan.<br>Încercați din nou mai târziu.<br>Între timp, puteți juca unul dintre jocurile noastre obișnuite.","servererror147": "Trebuie să finalizați jocul neterminat pentru a juca alt joc","servererror15": "Ne pare rău, Serviciul de Asistență este momentan indisponibil.<br>Vă invităm să reveniți peste câteva minute.<br>Ne cerem scuze pentru neplăcerile create.","servererror16": "Dealerul este momentan plecat de la masă. Vă invităm să încercați altă masă.","servererror17": "Regretăm, nu se primește niciun răspuns de la serverul de jocuri.<br>dacă problema persistă, puteți juca în continuare numai în modul offline.<br>Luați legătura cu Serviciul de Asistență la [supportemail] pentru ajutor.<br>Ne cerem scuze pentru neplăcerile create.","servererror204": "Dealerul nu se află la masă.","servererror233": "Pariurile dvs. nu au fost confirmate pentru această rundă de joc din cauza unor dificultăți legate de conexiunea la internet. Încercați din nou în runda de joc următoare. Dacă problema persistă, poate fi necesar să cereți asistența furnizorului dvs. de servicii de internet.","servererror27": "A intervenit o eroare internă de sincronizare. Luați legătura cu Serviciul de Asistență la [supportemail] pentru ajutor.<br>Ne cerem scuze pentru neplăcerile create.","servererror28": "Acest joc este închis momentan. Vă invităm să încercați alte jocuri.","servererror29": "Nu puteți intra de două ori la aceeași masă de joc live.","servererror31": "Din cauza unei probleme de comunicare, pariul dvs. nu a fost înregistrat la timp. Închideți fereastra jocului și porniți jocul din nou. Pentru a preveni această problemă în viitor, încercați să confirmați pariurile de când începe runda de joc.","servererror33": "Nu aveți suficienți bani reali pentru a plasa acest bacșiș.","servererror332": "Încercați să ocupați mai multe locuri decât este permis.","servererror334": "Această masă este interzisă de legislația italiană. Vă invităm să încercați alte jocuri.","servererror35": "Pariul secundar progresiv nu a putut fi plasat. Luați legătura cu Serviciul de Asistență la [supportemail] pentru ajutor.","servererror4": "Această masă este momentan ocupată.<br>vă invităm să reveniți mai târziu sau încercați celelalte mese.","servererror522": "Câmpul <b>Repetare parolă</b> nu este identic.<br>Completați din nou câmpul <b>Repetare parolă</b>.","servererror57": "Eroare tehnică. Toate pariurile v-au fost returnate","servererror586": "Eficiența minimă a parolei este „Foarte slabă”: aceasta trebuie să fie formată din cel puțin 8 caractere.","servererror587": "Eficiența minimă a parolei este „Slabă”: aceasta trebuie să fie formată din cel puțin 8 caractere, litere majuscule și minuscule.","servererror588": "Eficiența minimă a parolei este „Medie”: aceasta trebuie să fie formată din cel puțin 8 caractere, litere majuscule și minuscule și cel puțin o cifră.","servererror589": "Eficiența minimă a parolei este „Puternică”: aceasta trebuie să fie formată din cel puțin 8 caractere, litere majuscule și minuscule, cel puțin o cifră și cel puțin un caracter special.","servererror590": "Eficiența minimă a parolei este „Foarte puternică”: aceasta trebuie să fie formată din cel puțin 12 caractere, litere majuscule și minuscule, cel puțin o cifră și cel puțin un caracter special.","servererror6": "Regretăm, nu se primește niciun răspuns de la serverul de jocuri.<br>Luați legătura cu Serviciul de Asistență la [supportemail] pentru ajutor.<br>Ne cerem scuze pentru neplăcerile create.","servererror610": "Acest joc este momentan indisponibil. Vă invităm să încercați alte jocuri.","servererror615": "Jocurile progresive sunt disponibile numai când jucați pe Bani Reali.","servererror616": "Acest loc este ocupat deja de alt jucător. Vă rugăm să alegeți alt loc.","servererror630": "Din cauza unor probleme tehnice, nu am putut încheia această rundă.<br>Veți fi anunțat când se încheie jocul, iar soldul vi se modifică conform cu rezultatul.","servererror644": "Regretăm, această funcție nu este disponibilă.","servererror647": "Din păcate, pariurile dvs. nu au fost acceptate. Luați legătura cu Serviciul de Asistență la [supportemail] pentru ajutor.","servererror650": "Acest joc nu permite să jucați mai multe sesiuni concomitent. Închideți mai întâi jocul activ pentru a intra la altă masă.","servererror680": "Aveți un joc neterminat dintr-o sesiune de joc anterioară, într-un mod de joc ce nu este acceptat momentan. Pentru ajutor imediat, luați legătura cu Serviciul de Asistență. Ne cerem scuze pentru neplăcerile create.","servererror681": "Parola nouă trebuie să fie diferită de parola veche.<br>Introduceți altă parolă și încercați din nou.","servererror700": "[casino] a atins limita maximă de jucători interni concomitenți.","servererror701": "Limita maximă de pariere pentru jucătorii interni de la [casino] a fost depășită.","servererror720": "Acest joc nu permite mai multe sesiuni concomitent.","servererror801": "Urmăriți deja această masă ca spectator.","servererror802": "Din nefericire, a fost atins numărul maxim de spectatori pentru această masă. Veți fi deconectat imediat de la această masă.","servererror803": "Această masă este momentan ocupată. Veți fi deconectat imediat de la această masă.","servererror804": "Regretăm, această masă nu este disponibilă. Vă rugăm să alegeți altă masă.","servererror805": "Runda nu este activă.","servererror806": "Acțiune nevalidă.","servererror807": "Regretăm, nu puteți intra la masa respectivă, deoarece limitele de pariere nu corespund.","servererror808": "Pariu duplicat.","servererror809": "Ați atins numărul maxim de runde de inactivitate permise. Veți fi deconectat imediat de la această masă.","servererror810": "Ați atins numărul maxim de runde permise ca spectator. Veți fi deconectat imediat de la această masă.","servererror811": "Nu puteți intra de două ori la aceeași masă.","servererror812": "Sunteți spectator.","servererror813": "Acest loc este ocupat deja de alt jucător. Vă rugăm să alegeți alt loc.","servererror814": "Pariurile neconfirmate vor fi eliminate de pe masă.","servererror815": "Regretăm, această masă va fi închisă. Vă rugăm să alegeți altă masă.","servererror816": "Nu există niciun jucător la această masă. Se va închide în [1] secunde.","servererror817": "Regretăm, această masă a fost închisă. Vă rugăm să alegeți altă masă.","servererror818": "Joc activ negăsit.","servererror819": "Nu aveți permisiunea de a intra la această masă.","servererror820": "S-a ajuns la ora de închidere a mesei, iar masa a fost închisă.","servererror821": "Cod de invitație incorect. Verificați codul de invitație.","servererror822": "Numele de masă introdus conține cuvinte nepermise. Introduceți un alt nume pentru masă.","servererror823": "Numele mesei trebuie să fie format din 1 până la 30 de caractere și nu poate conține decât litere, cifre și spații.","servererror824": "Nu mai puteți crea alte mese, deoarece ați creat deja trei mese pentru grup privat care au momentan statusul „deschis”.","servererror825": "Numele de masă introdus este deja folosit. Introduceți un alt nume pentru masă.","servererror826": "Șablonul pentru masa privată a fost închis. Vă rugăm să alegeți alt șablon.","servererror827": "Parola introdusă conține cuvinte nepermise. Introduceți o altă parolă.","servererror828": "Codul de invitație trebuie să fie format din 1 până la 10 caractere și nu poate conține decât litere și cifre.","servererror832": "Nu puteți intra la masă cu același pariu total.","servererror9": "Vă rugăm să alegeți alt pseudonim.","setSelfExclusionDialog.cancelButton": "Anulare","setSelfExclusionDialog.header": "Autoexcludere","setSelfExclusionDialog.okButton": "Aplicare","setSelfExclusionDialog.periodRestrictionLabel": "Activare autoexcludere","sky.error.undefined": "A intervenit o eroare în joc! Veți fi redirecțional la Lobby.","sound.popup.dontShowMeAgain": "Nu se mai afișează","sound.popup.text": "Doriți să jucați cu sunet?","timeLossLimit.gambling.closeGame.button": "Părăsire","timeLossLimit.gambling.ignore.button": "Continuare","timeLossLimit.gambling.warning": "În acest moment jucați de [minutes] minute de la începutul sesiunii de jocuri de slot. În acest timp ați pariat în total [bets]","timeLossLimit.limitReached.loss.error": "Ați atins limita maximă de pierdere pe sesiune și jocul va fi închis. În timpul acestei sesiuni, ați pariat în total [bets] și ați câștigat în total [wins]","timeLossLimit.limitReached.time.error": "AAți atins limita maximă de timp pe sesiune și jocul va fi închis. În timpul acestei sesiuni, ați pariat în total [bets] și ați câștigat în total [wins]","timeLossLimit.losslimit.proximity.warning": "Vă rugăm să aveți în vedere faptul că vă apropiați de limita de pierdere pe sesiune","timeLossLimit.sessionsummary": "Sesiunea dvs. de joc curentă este pe cale să se încheie. În timpul acestei sesiuni, ați pariat în total [bets] și ați câștigat în total [wins]","timeLossLimit.timelimit.proximity.warning": "Vă rugăm să aveți în vedere faptul că vă apropiați de limita de timp pe sesiune","timeLossLimit.tooHighBet.error": "Pariul dvs. nu poate fi acceptat deoarece ar putea duce la depășirea limitei de pierdere pe sesiune. Plasați un pariu mai mic","timeLossLimitDialog.betLimit.label": "Limită de pierdere","timeLossLimitDialog.betLimit.value.error.bigThanBalance": "Limita dvs. de pierdere este mai mare decât soldul. Introduceți o valoare mai mică sau faceți o depunere","timeLossLimitDialog.betLimit.value.error.notValid": "Sumă nevalidă. Reintroduceți o sumă validă","timeLossLimitDialog.cancelButton.label": "Anulare","timeLossLimitDialog.gamblingNoticeInterval.label": "Interval de Notificare Jocuri","timeLossLimitDialog.okButton.label": "OK","timeLossLimitDialog.sessionTimer.label": "Temporizator de Sesiune","timeLossLimitDialog.sessionTimer.placeholder": "Atingeți pentru a selecta","timeLossLimitDialog.timeLimit.value.error.empty": "Valoare nevalidă Temporizator Sesiune. Selectați o perioadă de timp validă","timeLossLimitDialog.title": "Limitări joc de slot","uifeatures.demo.popup": "Încercați acum gratuit","uifeatures.real.popup": "În acest moment jucați pe bani reali","ukreg.autoplay.jackpotsinglewinlimit.message": "Joc Automat oprit: jackpot câștigat. Mai mult de [amount] câștigat","ukreg.autoplay.jackpotwinlimit.message": "Joc Automat oprit: jackpot câștigat.","ukreg.autoplay.losslimit.message": "Joc Automat oprit: limită de pierdere atinsă.","ukreg.autoplay.singlewinlimit.message": "Joc Automat oprit: mai mult de [amount] câștigat.","ukreg.cancelButtonText": "Ieșire","ukreg.confirmButtonText": "Confirmaţi","ukreg.jackPotLabel": "Oprire joc automat la câștigarea jackpotului","ukreg.lossLabel": "Oprire joc automat la pierderi totale de:","ukreg.lossLimitExceedMessage": "Valoarea pentru limita de pierderi e prea mare. Suma maximă permisă e de [amount].","ukreg.lossLimitInvalidMessage": "Sumă invalidă în câmpul limitei pentru pierderi. Vă rugăm să introduceți o sumă validă.","ukreg.lossLimitLowMessage": "Limita de pierderi introdusă e prea mică pentru a porni jocul automat. Vă rugăm să introduceți o sumă mai mare.","ukreg.singleWinExceedMessage": "Valoarea pentru limita de câștig unic e prea mare. Suma maximă permisă e de [amount]","ukreg.singleWinInvalidMessage": "Sumă invalidă în câmpul limitei pentru câștig unic. Vă rugăm să introduceți o sumă validă.","ukreg.singleWinLabel": "Oprire la un câștig individual de peste:","ukreg.singleWinLowMessage": "Valoare prea mare pentru limita de câștig unic: Valoarea maximă permisă este de [amount].","ukreg.title": "Joc responsabil – joc automat","unit.time.10minutes": "10 minute","unit.time.12hours": "12 ore","unit.time.15minutes": "15 minute","unit.time.1day": "1 zi","unit.time.1hour": "1 oră","unit.time.1month": "1 lună","unit.time.1week": "1 săptămână","unit.time.20minutes": "20 de minute","unit.time.2hours": "2 ore","unit.time.30minutes": "30 de minute","unit.time.40minutes": "40 de minute","unit.time.50minutes": "50 de minute","unit.time.5minutes": "5 minute","unit.time.60minutes": "60 de minute","unit.time.dimension.day.1": "zi","unit.time.dimension.day.few": "de zile","unit.time.dimension.day.other": "de zile","unit.time.dimension.hour.1": "oră","unit.time.dimension.hour.few": "ore","unit.time.dimension.hour.other": "ore","unit.time.dimension.minute.1": "minut","unit.time.dimension.minute.few": "de minute","unit.time.dimension.minute.other": "de minute","unit.time.dimension.month.1": "lună","unit.time.dimension.month.few": "luni","unit.time.dimension.month.other": "luni","unit.time.dimension.second.1": "secundă","unit.time.dimension.second.few": "de secunde","unit.time.dimension.second.other": "de secunde","unit.time.dimension.week.1": "săptămână","unit.time.dimension.week.few": "de săptămâni","unit.time.dimension.week.other": "de săptămâni","unsupported.landscape.text": "JOCUL ESTE CONCEPUT PENTRU ASPECTUL PORTRET.<br />ROTIȚI DISPOZITIVUL ÎN POZIȚIE VERTICALĂ PENTRU A JUCA.","unsupported.landscape.title": "JUCAȚI<br />ÎN PORTRET","unsupported.portrait.text": "JOCUL ESTE CONCEPUT PENTRU MODUL PEISAJ.<br />ROTIȚI DISPOZITIVUL ÎN POZIȚIE ORIZONTALĂ PENTRU A JUCA.","unsupported.portrait.title": "JUCAȚI<br />ÎN PEISAJ","update.ie9.browser.checkbox": "Nu se mai afișează","update.ie9.browser.message": "Jocul rulează mai bine în ultima versiune de Internet Explorer sau Chrome. <br/>Faceți clic aici ca să actualizați Internet Explorer.","bringMoney.mobilePrimarySpinsCurrency" : "Învârtiri Gratuite","italyDesktopGameBonusNotification" : "În acest moment jucați cu bonusul din joc. Apăsați pe butonul din panoul din partea de jos pentru a comuta la jocul cu bani reali","bringMoney.multiBonusTitle" : "Selectați numărul de învârtiri gratuite<br/>și credite de amuzament pe care să le folosiți în joc","desktop.label.freeSpins" : "ÎNVÂRTIRI GRATUITE","bringMoney.desktopSpinsCurrency" : "ÎNVÂRTIRI GRATUITE","italyDesktopRealMoneyNotification" : "În acest moment jucați cu bani reali. Apăsați pe butonul din panoul din partea de jos pentru a comuta la bonusul din joc","multiplayerlobby.avatar": "Avatar","multiplayerlobby.join": "înscriere","multiplayerlobby.join.table": "Luați loc la masă","multiplayerlobby.limits": "Limite","multiplayerlobby.my.account": "Contul meu","multiplayerlobby.nickname": "Pseudonim","multiplayerlobby.player.profile": "Profil jucător","multiplayerlobby.players": "Jucători","multiplayerlobby.save": "Salvare","multiplayerlobby.status": "Stare","multiplayerlobby.table.name": "Nume masă","multiplayerlobby.timer": "Temporizator","multiplayerlobby.show.country": "Se afişează ţara mea","message.unexpectedError.501" : "Din păcate, acest joc nu este disponibil în modul \u201ede amuzament\u201d. Vă rugăm să vă conectați mai întâi","multiplayerlobby.playerprofile.error.nickname.3" : "Numele trebuie să conțină cel mult 20 de simboluri","multiplayerlobby.playerprofile.error.nickname.2" : "Câmpul de nume trebuie completat","multiplayerlobby.playerprofile.error.nickname.4" : "Eroare apărută în timpul descărcării numelui","multiplayerlobby.playerprofile.error.avatar.2" : "Avatarul nu poate fi actualizat","multiplayerlobby.switch.to.another.game" : "SIGUR DORIȚI SĂ SCHIMBAȚI JOCUL?","multiplayerlobby.playerprofile.error.avatar.1" : "Eroare apărută în timpul descărcării avatarului","multiplayerlobby.playerprofile.error.status.2" : "Câmpul de status trebuie să conțină cel mult 20 de simboluri","multiplayerlobby.nickname.update.error" : "Pentru a vă modifica numele, vă rugăm să contactați administratorul.","multiplayerlobby.playerprofile.error.status.3" : "Eroare apărută în timpul descărcării statusului","multiplayerlobby.playerprofile.error.showcountry.2" : "Eroare apărută în timpul descărcării țării","multiplayerlobby.playerprofile.error.showcountry.1" : "Țara nu poate fi actualizată","multiplayerlobby.playerprofile.error.status.1" : "Statusul jucătorului nu poate fi actualizat","multiplayerlobby.stay" : "Stai","multiplayerlobby.change" : "Modificare","multiplayerlobby.join.error.no.nickname": "Ne pare rău, dar nu puteți intra în joc fără să aveți un nume","multiplayerlobby.playerprofile.error.nickname.1" : "Vă rugăm să folosiți doar litere și cifre","leaderboard.notification.leaderboard.completed": "Tabela liderilor Finalizat","leaderboard.notification.leaderboard.finished": "Tabela liderilor Încheiat","leaderboard.notification.leaderboard.cancelled": "Tabela liderilor Anulat","leaderboard.notification.leaderboard.started": "Tabela liderilor Început","leaderboard.notification.active": "Activ","leaderboard.notification.starts.in": "ÎNCEPE ÎN"}}