{"texts": {"GAME_CATEGORY_FEATURED": "En vedette","GAME_CATEGORY_LIVE": "Live","GAME_CATEGORY_NEW": "Nouveau","GAME_CATEGORY_POKER": "Poker","GAME_CATEGORY_SCRATCH": "Cartes à gratter","GAME_CATEGORY_SLOTS": "Machines à sous","GAME_CATEGORY_TABLE_GAMES": "Jeux de table","GAME_CATEGORY_VIDEO_POKER": "Poker vidéo","affiliate.button.casino": "Casino","affiliate.button.dl": "Télécharger","blockScreen.close.split": "Veuillez quitter la vue séparée pour continuer à jouer","blockScreen.doubleTap": "Touchez deux fois pour jouer en taille normale.","blockScreen.singleTap": "Touchez l'écran pour continuer la partie","blockScreen.swipeDown": "↓ Veuillez balayer vers le bas ↓","blockScreen.swipeUp": "↑ Balayez vers le haut pour jouer en plein écran. ↑","blockScreen.enterFullscreen": "Touchez pour jouer en plein écran","bringMoney.aamsCode": "&#32;","bringMoney.amountPlaceholder": "&#32;","bringMoney.bring": "Ajouter au capital","bringMoney.casinoBalance": "&#32;","bringMoney.failure.message": "&#32;","bringMoney.fsbTitle": "Sélectionnez la quantité de tours gratuits<br/>que vous pouvez miser","bringMoney.notEnough.message": "Vous n'avez pas assez de fonds sur votre solde.","bringMoney.participationCode": "Code de participation:","bringMoney.realTitle": "Sélectionnez la quantité<br/>d'argent réel que vous pouvez miser","bringMoney.ropCode": "Le dernier code de participation légal est :","bringMoney.ropTimestamp": "Code créé :","bringMoney.sessionLimit.message": "Vous ne pouvez pas ajouter plus de {0} en une session","bringMoney.success.message": "Transmission réussie <br/>Voici votre code de participation à cette session : {0}","bringMoney.tableBalance": "Solde de jeu :","bringMoney.transactionLimit.message": "&#32;","brokenGames.unfinishedGames": "Vous avez des parties inachevées au casino.","brokenGames.likeToResume": "Voulez-vous reprendre ?","brokenGames.selectGame": "Sélectionnez une partie à reprendre.","desktop.caption.audioSettings": "Paramètres audio","desktop.caption.generalSettings": "Paramètres généraux","desktop.fsb.ButtonText": "Cliquez ici","desktop.fsb.notificationText": "Il vous reste des tours gratuits ! Cliquez ici pour les utiliser.","desktop.goldenchip.ButtonText": "Info","desktop.goldenchip.notificationText": "Touchez pour choisir un jeton d'or dans le plateau des jetons d'or au bas de la table.","desktop.goldenchip.v2.notificationText": "Des Golden Chips sont disponibles. Les Golden Chips sont réservés exclusivement à des fins de mises et seront déduits de vos gains après chaque tour d'enchères.","desktop.label.gameSounds": "Bruitages","desktop.label.skipIntro": "Passer la vidéo d'intro","desktop.label.splashScreen": "Ne plus afficher l'écran d'accueil","desktop.label.volume": "Volume","desktop.loading.gameBy": "UN JEU","desktop.loading.loadingGame": "Chargement du jeu...","desktop.loading.proudlyPresents": "EST FIER DE PRÉSENTER","desktop.promotetoreal.continuePlaying": "Continuer à jouer","desktop.promotetoreal.playForReal": "JOUER EN ARGENT RÉEL","desktop.promotetoreal.text": "La chance a l'air de votre côté. Voulez-vous jouer en argent réel ?","desktopGameAdvisor.header": "Vous avez besoin d'aide pour trouver plus de jeux ?","desktopGameAdvisor.hideButton": "Ne plus afficher ce message","desktopGameAdvisor.suggestions": "Jetez un coup d’œil aux suggestions suivantes","download.installFlashPlayer.linkText": "Adobe.com","download.installFlashPlayer.part1": "Pour lancer le casino, Adobe Flash Player doit être installé sur votre système.","download.installFlashPlayer.part2.1": "Cliquez ici pour visiter","download.installFlashPlayer.part2.2": "maintenant.","download.installFlashPlayer.part3": "Après installation, veuillez relancer le casino.","error.id.title": "ID de jeu incorrect","error.item.unavailable": "Malheureusement, cet élément est provisoirement indisponible. Veuillez réessayer ultérieurement.","error.malformed.back.url": "URL de retour incorrecte. Vous ne pouvez pas lancer le jeu","gameAdvisor.header": "Conseiller de jeux","gameAdvisor.hideButton": "masquer temporairement","gameAdvisor.mostPopular": "Déchaîne les passions","gameAdvisor.mostPopular_1": "Machines à sous","gameAdvisor.mostPopular_2": "Jeux de table","gameAdvisor.mostPopular_3": "Jeux de cartes","gameAdvisor.mostPopular_4": "Pokers vidéo","gameAdvisor.mostPopular_5": "Jeux d'arcade","gameAdvisor.mostPopular_6": "Jeux progressifs","gameAdvisor.mostPopular_7": "Jeux progressifs","gameAdvisor.newGames": "Nouveaux jeux","gameAdvisor.otherGames": "Autres jeux","gameAdvisor.otherPlayers": "Autres joueurs","gameAdvisor.similarGames": "Jeux identiques","gameAdvisor.suggestions": "Jetez un coup d'œil aux suggestions suivantes","gameConfigurationError1": "Malheureusement, ce jeu rencontre un problème de configuration. Vous allez être redirigé vers l'accueil. <br>Veuillez contacter l'assistance clients<br> ou essayer un autre jeu.","gameConfigurationError2": "Malheureusement, cette fonction n'est pas disponible dans ce jeu en raison d'un problème de configuration. <br>Veuillez contacter l'assistance clients<br> ou essayer cette fonction dans un autre jeu.","goldenChip.notification": "{count} JETONS D'OR VALANT {amount} DISPONIBLES DANS CE JEU","italyBonusRewards": "Bonus de jeu","italyFunBonusCreditsMessage": "Quel type de crédit souhaitez-vous utiliser dans ce jeu ?","italyGameBonus": "Bonus de jeu","italyGameBonusNotification": "Vous jouez désormais avec du bonus de jeu. Cliquez sur le menu rapide pour passer en argent réel","italyLowGameBonusBalance": "Votre solde de bonus du jeu est trop faible pour continuer à jouer dans ce mode. Le jeu va passer en mode Argent réel","italyRealMoney": "Argent réel","italyRealMoneyNotification": "Vous jouez désormais avec de l'argent réel. Cliquez sur le menu rapide pour passer au bonus de jeu","label.concession": "Concession","label.extend": "Prolonger","label.extend.for": "%time% minutes","label.forgot": "Mot de passe oublié ?","label.joinNow": "Inscription","label.logIn": "Connexion","label.logout": "Déconnexion","label.mode.fun": "POUR LE PLAISIR","label.mode.real": "EN ARGENT RÉEL","label.notInUse": "Non utilisé","label.practice": "Jouer en mode Entraînement","label.rememberPass": "Mémoriser le mot de passe","limits.state.title": "LIMITES :","loading.game.title": "Chargement<br />","lobbyInGame.categoryName.featured": "En vedette","lobbyInGame.categoryName.jackpots": "Jackpots","lobbyInGame.categoryName.slots": "Machines à sous","lobbyInGame.categoryName.tableGames": "Jeux de table","lobbyInGame.title": "Jeux","mainMenu.account": "Mon compte","mainMenu.bank": "Banque","mainMenu.bonusTerms": "Conditions du bonus","mainMenu.bringMoney": "Approvisionner","mainMenu.chat": "Chat","mainMenu.compPoints": "Points de fidélité","mainMenu.deposit": "Dépôt","mainMenu.depositLimit": "Limite de dépôt","mainMenu.fullScreen": "Plein écran","mainMenu.fundsTransfer": "Transférer les fonds","mainMenu.gameVersion": "Version du jeu","mainMenu.help": "Aide","mainMenu.history": "Historique","mainMenu.inviteFriend": "Inviter un ami","mainMenu.licenseeInfo": "Informations sur le titulaire de licence","mainMenu.limits": "Limites","mainMenu.lobby": "Accueil","mainMenu.multiplayerLobby": "Accueil multijoueur","mainMenu.logout": "Déconnexion","mainMenu.options": "Options","mainMenu.panic": "Panique","mainMenu.paytable": "Tableau des gains","mainMenu.playForReal": "Jouer en argent réel","mainMenu.promotions": "Promotions","mainMenu.quickDeposit": "Dépôt rapide","mainMenu.respGaming": "Jeu responsable","mainMenu.responsibleGamingApproval": "Jeu responsable","mainMenu.responsibleGamingSngc": "Approuvé par la SNGC","mainMenu.reverse.withdraw": "Retrait annulable","mainMenu.selfExclusion": "Auto-exclusion","mainMenu.settings": "Réglages","mainMenu.share": "Partager","mainMenu.shareRefer": "Parrainage","mainMenu.sound": "Son","mainMenu.support": "Assistance","mainMenu.timeOut": "Temps mort","mainMenu.transactions": "Transactions","mainMenu.withdraw": "Retrait","menu.main.left.right.hand": "Gaucher/droitier","message.autoplayFinished": "Jeu auto arrêté","message.browserMode": "Voulez-vous vraiment passer en mode navigateur ? Vous devrez recharger le jeu et la partie en cours ne sera pas sauvegardée","message.button.accept": "Accepter","message.button.cancel": "Annuler","message.button.close": "Fermer","message.button.decline": "Refuser","message.button.later": "Plus tard","message.button.no": "Non","message.button.ok": "OK","message.button.play_fun": "Jouer pour le plaisir","message.button.reload": "Recharger","message.button.relogin": "Réessayer","message.button.update": "Mettre à jour","message.button.yes": "Oui","message.button.resume": "Reprendre","message.connError": "La connexion au serveur a échoué. Veuillez réessayer ultérieurement. Le jeu va se charger en mode Pour le plaisir.","message.connectionLost": "Un problème de connexion réseau s'est produit.<br/>Veuillez tenter de recharger le jeu ou d'en choisir un autre.","message.exit": "Merci d'avoir joué sur [casinoname] Casino !<br/>Voulez-vous vraiment quitter ?","message.fsbError": "Tour gratuit indisponible pour l'instant. Réessayez plus tard","message.gameNotLoaded": "Échec de chargement du jeu. Veuillez réessayer ou choisir un autre jeu. Si le problème persiste, veuillez contacter un membre de l'assistance.","message.incorrectUser": "Le nom d'utilisateur ou le mot de passe saisi est incorrect. Vérifiez vos informations de compte et réessayez.","message.insufDep": "Solde insuffisant. Voulez-vous effectuer un dépôt ?","message.insufReal": "Solde insuffisant. Voulez-vous jouer en argent réel ?","message.insufTable": "Solde insuffisant. Voulez-vous augmenter votre capital à cette table ?","message.loggedOut": "Vous avez été déconnecté. Si vous ne parvenez pas à vous reconnecter, veuillez contacter un membre de l'assistance.","message.login.failed": "Échec de la connexion. Nous allons vous rediriger à l'accueil.","message.login.retry": "Échec de la connexion.","message.loginError": "La session a expiré, veuillez vous reconnecter.","message.needLogin": "Veuillez vous connecter depuis le lobby afin de jouer pour de l'argent réel.","message.sessionClosed": "Session expirée : vous allez retourner au lobby.","message.networkError": "Une erreur réseau s'est produite. Le jeu va fermer.","message.shutdownNotification": "Le système est en cours de maintenance. Vous allez être déconnecté dans {timeLeft} minutes. Pour continuer à jouer, veuillez vous reconnecter au casino.","message.panicMessage": "Voulez-vous vraiment vous auto-exclure pendant les 12 prochaines heures ?","message.reconnect": "Connexion interrompue, reconnexion en cours","message.selectGame": "Choisissez un jeu pour utiliser le bonus","message.server.disconnect": "Vous avez été déconnecté du serveur. Le jeu va se charger en mode Pour le plaisir.","message.single.session": "Une partie avec cet utilisateur a été ouverte sur un autre appareil","message.spinError": "Erreur de lancer. Veuillez réessayer.","message.termsAndConditions": "Conditions générales","mg.label.balance": "SOLDE","mg.label.demo": "DÉMO","mini.caption.settings": "Paramètres","mini.label.disableWarnings": "Désactiver les avertissements","mini.label.volume": "VOLUME","nickname.error": "Veuillez choisir un autre pseudo.","nickname.message": "Bienvenue ! <br> Choisissez votre pseudo pour le casino!","nickname.note": "Remarque: pour modifier votre pseudo, contactez l'assistance clientèle.","promotionsTitle": "Promotions","quickMenu.inGameLobby": "","quickMenu.notification.freeSpin": "[count] TOURS GRATUITS DISPONIBLES DANS CE JEU","quickMenu.notification.promoGadget": "NOUVELLES PROMOTIONS DISPONIBLES","quickMenu.promoGadget": "","realitycheck.message.button.continue": "Continuer","realitycheck.message.button.stop": "Arrêter","servererror10": "Un autre joueur utilise actuellement ce pseudo.<br>Veuillez saisir un autre pseudo et réessayer.","servererror1018": "Vous ne pouvez jouer que sur un réseau à la fois. Veuillez fermer toutes les parties et quitter les listes d'attente si vous voulez changer de réseau.","servererror104": "Votre session n'est pas valide","servererror108": "Solde insuffisant pour la mise demandée. Veuillez miser une somme inférieure ou accéder à la <u><a href=\"htcmd:switchtogame?code=cashier\">Cashier</a></u> pour y effectuer un dépôt.","servererror178": "Échec de la connexion. Nous allons vous rediriger à l'accueil.","servererror113": "En raison d'un problème technique, cette manche a dû être interrompue.<br>Une fois le problème résolu, vous pourrez terminer la partie ou consulter le résultat via l'historique.<br>Veuillez contacter l'assistance client à l'adresse [supportemail] pour toute aide supplémentaire.<br>Veuillez nous excuser de la gêne occasionnée.","servererror13": "Désolé, le serveur du jackpot progressif ne répond pas.<br>Veuillez réessayer ultérieurement.<br>En attendant, essayez de jouer à nos jeux standard.","servererror147": "Vous devez terminer toute partie en cours avant d'en démarrer une nouvelle","servererror15": "L'équipe d'assistance clientèle est provisoirement indisponible.<br>Veuillez réessayer d'ici quelques minutes.<br>Nous vous prions de nous excuser pour la gêne occasionnée.","servererror16": "Le croupier n'est pas à la table pour l'instant. Veuillez essayer l'une de nos autres tables.","servererror17": "Désolé, aucune réponse du serveur.<br>Si le problème persiste, vous ne pourrez continuer qu'en mode hors ligne.<br>Veuillez contacter l'assistance client à l'adresse [supportemail] pour obtenir une aide immédiate.<br>Veuillez nous excuser de la gêne occasionnée.","servererror204": "Le croupier n'est pas à la table.","servererror233": "Vos mises n'ont pas été confirmées pour cette manche en raison de problèmes de connexion Internet. Veuillez réessayer lors de la prochaine manche. Si le problème persiste, nous vous invitons à contacter votre fournisseur d'accès Internet.","servererror27": "Une erreur de synchronisation interne est survenue. Veuillez contacter l'assistance client à l'adresse [supportemail] pour toute aide supplémentaire.<br>Veuillez nous excuser de la gêne occasionnée.","servererror28": "Ce jeu est actuellement fermé. Veuillez essayer l'un de nos autres jeux.","servererror29": "Vous ne pouvez pas rejoindre deux fois la même table de jeu en direct.","servererror31": "En raison d'un problème de communication, votre mise n'a pas été enregistrée à temps. Veuillez fermer la fenêtre de jeu et redémarrer le jeu. Pour éviter de rencontrer à nouveau ce problème, essayez de valider vos mises dès le début de la manche.","servererror33": "Votre solde d'argent réel ne vous permet pas de donner ce pourboire.","servererror332": "Vous essayez d'occuper plus de sièges que vous n'y êtes autorisé.","servererror334": "Conformément à la réglementation italienne, cette table est interdite. Veuillez essayer l'un de nos autres jeux.","servererror35": "Impossible de placer la mise annexe progressive. Pour tout aide supplémentaire, veuillez contacter l'assistance clientèle à [supportemail].","servererror4": "Cette table de jeu est actuellement complète.<br>Veuillez réessayer ultérieurement ou rejoindre une autre table.","servererror522": "Le champ <b>Confirmer le mot de passe</b> ne concorde pas.<br>Veuillez le renseigner à nouveau.","servererror57": "Erreur technique. Toutes vos mises vous ont été retournées","servererror586": "Votre mot de passe doit être au minimum de force « Très faible » : il doit comporter au moins 8 caractères.","servererror587": "Votre mot de passe doit être au minimum de force « Faible » : il doit comporter au moins 8 caractères, dont à la fois des minuscules et des majuscules.","servererror588": "Votre mot de passe doit être au minimum de force « Moyenne » : il doit comporter au moins 8 caractères, dont à la fois des minuscules et des majuscules ainsi qu'un chiffre.","servererror589": "Votre mot de passe doit être au minimum de force « Forte » : il doit comporter au moins 8 caractères, dont à la fois des minuscules et des majuscules ainsi qu'un chiffre et un caractère spécial.","servererror590": "Votre mot de passe doit être au minimum de force « Très forte » : il doit comporter au moins 12 caractères, dont à la fois des minuscules et des majuscules ainsi qu'un chiffre et un caractère spécial.","servererror6": "Désolé, le serveur de jeu n'a envoyé aucune réponse.<br>Veuillez contacter l'assistance client à l'adresse [supportemail] pour toute aide supplémentaire.<br>Veuillez nous excuser de la gêne occasionnée.","servererror610": "Ce jeu est actuellement indisponible. Veuillez essayer l'un de nos autres jeux.","servererror615": "Les jeux progressifs ne sont disponibles qu'en argent réel.","servererror616": "Cette place est déjà occupée par un autre joueur. Veuillez choisir une place libre.","servererror630": "En raison de problèmes techniques, cette manche a été interrompue.<br>Vous serez averti dès que la partie sera terminée et que votre solde aura été ajusté en conséquence.","servererror644": "Désolé, cette fonction n'est pas disponible pour le moment","servererror647": "Vos mises n'ont pas été acceptées. Veuillez contacter l'assistance client à l'adresse [supportemail] pour toute aide supplémentaire.","servererror650": "Ce jeu est limité à une session à la fois. Veuillez fermer votre partie active pour accéder à une nouvelle table.","servererror680": "Vous avez commencé une partie interrompue lors d'une session précédente dans un mode de jeu actuellement incompatible. Veuillez contacter l'assistance client pour obtenir une aide immédiate. Veuillez nous excuser pour la gêne occasionnée.","servererror681": "Votre nouveau mot de passe doit être différent de l'ancien.<br>Saisissez un mot de passe différent et recommencez.","servererror700": "[casino] a atteint le nombre max de joueurs internes simultanés.","servererror701": "La limite de mise max pour les joueurs internes de [casino] a été dépassée.","servererror720": "Ce jeu est limité à une session à la fois.","servererror801": "Vous êtes déjà spectateur à cette table.","servererror802": "Le maximum de spectateurs à cette table a déjà été atteint. Vous allez être déconnecté de cette table.","servererror803": "Cette table est actuellement au complet. Vous allez être déconnecté de cette table.","servererror804": "Cette table n'est pas disponible. Veuillez en choisir une autre.","servererror805": "La manche n'est pas active.","servererror806": "Action non valide.","servererror807": "Les limites de mise ne vous permettent pas de rejoindre cette table.","servererror808": "Mise doublon.","servererror809": "Le maximum de manches inactives autorisé a été atteint. Vous allez être déconnecté de cette table.","servererror810": "Le maximum de manches autorisé en tant que spectateur a été atteint. Vous allez être déconnecté de cette table...","servererror811": "Vous ne pouvez pas rejoindre la même table à deux reprises.","servererror812": "Vous êtes spectateur.","servererror813": "Cette place est déjà occupée par un autre joueur. Veuillez choisir une place libre.","servererror814": "Toute mise non confirmée sera supprimée de la table.","servererror815": "Cette table va être fermée. Veuillez en choisir une autre.","servererror816": "Il n'y a aucun joueur à cette table. Elle sera fermée dans [1] secondes.","servererror817": "Cette table a été fermée. Veuillez en choisir une autre.","servererror818": "Partie active introuvable.","servererror819": "Vous n'êtes pas autorisé à rejoindre cette table.","servererror820": "Le délai de fin de la table a été atteint. Elle a donc été fermée.","servererror821": "Code d'invitation incorrect. Veuillez vérifier votre code d'invitation.","servererror822": "Le nom de table saisi contient des termes non autorisés. Saisissez un autre nom de table.","servererror823": "Le nom de table doit comporter de 1 à 30 caractères. Il ne peut contenir que des lettres, des chiffres et des espaces.","servererror824": "Vous ne pouvez pas créer d'autres tables puisque vous avez déjà créé trois tables pour groupe privé actuellement actives.","servererror825": "Ce nom de table est déjà en cours d'utilisation. Saisissez un autre nom de table.","servererror826": "Le modèle de groupe privé a été fermé. Veuillez choisir un autre modèle.","servererror827": "Le mot de passe saisi contient des mots non autorisés. Saisissez un autre mot de passe.","servererror828": "Le code d'invitation doit être composé de 1 à 10 caractères et ne peut contenir que des lettres et des chiffres.","servererror832": "Vous ne pouvez pas rejoindre une table avec la même mise totale.","servererror9": "Veuillez choisir un autre pseudo.","setSelfExclusionDialog.cancelButton": "Annuler","setSelfExclusionDialog.header": "Auto-exclusion","setSelfExclusionDialog.okButton": "Appliquer","setSelfExclusionDialog.periodRestrictionLabel": "Activer l'auto-exclusion","sky.error.undefined": "Une erreur de jeu s'est produite ! Vous allez être redirigé à l'accueil.","sound.popup.dontShowMeAgain": "Ne plus afficher","sound.popup.text": "Voulez-vous jouer avec du son ?","timeLossLimit.gambling.closeGame.button": "Quitter","timeLossLimit.gambling.ignore.button": "Continuer","timeLossLimit.gambling.warning": "Il s'est écoulé [minutes] minutes depuis le début de la session de jeu aux machines à sous. Pendant cette période, vous avez misé un total de [bets]","timeLossLimit.limitReached.loss.error": "Vous avez atteint votre limite max de perte par session. La partie va donc être interrompue. Pendant cette session, vous avez misé un total de [bets] et gagné un total de [wins]","timeLossLimit.limitReached.time.error": "Vous avez atteint votre durée max autorisée par session. La partie va donc être interrompue. Pendant cette session, vous avez misé un total de [bets] et gagné un total de [wins]","timeLossLimit.losslimit.proximity.warning": "Remarque : vous vous approchez de la limite de perte par session","timeLossLimit.sessionsummary": "Votre session actuelle va maintenant prendre fin. Pendant cette session, vous avez misé un total de [bets] et gagné un total de [wins]","timeLossLimit.timelimit.proximity.warning": "Remarque : vous vous approchez de la durée max par session","timeLossLimit.tooHighBet.error": "Impossible de valider votre mise. En cas de perte, vous dépasseriez votre limite de perte par session. Veuillez miser une somme inférieure","timeLossLimitDialog.betLimit.label": "Limite de perte","timeLossLimitDialog.betLimit.value.error.bigThanBalance": "Votre limite de perte est supérieure à votre solde. Veuillez saisir un montant inférieur ou effectuer un dépôt","timeLossLimitDialog.betLimit.value.error.notValid": "Montant non valide. Veuillez ressaisir un montant valide","timeLossLimitDialog.cancelButton.label": "Annuler","timeLossLimitDialog.gamblingNoticeInterval.label": "Intervalle d'avertissement relatif au jeu","timeLossLimitDialog.okButton.label": "OK","timeLossLimitDialog.sessionTimer.label": "Minuteur de session","timeLossLimitDialog.sessionTimer.placeholder": "Toucher pour sélectionner","timeLossLimitDialog.timeLimit.value.error.empty": "Valeur du minuteur de session non valide. Veuillez sélectionner une période valide","timeLossLimitDialog.title": "Limitations des machines à sous","uifeatures.demo.popup": "Essayez gratuitement dès maintenant","uifeatures.real.popup": "Vous jouez maintenant de l'argent réel","ukreg.autoplay.jackpotsinglewinlimit.message": "Jeu automatique interrompu : vous avez décroché le jackpot. Plus de [amount] gagnés","ukreg.autoplay.jackpotwinlimit.message": "Jeu automatique interrompu : vous avez décroché le jackpot.","ukreg.autoplay.losslimit.message": "Jeu auto arrêté : limite de pertes atteinte.","ukreg.autoplay.singlewinlimit.message": "Jeu automatique arrêté : plus de [amount] gagnés.","ukreg.cancelButtonText": "Quitter","ukreg.confirmButtonText": "Confirmer","ukreg.jackPotLabel": "Arrêter le jeu auto en cas d'obtention du jackpot","ukreg.lossLabel": "Arrêter le jeu auto en cas de pertes totales de :","ukreg.lossLimitExceedMessage": "Valeur de limite de pertes trop élevée : Le montant maximum autorisé est de [amount]","ukreg.lossLimitInvalidMessage": "Montant non valide dans le champ de la limite de perte. Veuillez saisir un montant valide.","ukreg.lossLimitLowMessage": "La limite de pertes saisie est trop faible pour démarrer le jeu auto. Veuillez saisir un montant supérieur.","ukreg.singleWinExceedMessage": "Valeur de limite de gain unique trop élevée : Le montant maximum autorisé est de [amount]","ukreg.singleWinInvalidMessage": "Montant non valide dans le champ de limite de gain unique. Veuillez saisir un montant valide.","ukreg.singleWinLabel": "Arrêter sur un gain unique supérieur à :","ukreg.singleWinLowMessage": "Valeur de limite de gain unique trop élevée : Le montant maximum autorisé est de [amount]","ukreg.title": "Jeu responsable : jeu auto","unit.time.10minutes": "10 minutes","unit.time.12hours": "12 heures","unit.time.15minutes": "15 minutes","unit.time.1day": "1 journée","unit.time.1hour": "1 heure","unit.time.1month": "1 mois","unit.time.1week": "1 semaine","unit.time.20minutes": "20 minutes","unit.time.2hours": "2 heures","unit.time.30minutes": "30 minutes","unit.time.40minutes": "40 minutes","unit.time.50minutes": "50 minutes","unit.time.5minutes": "5 minutes","unit.time.60minutes": "60 minutes","unit.time.dimension.day.1": "jour","unit.time.dimension.day.few": "jours","unit.time.dimension.day.other": "jours","unit.time.dimension.hour.1": "heure","unit.time.dimension.hour.few": "heures","unit.time.dimension.hour.other": "heures","unit.time.dimension.minute.1": "minute","unit.time.dimension.minute.few": "minutes","unit.time.dimension.minute.other": "minutes","unit.time.dimension.month.1": "mois","unit.time.dimension.month.few": "mois","unit.time.dimension.month.other": "mois","unit.time.dimension.second.1": "seconde","unit.time.dimension.second.few": "secondes","unit.time.dimension.second.other": "secondes","unit.time.dimension.week.1": "semaine","unit.time.dimension.week.few": "semaines","unit.time.dimension.week.other": "semaines","unsupported.landscape.text": "CE JEU SE JOUE EN MODE PORTRAIT.<br />TOURNEZ VOTRE APPAREIL À LA VERTICALE POUR JOUER.","unsupported.landscape.title": "JOUEZ<br />EN MODE PORTRAIT","unsupported.portrait.text": "CE JEU SE JOUE EN MODE PORTRAIT.<br />TOURNEZ VOTRE APPAREIL À L'HORIZONTALE POUR JOUER.","unsupported.portrait.title": "JOUEZ<br />EN MODE PAYSAGE","update.ie9.browser.checkbox": "Ne plus afficher","update.ie9.browser.message": "Le jeu s'exécute mieux sur la version la plus récente d'Internet Explorer ou de Chrome. <br/>Cliquez ici pour mettre à jour Internet Explorer.","bringMoney.mobilePrimarySpinsCurrency" : "Tours gratuits","italyDesktopGameBonusNotification" : "Vous jouez maintenant avec un bonus de jeu. Cliquez sur le bouton du panneau inférieur pour passer en argent réel.","bringMoney.multiBonusTitle" : "Sélectionnez la quantité de tours gratuits <br/>et de crédits pour le plaisir à utiliser.","desktop.label.freeSpins" : "TOURS GRATUITS","bringMoney.desktopSpinsCurrency" : "TOURS GRATUITS","italyDesktopRealMoneyNotification" : "Vous jouez maintenant en argent réel. Cliquez sur le bouton du panneau inférieur pour passer en bonus de jeu.","multiplayerlobby.avatar": "Avatar","multiplayerlobby.join": "Rejoindre","multiplayerlobby.join.table": "Rejoindre la table","multiplayerlobby.limits": "Limites","multiplayerlobby.my.account": "Mon compte","multiplayerlobby.nickname": "Pseudonyme","multiplayerlobby.player.profile": "Profil du joueur","multiplayerlobby.players": "Joueurs","multiplayerlobby.save": "Arrêt","multiplayerlobby.status": "Statut","multiplayerlobby.table.name": "Nom de la table","multiplayerlobby.timer": "Minuteur","multiplayerlobby.show.country": "Afficher mon pays","message.unexpectedError.501" : "Malheureusement, ce jeu est indisponible en mode Crédits virtuels Veuillez d'abord vous connecter","multiplayerlobby.playerprofile.error.nickname.3" : "Le pseudo doit être inférieur ou égal à 20 caractères","multiplayerlobby.playerprofile.error.nickname.2" : "Le champ Pseudo est obligatoire","multiplayerlobby.playerprofile.error.nickname.4" : "Une erreur s'est produite lors du téléchargement de votre pseudo","multiplayerlobby.playerprofile.error.avatar.2" : "Impossible d'actualiser l'avatar","multiplayerlobby.switch.to.another.game" : "VOULEZ-VOUS VRAIMENT CHANGER DE JEU ?","multiplayerlobby.playerprofile.error.avatar.1" : "Une erreur s'est produite lors du téléchargement de votre avatar","multiplayerlobby.playerprofile.error.status.2" : "Le champ Statut doit être inférieur ou égal à 20 caractères","multiplayerlobby.nickname.update.error" : "Pour modifier votre pseudo, contactez l'administrateur.","multiplayerlobby.playerprofile.error.status.3" : "Une erreur s'est produite lors du téléchargement de votre statut","multiplayerlobby.playerprofile.error.showcountry.2" : "Une erreur s'est produite lors du téléchargement de votre affichage du pays","multiplayerlobby.playerprofile.error.showcountry.1" : "Impossible d'actualiser l'affichage du pays","multiplayerlobby.playerprofile.error.status.1" : "Impossible d'actualiser le statut du joueur","multiplayerlobby.stay" : "Rester","multiplayerlobby.change" : "Changer","multiplayerlobby.join.error.no.nickname": "Vous ne pouvez pas rejoindre la partie sans pseudo","multiplayerlobby.playerprofile.error.nickname.1" : "Veuillez n'utiliser que des chiffres et des lettres","leaderboard.notification.leaderboard.completed": "Classement des meilleurs joueurs Terminé","leaderboard.notification.leaderboard.finished": "Classement des meilleurs joueurs Terminé","leaderboard.notification.leaderboard.cancelled": "Classement annulé","leaderboard.notification.leaderboard.started": "Classement démarré","leaderboard.notification.active": "Actif","leaderboard.notification.starts.in": "DÉBUT DANS"}}