{"texts": {"GAME_CATEGORY_FEATURED": "Uitgelicht","GAME_CATEGORY_LIVE": "Live","GAME_CATEGORY_NEW": "Nieuw","GAME_CATEGORY_POKER": "Poker","GAME_CATEGORY_SCRATCH": "Krasloten","GAME_CATEGORY_SLOTS": "Speelautomaten","GAME_CATEGORY_TABLE_GAMES": "Tafelspellen","GAME_CATEGORY_VIDEO_POKER": "Videopoker","affiliate.button.casino": "Casino","affiliate.button.dl": "Downloaden","blockScreen.close.split": "Schakel Gesplitste weergave uit om door te spelen","blockScreen.doubleTap": "Dubbeltik om het spel op normaal formaat te spelen","blockScreen.singleTap": "Tik op het scherm om het spel te hervatten","blockScreen.swipeDown": "↓ Veeg omlaag ↓","blockScreen.swipeUp": "↑ Veeg omhoog om op volledig scherm te spelen ↑","blockScreen.enterFullscreen": "Tik om op volledig scherm te spelen","bringMoney.aamsCode": "AAMS-sessiecode:","bringMoney.amountPlaceholder": "Extra geld aan de tafel brengen","bringMoney.bring": "Meenemen naar het spel","bringMoney.casinoBalance": "Casinosaldo","bringMoney.failure.message": "Transactie mislukt","bringMoney.fsbTitle": "Kies het aantal gratis rondes<br/>dat u mee wilt nemen naar het spel","bringMoney.notEnough.message": "Uw saldo is onvoldoende","bringMoney.participationCode": "Deelnamecode:","bringMoney.realTitle": "Kies het bedrag aan echt geld<br/>dat u mee wilt nemen naar het spel","bringMoney.ropCode": "De laatste wettelijke deelnamecode is:","bringMoney.ropTimestamp": "Code gecreëerd:","bringMoney.sessionLimit.message": "U kunt niet meer dan {0} brengen per sessie","bringMoney.success.message": "{0} transactie geslaagd","bringMoney.tableBalance": "Spelsaldo:","bringMoney.transactionLimit.message": "U kunt niet meer dan {0} brengen","brokenGames.unfinishedGames": "U heeft niet-voltooide spellen in Casino.","brokenGames.likeToResume": "Wilt u hervatten?","brokenGames.selectGame": "Kies een spel om te hervatten.","desktop.caption.audioSettings": "Geluidsinstellingen","desktop.caption.generalSettings": "Algemene instellingen","desktop.fsb.ButtonText": "Klik hier","desktop.fsb.notificationText": "U heeft gratis rondes! Klik hier om ze nu te gebruiken!","desktop.goldenchip.ButtonText": "Info","desktop.goldenchip.notificationText": "Tik op de gewenste Gouden chip in het vak onderaan de tafel","desktop.goldenchip.v2.notificationText": "U heeft Golden Chips. U kunt Golden Chips alleen gebruiken om ze in te zetten. Ze worden na elke inzetronde afgetrokken van uw winst.","desktop.label.gameSounds": "Spelgeluiden","desktop.label.skipIntro": "Introvideo overslaan","desktop.label.splashScreen": "Welkomstscherm niet meer tonen","desktop.label.volume": "Volume","desktop.loading.gameBy": "SPEL DOOR","desktop.loading.loadingGame": "Spel laden...","desktop.loading.proudlyPresents": "PRESENTEERT MET TROTS","desktop.promotetoreal.continuePlaying": "Doorspelen","desktop.promotetoreal.playForReal": "VOOR ECHT GELD SPELEN","desktop.promotetoreal.text": "U heeft een mooie winstreeks neergezet. Wilt u spelen met echt geld?","desktopGameAdvisor.header": "Wilt u meer spellen vinden?","desktopGameAdvisor.hideButton": "Dit bericht niet meer tonen","desktopGameAdvisor.suggestions": "Probeer dan eens de volgende suggesties","download.installFlashPlayer.linkText": "Adobe.com","download.installFlashPlayer.part1": "Om het casino te starten moet Adobe Flash Player geïnstalleerd zijn op uw systeem.","download.installFlashPlayer.part2.1": "Klik hier om nu naar","download.installFlashPlayer.part2.2": "te gaan.","download.installFlashPlayer.part3": "Zodra u de player geïnstalleerd hebt, start u het casino.","error.id.title": "Onjuiste spel-ID","error.item.unavailable": "Dit item is momenteel helaas niet beschikbaar. Probeer het later opnieuw.","error.malformed.back.url": "Foutieve URL U kunt het spel niet starten","gameAdvisor.header": "Speladviseur","gameAdvisor.hideButton": "tijdelijk verbergen","gameAdvisor.mostPopular": "Meest populair","gameAdvisor.mostPopular_1": "Speelautomaten","gameAdvisor.mostPopular_2": "Tafelspellen","gameAdvisor.mostPopular_3": "Kaartspellen","gameAdvisor.mostPopular_4": "Videopokers","gameAdvisor.mostPopular_5": "Speelhalspellen","gameAdvisor.mostPopular_6": "Progressieve spellen","gameAdvisor.mostPopular_7": "Progressieve spellen","gameAdvisor.newGames": "Nieuwe spellen","gameAdvisor.otherGames": "Overige spellen","gameAdvisor.otherPlayers": "Andere spelers","gameAdvisor.similarGames": "Soortgelijke spellen","gameAdvisor.suggestions": "Probeer de volgende suggesties","gameConfigurationError1": "Zelfuitsluiting","gameConfigurationError2": "Deze functie is helaas niet beschikbaar in dit spel vanwege een configuratieprobleem. <br>Neem contact op met de klantenservice<br> of probeer deze functie in een ander spel.","goldenChip.notification": "IN DIT SPEL ZIJN {count} GOUDEN CHIPS TER WAARDE VAN {amount} BESCHIKBAAR","italyBonusRewards": "Bonusgeld","italyFunBonusCreditsMessage": "Welk soort geld wilt u gebruiken in dit spel?","italyGameBonus": "Bonusgeld","italyGameBonusNotification": "U speelt nu met bonusgeld. Klik op het snelmenu om naar echt geld over te schakelen","italyLowGameBonusBalance": "Het bonusgeldsaldo is te laag om door te spelen in deze stand. Het spel schakelt nu over naar echt geld","italyRealMoney": "Echt geld","italyRealMoneyNotification": "U speelt nu met echt geld. Klik op het snelmenu om naar bonusgeld over te schakelen","label.concession": "Сoncessie","label.extend": "Verlengen","label.extend.for": "%time% minuten","label.forgot": "Bent u uw wachtwoord vergeten?","label.joinNow": "Nu meedoen","label.logIn": "Inloggen","label.logout": "Uitloggen","label.mode.fun": "U SPEELT VOOR OEFENGELD","label.mode.real": "U SPEELT VOOR ECHT GELD","label.notInUse": "Niet in gebruik","label.practice": "Met oefengeld spelen","label.rememberPass": "Wachtwoord herinneren","limits.state.title": "LIMIETEN:","loading.game.title": "Loading<br />","lobbyInGame.categoryName.featured": "Uitgelicht","lobbyInGame.categoryName.jackpots": "Jackpots","lobbyInGame.categoryName.slots": "Speelautomaten","lobbyInGame.categoryName.tableGames": "Tafelspellen","lobbyInGame.title": "Spellen","mainMenu.account": "Mijn account","mainMenu.bank": "Bank","mainMenu.bonusTerms": "Bonusvoorwaarden","mainMenu.bringMoney": "Geld brengen","mainMenu.chat": "Chat","mainMenu.compPoints": "Bonuspunten","mainMenu.deposit": "Storten","mainMenu.depositLimit": "Stortingslimiet","mainMenu.fullScreen": "Volledig scherm","mainMenu.fundsTransfer": "Geld overschrijven","mainMenu.gameVersion": "Spelversie","mainMenu.help": "Hulp","mainMenu.history": "Geschiedenis","mainMenu.inviteFriend": "Vriend uitnodigen","mainMenu.licenseeInfo": "Info licentiehouder","mainMenu.limits": "Limieten","mainMenu.lobby": "Lobby","mainMenu.multiplayerLobby": "Multiplayerlobby","mainMenu.logout": "Uitloggen","mainMenu.options": "Opties","mainMenu.panic": "Paniek","mainMenu.paytable": "Prijzentabel","mainMenu.playForReal": "Voor echt geld spelen","mainMenu.promotions": "Promoties","mainMenu.quickDeposit": "Snel storten","mainMenu.respGaming": "Verantwoord spelen","mainMenu.responsibleGamingApproval": "Verantwoord spelen","mainMenu.responsibleGamingSngc": "Goedgekeurd door SNGC","mainMenu.reverse.withdraw": "Opname terugdraaien","mainMenu.selfExclusion": "Zelfuitsluiting","mainMenu.settings": "Instellingen","mainMenu.share": "Delen","mainMenu.shareRefer": "Vertel een vriend","mainMenu.sound": "Geluid","mainMenu.support": "Klantenservice","mainMenu.timeOut": "Time-out","mainMenu.transactions": "Transacties","mainMenu.withdraw": "Opnemen","menu.main.left.right.hand": "Rechts-/linkshandig","message.autoplayFinished": "Autospel gestopt","message.browserMode": "Weet u zeker dat u wilt overschakelen naar browser-stand? U moet het spel opnieuw laden en het huidige spel blijft niet bewaard","message.button.accept": "Accepteren","message.button.cancel": "Annuleren","message.button.close": "Sluiten","message.button.decline": "Weigeren","message.button.later": "Later","message.button.no": "Nee","message.button.ok": "OK","message.button.play_fun": "Voor oefengeld spelen","message.button.reload": "Opnieuw laden","message.button.relogin": "Opnieuw","message.button.update": "Update","message.button.yes": "Ja","message.button.resume": "Hervatten","message.connError": "Verbinding met server kon niet gelegd worden. Probeer het later opnieuw. Het spel wordt geladen in oefenmodus","message.connectionLost": "Er heeft zich helaas een probleem met de netwerkverbinding voorgedaan.<br/>Probeer het spel opnieuw te laden of kies een ander spel.","message.exit": "Bedankt voor het spelen bij [casinoname] Casino!<br/>Weet u zeker dat u wilt stoppen?","message.fsbError": "Gratis ronde momenteel niet beschikbaar Probeer het later opnieuw","message.gameNotLoaded": "Het spel kan niet worden geladen. Probeer nogmaals of kies een ander spel. Neem contact op met onze klantenservice als dit probleem mocht aanhouden.","message.incorrectUser": "Ongeldige gebruikersnaam of wachtwoord ingevoerd. Controleer uw gegevens en probeer het opnieuw","message.insufDep": "Onvoldoende saldo. Wilt u een storting doen?","message.insufReal": "Onvoldoende saldo. Wilt u spelen met echt geld?","message.insufTable": "Onvoldoende saldo. Wilt u extra geld aan tafel brengen?","message.loggedOut": "U bent uitgelogd. Neem contact op met de klantenservice als u niet opnieuw kunt inloggen.","message.login.failed": "Inloggen mislukt. We sturen u door naar de lobby.","message.login.retry": "Kan niet inloggen","message.loginError": "Sessie verlopen. Log opnieuw in","message.needLogin": "Log in bij de lobby om voor echt geld te spelen.","message.sessionClosed": "Sessie verlopen: u keert terug naar de lobby.","message.networkError": "Er heeft zich een netwerkfout voorgedaan. Het spel wordt nu gesloten.","message.shutdownNotification": "Het systeem wordt momenteel onderhouden. Uw verbinding wordt verbroken over {timeLeft} minuten. Log weer in bij het casino om door te spelen.","message.panicMessage": "Weet u zeker dat u zichzelf wilt uitsluiten voor de komende 12 uur?","message.reconnect": "Verbinding verbroken. Wordt nu hersteld...","message.selectGame": "Selecteer een spel om de bonus te gebruiken","message.server.disconnect": "Verbinding met server verbroken. Het spel wordt geladen in oefenmodus.","message.single.session": "Het spel is met deze gebruiker al op een andere apparaat geopend","message.spinError": "Fout tijdens spelronde. Probeer het opnieuw.","message.termsAndConditions": "Algemene voorwaarden","mg.label.balance": "SALDO","mg.label.demo": "DEMO","mini.caption.settings": "Instellingen","mini.label.disableWarnings": "Waarschuwingen uitschakelen","mini.label.volume": "VOLUME","nickname.error": "Kies een andere bijnaam.","nickname.message": "Welkom! <br>Kies uw bijnaam voor in het casino!","nickname.note": "Let op: als u uw bijnaam wilt wijzigen, neemt u contact op met de klantenservice.","notification.installChrome": "For the best experience use the Chrome browser, <br/> tap <a href=\"{0}\" > here to launch </a> the game in Chrome","notification.updateChrome": "Update your old Chrome browser to the latest version, <br/> tap <a href=\"{0}\" > here to update </a> it","promotionsTitle": "Promoties","quickMenu.inGameLobby": "","quickMenu.notification.freeSpin": "[count] GRATIS RONDES BESCHIKBAAR IN DIT SPEL","quickMenu.notification.promoGadget": "NIEUWE PROMOTIES BESCHIKBAAR","quickMenu.promoGadget": "","realitycheck.message.button.continue": "Doorgaan","realitycheck.message.button.stop": "Stop","servererror10": "Deze bijnaam wordt momenteel gebruikt door een andere speler.<br>Voer een andere bijnaam in en probeer het opnieuw.","servererror1018": "U kunt maar op één netwerk tegelijk spelen. Sluit alle spellen af en verlaat eventuele wachtlijsten alvorens naar een ander netwerk te gaan.","servererror104": "Uw sessie is ongeldig","servererror108": "Onvoldoende saldo voor de gewenste inzet. Plaats een lagere inzet of bezoek de <u><a href=\"htcmd:switchtogame?code=cashier\">Kassier</a></u> om te storten.","servererror178": "Inloggen mislukt. We sturen u door naar de lobby.","servererror113": "Vanwege technische problemen kunnen we deze ronde momenteel niet voltooien.<br>Zodra het probleem verholpen is, kunt u dit spel afspelen of het resultaat bekijken in de spelgeschiedenis.<br>Neem voor nadere assistentie contact op met de klantenservice, op [supportemail].<br>Onze verontschuldiging voor enig ongemak.","servererror13": "De progressieve jackpot-server reageert momenteel helaas niet.<br>Probeer het later opnieuw.<br>Speel intussen een van onze reguliere spellen.","servererror147": "U moet het niet voltooide spel afmaken voordat u een nieuw spel kunt starten.","servererror15": "Het klantenserviceteam is momenteel helaas niet beschikbaar.<br>Probeer het over een aantal minuten opnieuw.<br>Onze verontschuldiging voor enig ongemak.","servererror16": "De dealer is momenteel weg van de tafel. Probeer een van onze andere tafels.","servererror17": "Er is helaas geen antwoord van de spelserver.<br>Als het probleem zich blijft voordoen, moet u wellicht doorgaan in de offline-modus.<br>Neem voor nadere assistentie contact op met de klantenservice, op [supportemail].<br>Onze verontschuldiging voor enig ongemak.","servererror204": "De dealer is niet aan tafel.","servererror233": "Uw inzet voor deze spelronde is niet bevestigd vanwege problemen met uw internetverbinding. Probeer het opnieuw tijdens de volgende spelronde. Als het probleem zich blijft voordoen, moet u wellicht contact opnemen met uw internetprovider voor nadere ondersteuning.","servererror27": "Er heeft zich een interne synchronisatiefout voorgedaan. Neem voor nadere assistentie contact op met de klantenservice, op [supportemail].<br>Onze verontschuldiging voor enig ongemak.","servererror28": "Het spel is momenteel gesloten. Probeer een van onze andere spellen.","servererror29": "U kunt niet tweemaal aanschuiven aan dezelfde live speeltafel.","servererror31": "Vanwege een communicatieprobleem is uw inzet niet tijdig geregistreerd. Sluit het spelvenster en start het spel opnieuw. Om dit probleem in de toekomst te voltooien kunt uw inzet het beste bevestigen zodra de spelronde begint.","servererror33": "U heeft onvoldoende echt geld om deze fooi te plaatsen.","servererror332": "U probeert meer stoelen te bezetten dan is toegestaan.","servererror334": "Deze tafel is verboden volgens de Italiaanse wetgeving. Probeer een van onze andere spellen.","servererror35": "De extra inzet voor de progressieve jackpot kon niet geplaatst worden. Neem voor nadere assistentie contact op met de klantenservice, op [supportemail].","servererror4": "Deze speeltafel is momenteel vol.<br>Probeer het later opnieuw of probeer onze andere tafels.","servererror522": "Het veld '<b>Wachtwoord verifiëren</b>' komt niet overeen met het wachtwoord.<br>Voer het veld '<b>Wachtwoord verifiëren</b>' opnieuw in.","servererror57": "Technische fout. Al uw inzetten zijn terugbetaald.","servererror586": "De minimale sterkte voor uw wachtwoord is 'Erg zwak': het moet bestaan uit minimaal 8 tekens.","servererror587": "De minimale sterkte voor uw wachtwoord is 'Zwak': het moet bestaan uit minimaal 8 tekens en zowel kleine letters als hoofdletters bevatten.","servererror588": "De minimale sterkte voor uw wachtwoord is 'Gemiddeld': het moet bestaan uit minimaal 8 tekens, zowel kleine letters als hoofdletters bevatten en minimaal één cijfer bevatten.","servererror589": "De minimale sterkte voor uw wachtwoord is 'Sterk': het moet bestaan uit minimaal 8 tekens, zowel kleine letters als hoofdletters bevatten en minimaal één cijfer en één speciaal teken bevatten.","servererror590": "De minimale sterkte voor uw wachtwoord is 'Sterkst': het moet bestaan uit minimaal 12 tekens, zowel kleine letters als hoofdletters bevatten en minimaal één cijfer en één speciaal teken bevatten.","servererror6": "Er is helaas geen antwoord van de spelserver.<br>Neem voor nadere assistentie contact op met de klantenservice, op [supportemail].<br>Onze verontschuldiging voor enig ongemak.","servererror610": "Het spel is momenteel niet beschikbaar. Probeer een van onze andere spellen.","servererror615": "Progressieve spellen zijn uitsluitend beschikbaar wanneer u met echt geld speelt.","servererror616": "Deze stoel is al bezet door een andere speler. Kies een vrije stoel.","servererror630": "Vanwege technische problemen hebben we deze ronde niet kunnen voltooien.<br>U wordt op de hoogte gesteld wanneer het probleem is opgelost, en uw saldo wordt dienovereenkomstig aangepast.","servererror644": "Deze functie is momenteel helaas niet beschikbaar","servererror647": "Uw inzet is helaas niet geaccepteerd. Neem voor nadere assistentie contact op met de klantenservice, op [supportemail].","servererror650": "Dit spel kan maar in één sessie tegelijk gespeeld worden. Sluit het actieve spel om een nieuwe tafel te openen.","servererror680": "U heeft een niet voltooid spel in een eerdere sessie van een spelstand die momenteel niet ondersteund wordt. Neem voor nadere ondersteuning contact op met de klantenservice. Onze verontschuldiging voor enig ongemak.","servererror681": "Uw nieuwe wachtwoord moet anders zijn dan uw oude wachtwoord.<br>Voer een ander wachtwoord in en probeer het opnieuw.","servererror700": "[casino] heeft het maximumaantal gelijktijdige interne spelers bereikt.","servererror701": "De maximale inzetlimiet voor interne spelers in [casino] is overschreden.","servererror720": "Voor dit spel kan maar één sessie tegelijk actief zijn.","servererror801": "U bekijkt deze tafel al.","servererror802": "Helaas, voor deze tafel is het maximumaantal toeschouwers bereikt. Uw verbinding met deze tafel wordt nu verbroken.","servererror803": "Deze tafel is momenteel vol. Uw verbinding met deze tafel wordt nu verbroken.","servererror804": "Deze tafel is helaas niet beschikbaar. Kies een andere tafel.","servererror805": "Ronde is niet actief.","servererror806": "Ongeldige actie.","servererror807": "U kunt helaas niet naar die tafel gaan, want de inzetlimieten zijn niet beschikbaar voor u.","servererror808": "Duplicaatinzet.","servererror809": "Het maximumaantal rondes dat u inactief kunt zijn is bereikt. Uw verbinding met deze tafel wordt nu verbroken.","servererror810": "Het maximumaantal rondes waarbij u toeschouwer kunt zijn is bereikt. Uw verbinding met deze tafel wordt nu verbroken.","servererror811": "U kunt niet twee keer dezelfde tafel openen.","servererror812": "U bent toeschouwer.","servererror813": "Deze stoel is al bezet door een andere speler. Kies een vrije stoel.","servererror814": "Niet bevestigde inzetten worden van tafel verwijderd.","servererror815": "Deze tafel wordt helaas gesloten. Kies een andere tafel.","servererror816": "Er zitten geen spelers aan deze tafel. De tafel wordt over [1] seconden gesloten.","servererror817": "Deze tafel is helaas gesloten. Kies een andere tafel.","servererror818": "Actief spel niet gevonden.","servererror819": "U heeft geen toestemming om naar deze tafel te gaan.","servererror820": "De eindtijd voor deze tafel is bereikt en de tafel is gesloten.","servererror821": "Onjuiste uitnodigingscode. Controleer uw uitnodigingscode.","servererror822": "De ingevoerde tafelnaam bevat woorden die niet toegestaan zijn. Voer een andere tafelnaam in.","servererror823": "De tafelnaam moet tussen 1 en 30 tekens lang zijn en mag alleen letters, cijfers en spaties bevatten.","servererror824": "U kunt geen tafels meer creëren omdat u al drie besloten groepstafels gecreëerd heeft die momenteel open zijn.","servererror825": "De ingevoerde tafelnaam wordt al gebruikt. Voer een andere tafelnaam in.","servererror826": "De besloten groep-sjabloon is gesloten. Kies een andere sjabloon.","servererror827": "Het ingevoerde wachtwoord bevat woorden die niet toegestaan zijn. Voer een ander wachtwoord in.","servererror828": "De uitnodigingscode moet tussen 1 en 10 tekens lang zijn en mag alleen letters en cijfers bevatten.","servererror832": "U kunt niet naar een tafel gaan met dezelfde totale inzet.","servererror9": "Kies een andere bijnaam.","setSelfExclusionDialog.cancelButton": "Annuleren","setSelfExclusionDialog.header": "Zelfuitsluiting","setSelfExclusionDialog.okButton": "Toepassen","setSelfExclusionDialog.periodRestrictionLabel": "Activeer zelfuitsluiting","sky.error.undefined": "Er heeft zich een spelfout voorgedaan! U keert terug naar de lobby.","sound.popup.dontShowMeAgain": "Laat me dit niet meer zien","sound.popup.text": "Wilt u met geluid spelen?","timeLossLimit.gambling.closeGame.button": "Einde","timeLossLimit.gambling.ignore.button": "Doorgaan","timeLossLimit.gambling.warning": "U speelt nu [minutes] minuten sinds het begin van de speelautomatensessie. Gedurende deze periode heeft u in totaal [bets] ingezet","timeLossLimit.limitReached.loss.error": "U heeft het maximale sessieverlies bereikt. Uw spel wordt nu afgesloten. Gedurende deze sessie heeft u in totaal [bets] ingezet en [wins] gewonnen","timeLossLimit.limitReached.time.error": "U heeft de maximale sessielengte bereikt. Uw spel wordt nu afgesloten. Gedurende deze sessie heeft u in totaal [bets] ingezet en [wins] gewonnen","timeLossLimit.losslimit.proximity.warning": "Let op: u bereikt uw verlieslimiet voor deze sessie","timeLossLimit.sessionsummary": "Uw huidige spelsessie wordt nu beëindigd. Gedurende deze sessie heeft u in totaal [bets] ingezet en [wins] gewonnen","timeLossLimit.timelimit.proximity.warning": "Let op: u bereikt uw tijdslimiet voor deze sessie","timeLossLimit.tooHighBet.error": "Uw inzet kon niet geaccepteerd worden omdat uw verlieslimiet per sessie overschreden zou kunnen worden. Plaats een lagere inzet","timeLossLimitDialog.betLimit.label": "Verlieslimiet","timeLossLimitDialog.betLimit.value.error": "Ongeldig bedrag Vul een geldig bedrag in","timeLossLimitDialog.betLimit.value.error.bigThanBalance": "Uw verlieslimiet is hoger dan uw huidige saldo. Verlaag het bedrag of doe een storting.","timeLossLimitDialog.betLimit.value.error.notValid": "Ongeldig bedrag Vul nogmaals een geldig bedrag in","timeLossLimitDialog.cancelButton.label": "Annuleren","timeLossLimitDialog.gamblingNoticeInterval.label": "Gokmelding interval","timeLossLimitDialog.okButton.label": "Ok","timeLossLimitDialog.sessionTimer.label": "Sessietimer","timeLossLimitDialog.sessionTimer.placeholder": "Tik om te selecteren","timeLossLimitDialog.timeLimit.value.error.empty": "Ongeldige waarde sessietimer. Kies een geldige termijn","timeLossLimitDialog.title": "Beperkingen speelautomaten","uifeatures.demo.popup": "Probeer het nu gratis","uifeatures.real.popup": "U speelt nu voor echt geld","ukreg.autoplay.jackpotsinglewinlimit.message": "Autospel gestopt: jackpot gewonnen. Meer dan [amount] gewonnen","ukreg.autoplay.jackpotwinlimit.message": "Autospel gestopt: jackpot gewonnen.","ukreg.autoplay.losslimit.message": "Autospel gestopt: verlieslimiet bereikt.","ukreg.autoplay.singlewinlimit.message": "Autospel gestopt: meer dan [amount] gewonnen.","ukreg.cancelButtonText": "Sluiten","ukreg.confirmButtonText": "Bevestigen","ukreg.jackPotLabel": "Stop autospel bij een jackpotwinst","ukreg.lossLabel": "Stop autospel bij een totaalverlies van:","ukreg.lossLimitExceedMessage": "Te hoge verlieslimiet: Het maximaal toegestane bedrag is [amount]","ukreg.lossLimitInvalidMessage": "Ongeldig bedrag in het veld verlieslimiet. Vul een geldig bedrag in.","ukreg.lossLimitLowMessage": "De ingevoerde verlieslimiet is te laag om autospel te starten. Voer een hoger bedrag in.","ukreg.singleWinExceedMessage": "Te hoge limiet enkele winst: Het maximaal toegestane bedrag is [amount]","ukreg.singleWinInvalidMessage": "Ongeldig bedrag in het veld enkele winst. Vul een geldig bedrag in.","ukreg.singleWinLabel": "Stop bij een enkele winst van meer dan:","ukreg.singleWinLowMessage": "Te hoge limiet enkele winst: Het maximaal toegestane bedrag is [amount]","ukreg.title": "Verantwoord spelen - Autospel","unit.time.10minutes": "10 minuten","unit.time.12hours": "12 uur","unit.time.15minutes": "15 minuten","unit.time.1day": "1 dag","unit.time.1hour": "1 uur","unit.time.1month": "1 maand","unit.time.1week": "1 week","unit.time.20minutes": "20 minuten","unit.time.2hours": "2 uur","unit.time.30minutes": "30 minuten","unit.time.40minutes": "40 minuten","unit.time.50minutes": "50 minuten","unit.time.5minutes": "5 minuten","unit.time.60minutes": "60 minuten","unit.time.dimension.day.1": "dag","unit.time.dimension.day.few": "dagen","unit.time.dimension.day.other": "dagen","unit.time.dimension.hour.1": "uur","unit.time.dimension.hour.few": "uur","unit.time.dimension.hour.other": "uur","unit.time.dimension.minute.1": "minuut","unit.time.dimension.minute.few": "minuuten","unit.time.dimension.minute.other": "minuuten","unit.time.dimension.month.1": "maand","unit.time.dimension.month.few": "maanden","unit.time.dimension.month.other": "maanden","unit.time.dimension.second.1": "seconde","unit.time.dimension.second.few": "seconden","unit.time.dimension.second.other": "seconden","unit.time.dimension.week.1": "week","unit.time.dimension.week.few": "weeken","unit.time.dimension.week.other": "weeken","unsupported.landscape.text": "HET SPEL IS ONTWORPEN OM VERTICAAL GESPEELD TE WORDEN <br />DRAAI HET APPARAAT VERTICAAL OM TE SPELEN","unsupported.landscape.title": "SPEEL <br />VERTICAAL","unsupported.portrait.text": "HET SPEL IS ONTWORPEN OM HORIZONTAAL GESPEELD TE WORDEN <br />DRAAI HET APPARAAT HORIZONTAAL OM TE SPELEN","unsupported.portrait.title": "SPEEL <br />HORIZONTAAL","update.ie9.browser.checkbox": "Laat me dit niet meer zie","update.ie9.browser.message": "Het spel draait beter op de nieuwste versie van Internet Explorer of Chrome. <br/>Klik hier om Internet Explorer bij te werken.","bringMoney.mobilePrimarySpinsCurrency" : "Gratis rondes","italyDesktopGameBonusNotification" : "U speelt nu met spelbonus. Klik op de knop in het onderste paneel om met echt geld te spelen.","bringMoney.multiBonusTitle" : "Kies het aantal gratis rondes<br/>en plezier-credits dat u mee wilt nemen naar het spel","desktop.label.freeSpins" : "GRATIS RONDES","bringMoney.desktopSpinsCurrency" : "GRATIS RONDES","italyDesktopRealMoneyNotification" : "U speelt nu met echt geld. Klik op de knop in het onderste paneel om met spelbonus te spelen","multiplayerlobby.avatar": "Avatar","multiplayerlobby.join": "Meedoen","multiplayerlobby.join.table": "Naar tafel","multiplayerlobby.limits": "Limieten","multiplayerlobby.my.account": "Mijn account","multiplayerlobby.nickname": "Schermnaam","multiplayerlobby.player.profile": "Spelerprofiel","multiplayerlobby.players": "Spelers","multiplayerlobby.save": "Stoppen","multiplayerlobby.status": "Status","multiplayerlobby.table.name": "Naam tafel","multiplayerlobby.timer": "Timer","multiplayerlobby.show.country": "Toon Mijn land","message.unexpectedError.501" : "Dit spel is helaas niet beschikbaar in oefenmodus. Log allereerst in.","multiplayerlobby.playerprofile.error.nickname.3" : "Het veld Bijnaam mag niet langer zijn dan 20 tekens","multiplayerlobby.playerprofile.error.nickname.2" : "U moet het veld Bijnaam invullen","multiplayerlobby.playerprofile.error.nickname.4" : "Er ging iets fout bij het downloaden van uw bijnaam","multiplayerlobby.playerprofile.error.avatar.2" : "Kan avatar niet bijwerken","multiplayerlobby.switch.to.another.game" : "WEET U ZEKER DAT U EEN ANDER SPEL WILT SPELEN?","multiplayerlobby.playerprofile.error.avatar.1" : "Er ging iets fout bij het downloaden van uw avatar","multiplayerlobby.playerprofile.error.status.2" : "Het veld Status mag niet langer zijn dan 20 tekens","multiplayerlobby.nickname.update.error" : "Als u uw bijnaam wilt wijzigen, neemt u contact op met de administrator.","multiplayerlobby.playerprofile.error.status.3" : "Er ging iets fout bij het downloaden van uw status","multiplayerlobby.playerprofile.error.showcountry.2" : "Er ging iets fout bij het downloaden van uw te tonen land","multiplayerlobby.playerprofile.error.showcountry.1" : "Kan te tonen land niet bijwerken","multiplayerlobby.playerprofile.error.status.1" : "Kan spelersstatus niet bijwerken","multiplayerlobby.stay" : "Blijven","multiplayerlobby.change" : "Wijzigen","multiplayerlobby.join.error.no.nickname": "Sorry, zonder bijnaam kunt u niet meedoen met het spel","multiplayerlobby.playerprofile.error.nickname.1" : "Gebruik alleen letters en cijfers","leaderboard.notification.leaderboard.completed": "Leaderboard voltooid","leaderboard.notification.leaderboard.finished": "Leaderboard voltooid","leaderboard.notification.leaderboard.cancelled": "Leaderboard geannuleerd","leaderboard.notification.leaderboard.started": "Leaderboard gestart","leaderboard.notification.active": "Actief","leaderboard.notification.starts.in": "BEGINT OVER"}
}