{"texts": {"GAME_CATEGORY_FEATURED": "Istaknuto","GAME_CATEGORY_LIVE": "Uživo","GAME_CATEGORY_NEW": "Novo","GAME_CATEGORY_POKER": "Poker","GAME_CATEGORY_SCRATCH": "Zagrebi","GAME_CATEGORY_SLOTS": "Slot aparati","GAME_CATEGORY_TABLE_GAMES": "Igre na stolovima","GAME_CATEGORY_VIDEO_POKER": "Video poker","affiliate.button.casino": "Casino","affiliate.button.dl": "Preuzimanje","blockScreen.close.split": "Isključite podijeljeni prikaz za nastavak igre","blockScreen.doubleTap": "Dodirnite dvaput za igranje na normalnoj veličini.","blockScreen.singleTap": "Dodirnite zaslon za nastavak igre","blockScreen.swipeDown": "↓ Povucite dolje ↓","blockScreen.swipeUp": "↑ Povucite gore za igranje na čitavom zaslonu. ↑","blockScreen.enterFullscreen": "Dodirnite za igru na cijelom zaslonu","bringMoney.aamsCode": "Kod AAMS sesije:","bringMoney.back": "Natrag","bringMoney.bring": "Donesi u igru","bringMoney.casinoBalance": "Vaš saldo iznosi:","bringMoney.confirm": "Potvrdi","bringMoney.credits": "Bodovi","bringMoney.desktopBonusTitle": "Odaberite iznos bodova za zabavu<br/>koje ćete unijeti u igru","bringMoney.desktopSpinsCurrency": "BESPLATNA OKRETANJA","bringMoney.failure.message": "Prijenos neuspješan","bringMoney.fsbTitle": "Odaberite broj Besplatnih okretanja<br/>koje ćete unijeti u igru","bringMoney.mobileBonusTitle": "Odaberite iznos Bonus bodova<br/>koje ćete unijeti u igru","bringMoney.mobileMultiBonusTitle2": "Odaberite iznos bodova za zabavu<br/>koje ćete unijeti u igru","bringMoney.mobilePrimarySpinsCurrency": "Besplatna Okretanja","bringMoney.mobileSecondarySpinsCurrency": "OKRETANJA","bringMoney.multiBonusTitle": "Odaberite broj besplatnih okretanja<br/>i bodova za zabavu koje ćete unijeti u igru","bringMoney.next": "Sljedeće","bringMoney.notEnough.message": "Nemate dovoljno sredstava na saldu","bringMoney.participationCode": "Kod za sudjelovanje:","bringMoney.realTitle": "Odaberite iznos pravog novca<br/>koji ćete unijeti u igru","bringMoney.ropCode": "Posljednji kod za legalno sudjelovanje je:","bringMoney.ropTimestamp": "Kod kreiran:","bringMoney.sessionLimit.message": "Ne možete unijeti više od {0} u jednoj sesiji","bringMoney.success.message": "Prijenos je uspio<br/>Vaš kod za sudjelovanje u ovoj sesiji je: {0}","bringMoney.tableBalance": "Već uneseno u igru:","bringMoney.transactionLimit.message": "Ne možete unijeti više od {0}","brokenGames.unfinishedGames": "Imate nedovršenih igara u Casinu.","brokenGames.likeToResume": "Želite li nastaviti?","brokenGames.selectGame": "Odaberite igru za nastavak.","csreg.timer.label": "Igranje izaziva ovisnost","desktop.caption.audioSettings": "Postavke zvuka","desktop.caption.generalSettings": "Opće postavke","desktop.fsb.ButtonText": "Kliknite ovdje","desktop.fsb.notificationText": "Imate besplatnih okretanja!\nKliknite ovdje da ih iskoristite sada!","desktop.goldenchip.ButtonText": "Informacije","desktop.goldenchip.notificationText": "Dodirnite za odabir Zlatnog žetona s pladnja Zlatni žeton na dnu stola","desktop.goldenchip.v2.notificationText": "Imate dostupnih Zlatnih žetona. Zlatni žetoni služe samo za oklade i nakon svakog će se kruga odbiti od vaših dobitaka","desktop.label.freeSpins": "BESPLATNA OKRETANJA","desktop.label.gameSounds": "Zvukovi igre","desktop.label.skipIntro": "Preskoči uvodni video","desktop.label.splashScreen": "Ne prikazuj pozdravni zaslon","desktop.label.volume": "Glasnoća","desktop.loading.gameBy": "AUTOR IGRE","desktop.loading.loadingGame": "Učitavanje igre...","desktop.loading.proudlyPresents": "S PONOSOM PREDSTAVLJA","desktop.promotetoreal.continuePlaying": "Nastavi igrati","desktop.promotetoreal.playForReal": "Prava igra","desktop.promotetoreal.text": "Čini se da su vas krenuli dobici. Želite li igrati za pravi novac?","desktopGameAdvisor.header": "Trebate pomoć u pronalasku više igara?","desktopGameAdvisor.hideButton": "Ne prikazuj više ovu poruku","desktopGameAdvisor.suggestions": "Provjerite sljedeće prijedloge","download.installFlashPlayer.linkText": "Adobe.com","download.installFlashPlayer.part1": "Za pokretanje casina morate imati instaliran Adobe Flash Player na sustavu.","download.installFlashPlayer.part2.1": "Kliknite ovdje za posjet","download.installFlashPlayer.part2.2": "sada.","download.installFlashPlayer.part3": "Ponovno pokrenite casino nakon instalacije reproduktora.","error.id.title": "Netočan ID igre","error.item.unavailable": "Nažalost, ovaj je odabir trenutno nedostupan. Molimo Vas da pokušate kasnije.","error.malformed.back.url": "Pogrešno formiran povratni URL. Ne možete započeti igru","gameAdvisor.header": "Savjetnik igre","gameAdvisor.hideButton": "sakrij privremeno","gameAdvisor.mostPopular": "Najpopularnije","gameAdvisor.mostPopular_1": "Slot Aparati","gameAdvisor.mostPopular_2": "Igre na Stolovima","gameAdvisor.mostPopular_3": "Igre s Kartama","gameAdvisor.mostPopular_4": "Video Pokeri","gameAdvisor.mostPopular_5": "Arkadne Igre","gameAdvisor.mostPopular_6": "Progresivne Igre","gameAdvisor.mostPopular_7": "Progresivne Igre","gameAdvisor.newGames": "Nove Igre","gameAdvisor.otherGames": "Druge Igre","gameAdvisor.otherPlayers": "Drugi Igrači","gameAdvisor.similarGames": "Slične Igre","gameAdvisor.suggestions": "Provjerite sljedeće prijedloge","gameConfigurationError1": "Nažalost, ova igra ima problem u konfiguraciji. Bit ćete preusmjereni u predvorje. <br>Kontaktirajte Službu za korisnike<br> ili pokušajte s drugom igrom.","gameConfigurationError2": "Nažalost, ova je značajka u ovoj igri nedostupna zbog problema u konfiguraciji. <br>Kontaktirajte Službu za korisnike<br> ili iskušajte značajku s drugom igrom.","goldenChip.notification": "{count} ZLATNIH ŽETONA VRIJEDNOSTI {iznos} DOSTUPNO JE U OVOJ IGRI","italyBonusRewards": "Bonus Igre","italyDesktopGameBonusNotification": "Sada igrate za bonus igre. Kliknite gumb na donjoj ploči za prebacivanje na pravi novac","italyDesktopRealMoneyNotification": "Sada igrate za pravi novac. Kliknite gumb na donjoj ploči za prebacivanje na bonus igre","italyFSB": "Besplatna Okretanja","italyFunBonusCreditsMessage": "Kakve bodove želite<br/>koristiti u ovoj igri?","italyGameBonus": "Bonus Igre","italyGameBonusNotification": "Sada igrate bonusom igre, kliknite brzi izbornik za prelazak na pravu igru","italyLowGameBonusBalance": "Vaš saldo Bonusa igre prenizak je za nastavak igranja u ovom načinu igre. Igra će se prebaciti na Pravi novac","italyRealMoney": "Pravi Novac","italyRealMoneyNotification": "Sada igrate pravim novcem, kliknite brzi izbornik za prelazak na bonus igre","label.addMoreMoney": "Dodaj još Novca","label.balance": "saldo","label.concession": "Koncesija","label.extend": "Proširi","label.extend.for": "Produlji za %time% minuta","label.forgot": "Zaboravili ste lozinku?","label.joinNow": "Priključi se Odmah","label.logIn": "Prijava","label.logout": "Odjava","label.mode.fun": "IGRA ZA ZABAVU","label.mode.real": "PRAVA IGRA","label.notInUse": "Ne koristi se","label.practice": "Igrajte u načinu za vježbu","label.rememberPass": "Upamti Lozinku","licenseeInfo.message": "Uzorak","limits.state.title": "OGRANIČENJA:","loading.game.title": "Učitavanje<br />","lobbyInGame.categoryName.featured": "Istaknuto","lobbyInGame.categoryName.jackpots": "Jackpoti","lobbyInGame.categoryName.slots": "Slot Aparati","lobbyInGame.categoryName.tableGames": "Igre na Stolovima","lobbyInGame.title": "Igre","mainMenu.account": "Moj Račun","mainMenu.bank": "Banka","mainMenu.bonusTerms": "Bonus Odredbe","mainMenu.bringMoney": "Donesi Novac","mainMenu.chat": "Razgovor","mainMenu.compPoints": "Bodovi Vjernosti","mainMenu.deposit": "Uplata","mainMenu.depositLimit": "Ograničenje pologa","mainMenu.fullScreen": "Cijeli zaslon","mainMenu.fundsTransfer": "Prenesi sredstva","mainMenu.help": "Pomoć","mainMenu.history": "Povijest","mainMenu.inviteFriend": "Pozovi Prijatelja","mainMenu.licenseeInfo": "Podaci o korisniku licencije","mainMenu.limits": "Ograničenja","mainMenu.lobby": "Predvorje","mainMenu.multiplayerLobby": "Predvorje za igre s više igrača","mainMenu.logout": "Odjava","mainMenu.options": "Mogućnosti","mainMenu.panic": "Panika","mainMenu.paytable": "Tablica Isplata","mainMenu.playForReal": "Prava Igra","mainMenu.promotions": "Promocije","mainMenu.promptTempToken": "Zatraži privremeni token","mainMenu.quickDeposit": "Brza Uplata","mainMenu.respGaming": "Odgovorno Nigranje","mainMenu.responsibleGamingApproval": "Odgovorno Nigranje","mainMenu.responsibleGamingSngc": "Odobrio SNGC","mainMenu.reverse.withdraw": "Otkazivanje Isplate","mainMenu.selfExclusion": "Samoisključenje","mainMenu.settings": "Postavke","mainMenu.share": "Podijeli","mainMenu.shareRefer": "Preporuči prijatelju","mainMenu.sound": "Zvuk","mainMenu.support": "Podrška","mainMenu.timeOut": "Predah","mainMenu.transactions": "Transakcije","mainMenu.withdraw": "Isplata","menu.main.left.right.hand": "Lijeva/desna ruka","message.autoplayFinished": "Automatska Igra Zaustavljena","message.browserMode": "Jeste li sigurni da se želite prebaciti u način preglednika, to će zahtijevati ponovno učitavanje igre, a trenutna igra neće biti spremljena","message.button.accept": "Prihvati","message.button.cancel": "Otkaži","message.button.close": "Zatvaranje","message.button.decline": "Odbaci","message.button.later": "Kasnije","message.button.no": "Ne","message.button.ok": "U redu","message.button.play_fun": "Igra za zabavu","message.button.reload": "Učitaj iznova","message.button.relogin": "Pokušaj iznova","message.button.update": "Ažuriraj","message.button.yes": "Da","message.button.resume": "Nastavi","message.connError": "Neuspjelo povezivanje na poslužitelj. Pokušajte iznova kasnije. Igra će se učitati u Načinu za zabavu.","message.connectionLost": "Nažalost, došlo je do problema s mrežnom vezom.<br/>Pokušajte iznova učitati igru ili odaberite drugu.","message.exit": "Hvala što ste igrali u [casinoname] Casino!<br/>Želite li zaista izaći?","message.fsbError": "Besplatno okretanje trenutno nije dostupno. Molimo Vas da pokušate kasnije","message.gameNotLoaded": "Igra se ne učitava. Pokušajte iznova ili odaberite drugu igru. Ukoliko se problem nastavi, kontaktirajte našu službu za korisnike","message.incorrectUser": "Uneseno netočno korisničko ime ili lozinka. Provjerite svoje podatke o računu i pokušajte iznova.","message.insufDep": "Nedovoljan saldo. Želite li položiti sredstva?","message.insufDl": "Nedovoljan saldo. Molimo postavite niži iznos uloga.","message.insufReal": "Nedovoljan saldo. Želite li igrati za pravi novac?","message.insufTable": "Nedovoljan saldo. Želite li donijeti dodatni novac za stol?","message.loggedOut": "Odjavljeni ste","message.login.failed": "Neuspješna prijava. Preusmjerit ćemo vas u predvorje.","message.login.retry": "Prijava nije moguća","message.loginError": "Sesija je istekla, prijavite se iznova.","message.needLogin": "Prijavite se u predvorje kako biste igrali za pravi novac","message.sessionClosed": "Sesija je istekla: bit ćete preusmjereni u predvorje.","message.networkError": "Došlo je do greške na mreži. Igra će biti zatvorena.","message.shutdownNotification": "U tijeku je održavanje sustava. Bit ćete odspojeni za {timeLeft} minuta. Ponovno se prijavite u casino za nastavak igre.","message.panicMessage": "Jeste li sigurni da se želite samoisključiti tijekom narednih 12 sati?","message.reconnect": "Prekid veze, ponovno povezivanje","message.selectGame": "Odaberite igru za korištenje bonusa","message.server.disconnect": "Prekid veze s poslužiteljem. Igra će se učitati u Načinu za zabavu.","message.single.session": "Igra s ovim korisnikom otvorena je na drugom uređaju","message.spinError": "Greška u okretanju igre. Pokušajte iznova","message.termsAndConditions": "Odredbe i uvjeti","message.unexpectedError": "Neočekivana greška ({code}).","mg.label.balance": "SALDO","mg.label.demo": "DEMO","mini.caption.settings": "Postavke","mini.label.disableWarnings": "Onemogući upozorenja","mini.label.volume": "GLASNOĆA","nickname.error": "Odaberite drugi nadimak.","nickname.message": "Dobrodošli!<br>Odaberite svoj nadimak za casino!","nickname.note": "Napomena: Za promjenu nadimka kontaktirajte Službu za korisnike.","promotionsTitle": "Promocije","quickMenu.inGameLobby": "","quickMenu.notification.freeSpin": "[count] DOSTUPNA BESPLATNA OKRETANJA U OVOJ IGRI","quickMenu.notification.promoGadget": "DOSTUPNE NOVE PROMOCIJE","quickMenu.promoGadget": "","realitycheck.message.button.continue": "Nastavi","realitycheck.message.button.stop": "Stop","servererror10": "Ovaj nadimak trenutno koristi drugi igrač.<br>Unesite drugi nadimak i pokušajte iznova.","servererror1018": "Možete igrati samo u jednoj mreži istovremeno. Zatvorite sve igre i napustite popise za čekanje prije promjene mreže.","servererror104": "Vaša sesija nije valjana","servererror108": "Nedovoljan saldo za zatraženi ulog. Postavite niži ulog ili posjetite <u><a href=\"htcmd:switchtogame?code=cashier\">Blagajnu</a></u> za vršenje pologa.","servererror178": "Neuspješna prijava. Preusmjerit ćemo vas u predvorje.","servererror113": "Zbog tehničkih problema trenutno nismo u mogućnosti dovršiti ovu rundu.<br>Igru možete dovršiti ili pogledati rezultat u povijesti igre kasnije, nakon rješavanja poteškoća.<br>Kontaktirajte Službu za korisnike na [supportemail] za daljnju pomoć.<br>Ispričavamo se zbog prouzročenih neugodnosti.","servererror13": "Nažalost, poslužitelj progresivnog jackpota ne reagira.<br>Pokušajte iznova kasnije.<br>U međuvremenu, pokušajte igrati neke naše redovne igre.","servererror147": "Morate dovršiti nedovršenu igru prije igranja nove","servererror15": "Nažalost, tim Službe za korisnike trenutno nije dostupan.<br>Pokušajte iznova za par minuta.<br>Ispričavamo se za prouzročene neugodnosti.","servererror16": "Djelitelj trenutno nije za stolom. Probajte naše ostale stolove.","servererror17": "Nažalost, poslužitelj igre ne odgovara.<br>Ukoliko problem potraje, možete nastaviti igrati samo u izvanmrežnom načinu.<br>Kontaktirajte Službu za korisnike na [supportemail] za trenutnu pomoć.<br>Ispričavamo se za prouzročene neugodnosti.","servererror204": "Djelitelj nije za stolom.","servererror233": "Vaše oklade u ovom krugu igre nisu potvrđene zbog problema s vašom internetskom vezom. Pokušajte ponovno u sljedećoj rundi igre. Ukoliko se problem nastavi, možda ćete morati zatražiti pomoć vašeg pružatelja internetskih usluga.","servererror27": "Došlo je do interne greške u sinkronizaciji. Molimo kontaktirajte Podršku za korisnike na [supportemail] za daljnju pomoć.<br>Ispričavamo se za uzrokovane neugodnosti.","servererror28": "Ova je igra trenutno zatvorena. Probajte naše ostale igre.","servererror29": "Ne možete se dva puta priključiti istom stolu za igru uživo.","servererror31": "Zbog problema u komunikaciji, vaša oklada nije zabilježena na vrijeme. Molimo zatvorite prozor igre i počnite igru iznova. Za sprečavanje ovog problema u budućnosti, molimo da nastojite potvrditi svoje uloge odmah po početku kruga igre.","servererror33": "Nemate dovoljno pravog novca za postavljanje napojnice.","servererror332": "Pokušavate zauzeti više mjesta od dozvoljenog.","servererror334": "Talijanski propisi zabranjuju ovaj stol. Probajte naše ostale igre.","servererror35": "Progresivna dodatna oklada se nije mogla postaviti. Za dodatnu pomoć kontaktirajte službu za korisnike na [supportemail].","servererror4": "Ovaj stol za igru je trenutno pun.<br>Pokušajte iznova kasnije ili provjerite naše druge stolove.","servererror522": "Polje '<b>Potvrdi lozinku</b>' se ne podudara.<br>Popunite iznova polje '<b>Potvrdi lozinku</b>'.","servererror57": "Tehnička greška. Svi su vaši ulozi vraćeni","servererror586": "Najmanja snaga vaše lozinke je 'Vrlo slaba': mora sadržavati najmanje 8 znakova.","servererror587": "Najmanja snaga vaše lozinke je 'Slaba': mora sadržavati najmanje 8 znakova te mala i velika slova.","servererror588": "Najmanja snaga vaše lozinke je 'Srednja': mora sadržavati najmanje 8 znakova, mala i velika slova te barem jedan broj.","servererror589": "Najmanja snaga vaše lozinke je 'Jaka': mora sadržavati najmanje 8 znakova, mala i velika slova, barem jedan broj i barem jedan posebni znak.","servererror590": "Najmanja snaga vaše lozinke je 'Najjača': mora sadržavati najmanje 12 znakova, mala i velika slova, barem jedan broj i barem jedan posebni znak.","servererror6": "Nažalost, poslužitelj igre ne odgovara.<br>Kontaktirajte Službu za korisnike na [supportemail] za trenutnu pomoć.<br>Ispričavamo se za prouzročene neugodnosti.","servererror610": "Ova je igra trenutno nedostupna. Probajte naše ostale igre.","servererror615": "Progresivne igre dostupne su samo uz igru za pravi novac.","servererror616": "Ovo je mjesto već zauzeo drugi igrač. Odaberite slobodno mjesto.","servererror630": "Zbog tehničkih problema nismo bili u mogućnosti dovršiti ovaj krug.<br>Bit ćete obaviješteni kad igra bude razriješena i vaš saldo primjereno prilagođen.","servererror644": "Nažalost, ova značajka trenutno nije dostupna","servererror647": "Nažalost, vaši ulozi nisu prihvaćeni. Kontaktirajte Službu za korisnike na [supportemail] za daljnju pomoć.","servererror650": "Ova je igra ograničena na jednu istovremenu sesiju. Zatvorite aktivnu igru kako bi pristupili novom stolu.","servererror680": "Imate nedovršenu igru iz prethodne sesije u načinu igranja koji trenutno nije podržan. Kontaktirajte Službu za korisnike za trenutnu pomoć. Ispričavamo se za uzrokovane neugodnosti.","servererror681": "Vaša nova lozinka mora se razlikovati od stare.<br>Unesite drugu lozinku i pokušajte iznova.","servererror700": "[casino] je dosegao najveći broj istovremenih internih igrača.","servererror701": "Premašeno je ograničenje najvećeg uloga za interne igrače u [casino].","servererror720": "Ova je igra ograničena na jednu istovremenu sesiju.","servererror801": "Već promatrate ovaj stol.","servererror802": "Nažalost, dosegnut je najveći broj gledatelja za ovaj stol. Sada se isključujete s ovog stola.","servererror803": "Ovaj stol je trenutno pun. Sada se isključujete s ovog stola.","servererror804": "Nažalost, ovaj stol nije dostupan. Odaberite drugi stol.","servererror805": "Krug nije aktivan.","servererror806": "Nevaljana akcija.","servererror807": "Nažalost, ne možete se priključiti tom stolu jer vam ograničenja uloga nisu dostupna.","servererror808": "Duplicirana oklada.","servererror809": "Dosegnut je najveći dopušteni broj krugova čekanja. Sada se isključujete s ovog stola.","servererror810": "Dosegnut je najveći broj dopuštenih krugova promatranja. Sada se isključujete s ovog stola..","servererror811": "Ne možete dva puta pristupiti istom stolu.","servererror812": "Vi gledate.","servererror813": "Ovo je mjesto već zauzeo drugi igrač. Odaberite slobodno mjesto.","servererror814": "Nepotvrđeni ulozi će biti uklonjeni sa stola.","servererror815": "Nažalost, ovaj će stol biti zatvoren. Odaberite drugi stol.","servererror816": "Nema igrača za ovim stolom. Bit će zatvoren za [1] sekundi.","servererror817": "Nažalost, ovaj je stol zatvoren. Odaberite drugi stol.","servererror818": "Nije pronađena aktivna igra.","servererror819": "Nemate dopuštenje za pristup ovom stolu.","servererror820": "Dosegnuto je vrijeme zatvaranja stola i stol je zatvoren.","servererror821": "Netočan kod pozivnice. Provjerite svoj kod pozivnice.","servererror822": "Uneseni naziv stola sadrži riječi koje nisu dopuštene. Unesite drugi naziv stola.","servererror823": "Naziv stola mora biti dug između 1 i 30 znakova te može sadržavati samo slova, brojeve i praznine.","servererror824": "Ne možete stvoriti nove stolove jer ste već stvorili tri stola za privatne grupe koji su trenutno u otvorenom statusu.","servererror825": "Uneseni naziv stola se već koristi. Unesite drugi naziv stola.","servererror826": "Predložak privatne grupe je zatvoren. Odaberite drugi predložak.","servererror827": "Unesena lozinka sadrži riječi koje nisu dopuštene. Unesite drugačiju lozinku.","servererror828": "Kod pozivnice mora biti dug između 1 i 10 znakova te može sadržavati samo slova i brojeve.","servererror832": "Ne možete se priključiti stolu s istim ukupnim ulogom.","servererror9": "Odaberite drugi nadimak.","setSelfExclusionDialog.cancelButton": "Otkaži","setSelfExclusionDialog.header": "Samoisključenje","setSelfExclusionDialog.okButton": "Primijeni","setSelfExclusionDialog.periodRestrictionLabel": "Omogući samoisključenje","sky.error.undefined": "Došlo je do greške u igri! Bit ćete preusmjereni u predvorje.","sound.popup.dontShowMeAgain": "Ne prikazuj više ovo","sound.popup.text": "Želite li igrati sa zvukom?","timeLossLimit.gambling.closeGame.button": "Otiđi","timeLossLimit.gambling.ignore.button": "Nastavi","timeLossLimit.gambling.warning": "Igrate [minutes] minuta od početka sesije na slot automatima. U tom ste razdoblju ukupno uložili [bets]","timeLossLimit.limitReached.loss.error": "Dosegnuli ste krajnje ograničenje gubitka u sesiji i igra će sada biti zatvorena. U ovoj ste sesiji uložili ukupno [bets] i osvojili ukupno [wins]","timeLossLimit.limitReached.time.error": "Dosegnuli ste krajnje vremensko ograničenje sesije i igra će sada biti zatvorena. U ovoj ste sesiji uložili ukupno [bets] i osvojili ukupno [wins]","timeLossLimit.losslimit.proximity.warning": "Imajte na umu - približavate se limitu gubitka po sesiji","timeLossLimit.sessionsummary": "Vaša trenutna sesija igre će sada okončati. U ovoj ste sesiji uložili ukupno [bets] i osvojili ukupno [wins]","timeLossLimit.timelimit.proximity.warning": "Imajte na umu - približavate se vremenskom ograničenju sesije","timeLossLimit.tooHighBet.error": "Vaš se ulog ne može prihvatiti jer bi mogao premašiti vaš gubitak po sesiji. Molimo postavite niži iznos uloga","timeLossLimitDialog.betLimit.label": "Ograničenje gubitka","timeLossLimitDialog.betLimit.value.error.bigThanBalance": "Vaše ograničenje gubitka je veće od vašeg salda. Unesite manji iznos ili položite sredstva","timeLossLimitDialog.betLimit.value.error.notValid": "Pogrešan iznos. Unesite iznova valjan iznos","timeLossLimitDialog.cancelButton.label": "Otkaži","timeLossLimitDialog.gamblingNoticeInterval.label": "Interval obavijesti o kockanju","timeLossLimitDialog.okButton.label": "U redu","timeLossLimitDialog.sessionTimer.label": "Mjerač trajanja sesije","timeLossLimitDialog.sessionTimer.placeholder": "Dodirnite za odabir","timeLossLimitDialog.timeLimit.value.error.empty": "Pogrešna vrijednost mjerača trajanja sesije. Odaberite valjano vremensko razdoblje","timeLossLimitDialog.title": "Ograničenja igre na automatu","uifeatures.demo.popup": "Iskušajte ju sada besplatno","uifeatures.real.popup": "Sada igrate za pravi novac","ukreg.autoplay.jackpotsinglewinlimit.message": "Automatska igra zaustavljena: osvojen je jackpot. Osvojeno više od [amount]","ukreg.autoplay.jackpotwinlimit.message": "Automatska igra zaustavljena: osvojen je jackpot.","ukreg.autoplay.losslimit.message": "Automatska igra zaustavljena: dosegnuto ograničenje gubitka.","ukreg.autoplay.singlewinlimit.message": "Automatska igra zaustavljena: osvojeno više od [amount].","ukreg.cancelButtonText": "Izlaz","ukreg.confirmButtonText": "Potvrdi","ukreg.jackPotLabel" : "Zaustavi automatsku igru kod osvajanja jackpota","ukreg.lossLabel": "Zaustavi automatsku igru na ukupnom gubitku od:","ukreg.lossLimitExceedMessage": "Previsoko ograničenje gubitka: Najveći dozvoljeni iznos je [amount]","ukreg.lossLimitInvalidMessage": "Netočan iznos u polju ograničenja gubitka. Unesite valjan iznos.","ukreg.lossLimitLowMessage": "Uneseno ograničenje gubitka je prenisko za pokretanje automatske igre. Unesite veći iznos.","ukreg.singleWinExceedMessage": "Previsoko ograničenje pojedinačnog dobitka: Najveći dozvoljeni iznos je [amount]","ukreg.singleWinInvalidMessage": "Netočan iznos u polju ograničenja pojedinog dobitka. Unesite valjan iznos.","ukreg.singleWinLabel" : "Zaustavi na pojedinačnom dobitku većem od:","ukreg.singleWinLowMessage": "Uneseno ograničenje pojedinačnog dobitka je prenisko","ukreg.title" : "Odgovorno igranje - Automatska igra","unit.time.10minutes": "10 minuta","unit.time.12hours": "12 sati","unit.time.15minutes": "15 minuta","unit.time.1day": "1 dan","unit.time.1hour": "1 sat","unit.time.1month": "1 mjesec","unit.time.1week": "1 tjedan","unit.time.20minutes": "20 minuta","unit.time.2hours": "2 sata","unit.time.30minutes": "30 minuta","unit.time.40minutes": "40 minuta","unit.time.50minutes": "50 minuta","unit.time.5minutes": "5 minuta","unit.time.60minutes": "60 minuta","unit.time.dimension.day.1": "dan","unit.time.dimension.day.few": "dana","unit.time.dimension.day.other": "dana","unit.time.dimension.hour.1": "sat","unit.time.dimension.hour.few": "sati","unit.time.dimension.hour.other": "sati","unit.time.dimension.minute.1": "minuta","unit.time.dimension.minute.few": "minute","unit.time.dimension.minute.other": "minute","unit.time.dimension.month.1": "mjesec","unit.time.dimension.month.few": "mjeseci","unit.time.dimension.month.other": "mjeseci","unit.time.dimension.second.1": "sekunda","unit.time.dimension.second.few": "sekundi","unit.time.dimension.second.other": "sekundi","unit.time.dimension.week.1": "tjedan","unit.time.dimension.week.few": "tjedni","unit.time.dimension.week.other": "tjedni","unsupported.landscape.text": "IGRA JE OSMIŠLJENA ZA OKOMITI NAČIN.<br />OKRENITE UREĐAJ OKOMITO ZA IGRANJE.","unsupported.landscape.title": "IGRAJTE<br />OKOMITO","unsupported.portrait.text": "IGRA JE OSMIŠLJENA ZA VODORAVNI NAČIN.<br />OKRENITE UREĐAJ VODORAVNO ZA IGRANJE.","unsupported.portrait.title": "IGRAJTE<br />VODORAVNO","update.ie9.browser.checkbox": "Ne prikazuj više ovo","update.ie9.browser.message": "Igra funkcionira bolje u najnovijoj verziji Internet Explorera ili preglednika Chrome. <br />Kliknite ovdje za ažuriranje Internet Explorera.","multiplayerlobby.avatar": "Avatar","multiplayerlobby.join": "Pristupi","multiplayerlobby.join.table": "Priključi se stolu","multiplayerlobby.limits": "Ograničenja","multiplayerlobby.my.account": "Moj račun","multiplayerlobby.nickname": "Nadimak","multiplayerlobby.player.profile": "Profil igrača","multiplayerlobby.players": "Igrači","multiplayerlobby.save": "Spremi","multiplayerlobby.show.country": "Prikaži moju državu","multiplayerlobby.status": "Status","multiplayerlobby.table.name": "Naziv stola","multiplayerlobby.timer": "Brojač","multiplayerlobby.switch.to.another.game": "JESTE LI SIGURNI DA ŽELITE PROMIJENITI IGRU?","multiplayerlobby.join.error.no.nickname": "Žao nam je, ne možete se priključiti igri bez nadimka","multiplayerlobby.change": "Izmjena","multiplayerlobby.stay": "Ostani","multiplayerlobby.nickname.update.error": "Za promjenu nadimka kontaktirajte administratora.","multiplayerlobby.playerprofile.error.nickname.1": "Koristite samo slova i brojke","multiplayerlobby.playerprofile.error.nickname.2": "Ispunjavanje polja nadimka je obavezno","multiplayerlobby.playerprofile.error.nickname.3": "Nadimak ne smije biti dulji od 20 znakova","multiplayerlobby.playerprofile.error.nickname.4": "Došlo je do greške pri preuzimanju vašeg nadimka","multiplayerlobby.playerprofile.error.avatar.1": "Došlo je do pogreške pri preuzimanju vašeg avatara","multiplayerlobby.playerprofile.error.avatar.2": "Ažuriranje avatara nije moguće","multiplayerlobby.playerprofile.error.showcountry.1": "Nije moguće ažuriranje prikaza države","multiplayerlobby.playerprofile.error.showcountry.2": "Došlo je do pogreške u preuzimanju vašeg prikaza države","multiplayerlobby.playerprofile.error.status.1": "Ažuriranje statusa igrača nije moguće","multiplayerlobby.playerprofile.error.status.2": "Polje statusa ne smije biti dulje od 20 znakova","multiplayerlobby.playerprofile.error.status.3": "Došlo je do pogreške pri preuzimanju vašeg statusa","message.unexpectedError.501": "Žao nam je, ova igra nije dostupna u načinu za zabavu. Molimo da se najprije prijavite","sweden.self.exclusion": "Samoisključenje","sweden.deposit.limits": "Ograničenja pologa","sweden.self.test": "Samotestiranje"}}