
{"texts": {"GAME_CATEGORY_FEATURED": "Hett just nu","GAME_CATEGORY_LIVE": "Live","GAME_CATEGORY_NEW": "Ny","GAME_CATEGORY_POKER": "Poker","GAME_CATEGORY_SCRATCH": "Skraplotter","GAME_CATEGORY_SLOTS": "Spelautomate","GAME_CATEGORY_TABLE_GAMES": "Bordsspel","GAME_CATEGORY_VIDEO_POKER": "Videopoker","affiliate.button.casino": "Casino","affiliate.button.dl": "Ladda ned","blockScreen.close.split": "För att fortsätta spela behöver du stänga av Delad vy","blockScreen.doubleTap": "Dubbeltryck för att spela i normal storlek.","blockScreen.singleTap": "Tryck på skärmen för att fortsätta spelet","blockScreen.swipeDown": "↓ Var vänlig svep nedåt ↓","blockScreen.swipeUp": "↑ Svep upp för att spela i helskärm. ↑","blockScreen.enterFullscreen": "Rör för att spela i helskärm","bringMoney.aamsCode": "AAMS-sessionskod:","bringMoney.amountPlaceholder": "Ta med pengar till bordet","bringMoney.bring": "Ta med till spelet","bringMoney.casinoBalance": "Casinosaldo:","bringMoney.failure.message": "Överföringen misslyckades","bringMoney.fsbTitle": "Välj summan gratissnurr<br/>att ta med till spelet","bringMoney.notEnough.message": "Du har inte tillräckligt saldo","bringMoney.participationCode": "Deltagarkod:","bringMoney.realTitle": "Välj summan riktiga<br/>pengar att ta med till spelet","bringMoney.ropCode": "Den sist giltiga deltagarkoden är:","bringMoney.ropTimestamp": "Kod skapad: ","bringMoney.sessionLimit.message": "Du kan inte ta mer med än {0} i en session","bringMoney.success.message": "Överföringen lyckades <br/>Din deltagarkod för denna session är: {0}","bringMoney.tableBalance": "Spelsaldo:","bringMoney.transactionLimit.message": "Du kan inte ta mer med än {0}","brokenGames.unfinishedGames": "Du har oavslutade spel i casinot.","brokenGames.likeToResume": "Vill du fortsätta?","brokenGames.selectGame": "Var god välj ett spel för att fortsätta.","bottomPanel.playForFunText": "Testa gratis","desktop.caption.audioSettings": "Ljudinställningar","desktop.caption.generalSettings": "Allmänna inställningar","desktop.fsb.ButtonText": "Klicka här","desktop.fsb.notificationText": "Du har gratissnurr! Klicka här för att använda dem nu!","desktop.goldenchip.ButtonText": "Info","desktop.goldenchip.notificationText": "Tryck för att välja en guldmarker från högen längst ner på bordet","desktop.goldenchip.v2.notificationText": "Du har Golden Chips tillgängliga. Golden Chips går endast att använda som spelmarker och kommer att dras från dina vinster efter varje insatsrunda.","desktop.label.gameSounds": "Spelljud","desktop.label.skipIntro": "Hoppa över introduktionsvideo","desktop.label.splashScreen": "Visa inte startskärm","desktop.label.volume": "Volym","desktop.loading.gameBy": "SPEL FRÅN","desktop.loading.loadingGame": "Laddar spel ...","desktop.loading.proudlyPresents": "PRESENTERAR STOLT","desktop.promotetoreal.continuePlaying": "Fortsätt spela","desktop.promotetoreal.playForReal": "SPELA FÖR RIKTIGA PENGAR","desktop.promotetoreal.text": "Du verkar ha flyt idag. Vill du spela för riktiga pengar?","desktopGameAdvisor.header": "Letar du efter fler spel?","desktopGameAdvisor.hideButton": "Visa inte detta meddelande igen","desktopGameAdvisor.suggestions": "Kolla in följande förslag","download.installFlashPlayer.linkText": "Adobe.com","download.installFlashPlayer.part1": "För att starta casinot måste du ha Adobe Flash Player installerat i ditt system.","download.installFlashPlayer.part2.1": "Klicka här för att gå till","download.installFlashPlayer.part2.2": "nu.","download.installFlashPlayer.part3": "Starta om casinot när du har installerat spelaren.","error.id.title": "Felaktigt spel-ID","error.item.unavailable": "Tyvärr är denna sak otillgänglig för tillfället. Var vänlig försök igen senare.","error.malformed.back.url": "Felaktig bak-URL. Du kan inte starta spelet","gameAdvisor.header": "Spelrådgivare","gameAdvisor.hideButton": "dölj tillfälligt","gameAdvisor.mostPopular": "Populärast","gameAdvisor.mostPopular_1": "Spelautomater","gameAdvisor.mostPopular_2": "Bordsspel","gameAdvisor.mostPopular_3": "Kortspel","gameAdvisor.mostPopular_4": "Video Poker","gameAdvisor.mostPopular_5": "Arkadspel","gameAdvisor.mostPopular_6": "Progressiva Spel","gameAdvisor.mostPopular_7": "Progressiva Spel","gameAdvisor.newGames": "Nya Spel","gameAdvisor.otherGames": "Andra Spel","gameAdvisor.otherPlayers": "Andra Spelare","gameAdvisor.similarGames": "Liknande Spel","gameAdvisor.suggestions": "Ta en titt på följande förslag","goldenChip.notification": "{count} GULDMARKER VÄRDA {amount} TILLGÄNGLIGA I DETTA SPEL","italyBonusRewards": "Spelbonus","italyFunBonusCreditsMessage": "Vilken typ av krediter vill du använda i detta spel?","italyGameBonus": "Spelbonus","italyGameBonusNotification": "Du spelar nu för din spelbonus, klicka på snabbmenyn för att ändra till riktiga pengar","italyLowGameBonusBalance": "Ditt spelbonussaldo är för lågt för att fortsätta spela i detta läge. Spelet går nu över till spel för riktiga pengar","italyRealMoney": "Riktiga pengar","italyRealMoneyNotification": "Du spelar nu för riktiga pengar, klicka på snabbmenyn för att ändra till spelbonus","label.extend": "Utöka","label.extend.for": "%time% minuter","label.forgot": "Glömt ditt lösenord?","label.joinNow": "Gå med nu","label.logIn": "Logga in","label.logout": "Logga ut","label.mode.fun": "SPELA PÅ SKOJ","label.mode.real": "SPELAR PÅ RIKTIGT","label.notInUse": "Används inte","label.practice": "Spela i övningsläge","label.rememberPass": "Kom ihåg lösenord","limits.state.title": "GRÄNSER:","loading.game.title": "Laddar<br />","lobbyInGame.categoryName.featured": "Hett just nu","lobbyInGame.categoryName.jackpots": "Jackpottar","lobbyInGame.categoryName.slots": "Spelautomater","lobbyInGame.categoryName.tableGames": "Bordsspel","lobbyInGame.title": "Spel","mainMenu.account": "Mitt konto","mainMenu.bank": "Bank","mainMenu.bonusTerms": "Bonusvillkor","mainMenu.bringMoney": "Ta med pengar","mainMenu.chat": "Chatt","mainMenu.compPoints": "Lojalitetspoäng","mainMenu.deposit": "Sätt in","mainMenu.depositLimit": "Insättningsgräns","mainMenu.fullScreen": "Fullskärm","mainMenu.fundsTransfer": "Överför pengar","mainMenu.gameVersion": "Spelversion","mainMenu.help": "Hjälp","mainMenu.history": "Historik","mainMenu.inviteFriend": "Bjud in en vän","mainMenu.leftRightHand": "Vänster-/högerhänt","mainMenu.licenseeInfo": "Licenstagarinfo","mainMenu.limits": "Gränser","mainMenu.lobby": "Lobby","mainMenu.multiplayerLobby": "Lobby: Multiplayer","mainMenu.logout": "Logga ut","mainMenu.options": "Alternativ","mainMenu.panic": "Panik","mainMenu.paytable": "Vinsttabell","mainMenu.playForReal": "Spela på riktigt","mainMenu.promotions": "Kampanjer","mainMenu.quickDeposit": "Snabbinsättning","mainMenu.respGaming": "Ansvarsfullt spelande","mainMenu.responsibleGamingApproval": "Ansvarsfullt spelande","mainMenu.responsibleGamingSngc": "Godkänd av SNGC","mainMenu.reverse.withdraw": "Backa uttag","mainMenu.selfExclusion": "Självuteslutning","mainMenu.settings": "Inställningar","mainMenu.share": "Dela","mainMenu.shareRefer": "Tipsa en vän","mainMenu.sound": "Ljud","mainMenu.support": "Kundtjänst","mainMenu.timeOut": "Jäähy","mainMenu.transactions": "Transaktioner","mainMenu.withdraw": "Uttag","menu.main.left.right.hand": "Vänster-/högerhänt","message.autoplayFinished": "Autospel stoppat","message.browserMode": "Är du säker på att du vill byta webbläsarläge? Detta kommer att kräva att spelet laddas om och det aktuella spelet kommer inte att sparas","message.button.accept": "Godkänn","message.button.cancel": "Avbryt","message.button.close": "Stäng","message.button.decline": "Avböj","message.button.later": "Senare","message.button.no": "Nej","message.button.ok": "OK","message.button.play_fun": "Spela på skoj","message.button.reload": "Ladda om","message.button.relogin": "Försök igen","message.button.update": "Uppdatera","message.button.yes": "Ja","message.button.resume": "Återuppta","message.connError": "Kunde inte ansluta till servern. Försök igen senare. Spelet kommer att läsas in i skojläge.","message.connectionLost": "Tyvärr uppstod ett problem med nätverksanslutningen.<br/>Var vänlig försök ladda om spelet eller välj ett annat.","message.exit": "Tack för att du spelar på [casinoname] Casino!<br/>Vill du verkligen avsluta?","message.gameNotLoaded": "Spelet laddar inte. Var vänlig försök igen eller välj ett annat spel. Om problemet kvarstår, var vänlig kontakta vår kundtjänst.","message.inGameLobby.games": "Spel","message.incorrectUser": "Felaktigt användarnamn eller lösenord angavs. Verifiera din kontoinformation och försök igen.","message.insufDep": "Otillräckligt saldo. Vill du göra en insättning?","message.insufReal": "Otillräckligt saldo. Vill du spela för riktiga pengar?","message.insufTable": "Otillräckligt saldo. Vill du ta med ytterligare pengar till bordet?","message.loggedOut": "Du loggades ut. Om du inte kan logga in igen, var vänlig kontakta vår kundtjänst.","message.login.failed": "Inloggning misslyckades. Vi kommer att omdirigera dig till lobbysidan.","message.login.retry": "Kunde inte logga in","message.loginError": "Sessionen upphörde, logga in igen.","message.needLogin": "Var vänlig logga in i lobbyn för att spela för riktiga pengar.","message.sessionClosed": "Session upphörd: du omdirigeras till lobbyn.","message.networkError": "Ett nätverksfel uppstod. Spelet kommer att stängas ner.","message.shutdownNotification": "Vi utför underhållsarbete. Du blir frånkopplad om {timeLeft} minuter. För att fortsätta spela, var vänlig logga in i casinot igen.","message.panicMessage": "Är du säker på att du vill spärra dig själv under de kommande 12 timmarna?","message.promoGadget.promotions": "Kampanjer","message.reconnect": "Anslutningen förlorades, återansluter","message.selectGame": "Välj ett spel för att använda bonusen","message.server.disconnect": "Frånkopplad från servern. Spelet kommer att läsas in i skojläge.","message.single.session": "Ett spel med denna användare har öppnats på en annan enhet","message.spinError": "Spelsnurrfel. Försök igen.","message.termsAndConditions": "Regler och villkor","mg.label.balance": "SALDO","mg.label.demo": "DEMO","mini.caption.settings": "Inställningar","mini.label.disableWarnings": "Inaktivera varningar","mini.label.volume": "VOLYM","nickname.error": "Var vänlig välj ett annat alias.","nickname.message": "Välkommen! <br> Välj ditt casinoalias!","nickname.note": "Notera: För att ändra ditt alias, kontakta kundsupport.","quickMenu.inGameLobby": "","quickMenu.notification.freeSpin": "[count] GRATISSNURRAR TILLGÄNGLIGA I DETTA SPELET","quickMenu.notification.promoGadget": "NYA KAMPANJER","quickMenu.promoGadget": "","realitycheck.message.button.continue": "Fortsätt","realitycheck.message.button.stop": "Stopp","servererror10": "Detta alias används av en annan spelare.<br>Ange ett annat alias och försök igen.","servererror1018": "Du kan endast spela i ett nätverk åt gången. Var vänlig stäng ner alla bord och lämna väntelistan innan du byter nätverk.","servererror104": "Din session är ogiltig","servererror108": "Otillräckligt saldo för angiven satsning. Var vänlig placera en lägre insats eller besök <u><a href=\"htcmd:switchtogame?code=cashier\">Kassan</a></u> för att göra en insättning.","servererror178": "Inloggning misslyckades. Vi kommer att omdirigera dig till lobbysidan.","servererror113": "Pga. ett tekniskt problem, har vi för närvarande inte möjlighet att fullborda denna runda.<br>Du kan avsluta spelet eller se resultatet i spelhistoriken vid ett senare tillfälle, så snart problemet fått en lösning.<br>Var vänlig kontakta kundservice på [supportemail] för ytterligare hjälp.<br>Vi ber om ursäkt för eventuella problem.","servererror13": "Tyvärr, den progressiva jackpottservern svarar inte.<br>Var vänlig försök igen senare.<br>Under tiden kan du testa på något av våra vanliga spel.","servererror147": "Du måste först avsluta ditt ofullbordade spel innan du kan spela ett nytt","servererror15": "Tyvärr, kundservice går just nu inte att nå.<br>Var vänlig försök igen om några minuter.<br>Vi ber om ursäkt för eventuella problem.","servererror16": "Dealern sitter för närvarande inte vid bordet. Var vänlig testa något av våra andra bord.","servererror17": "Tyvärr, spelservern svarar inte.<br>Om problemet kvarstår kan du endast fortsätta spela i offline-läge.<br>Var vänlig kontakta kundservice på [supportemail] för hjälp direkt.<br>Vi ber om ursäkt för eventuella problem.","servererror204": "Dealern sitter inte vid bordet.","servererror233": "Dina insatser bekräftades inte i denna spelrunda pga. problem med din internetanslutning. Var vänlig försök igen i nästa spelrunda. Om problemet kvarstår kan du behöva kontakta din internetleverantör för hjälp.","servererror27": "Ett internt synkroniseringsfel har inträffat. Var vänlig kontakta kundservice på [supportemail] för mer hjälp.<br>Vi ber om ursäkt för eventuella problem.","servererror28": "Detta spel är för närvarande stängt. Var vänlig testa något av våra andra spel.","servererror29": "Du kan inte sätta dig på samma livespelbord två gånger.","servererror31": "Pga. kommunikationsproblem blev din insats inte registrerad i tid. Var vänlig stäng spelfönstret och starta spelet igen. För att förebygga att detta problem uppstår i framtiden, var vänlig försök bekräfta dina insatser så snart spelrundan satt igång.","servererror33": "Du har inte tillräckligt med pengar för att ge dricks.","servererror332": "Du försöker uppta fler platser än tillåtet.","servererror334": "Detta bord är förbjudet av italienska bestämmelser. Var vänlig testa något av våra andra spel.","servererror35": "Den progressiva sidosatsningen kunde inte placeras. För hjälp, var vänlig kontakta kundservice på [supportemail].","servererror4": "Detta spelbord är för närvarande fullt.<br>Var vänlig försök igen senare, eller logga ut från våra övriga bord.","servererror522": "Fältet \"<b>Bekräfta lösenord</b>\" matchar inte.<br>Var vänlig \"<b>Bekräfta lösenord</b>\" igen.","servererror57": "Tekniskt fel. Alla dina insatser betalades tillbaka","servererror586": "Minimistyrkan för ditt lösenord är \"Väldigt svagt\": det måste bestå av minst 8 tecken.","servererror587": "Minimistyrkan för ditt lösenord är \"Svagt\": det måste bestå av minst 8 tecken och både små och stora bokstäver.","servererror588": "Minimistyrkan för ditt lösenord är \"Medel\": det måste bestå av minst 8 tecken, både små och stora bokstäver, och minst en siffra.","servererror589": "Minimistyrkan för ditt lösenord är \"Starkt\": det måste bestå av minst 8 tecken, både små och stora bokstäver, minst en siffra och minst ett specialtecken.","servererror590": "Minimistyrkan för ditt lösenord är \"Starkast\": det måste bestå av minst 12 tecken, både små och stora bokstäver, minst en siffra och minst ett specialtecken.","servererror6": "Tyvärr, spelservern svarar inte.<br>Var vänlig kontakta kundservice på [supportemail] för hjälp direkt.<br>Vi ber om ursäkt för eventuella problem.","servererror610": "Detta spel är för närvarande otillgängligt. Var vänlig testa något av våra andra spel.","servererror615": "Progressiva spel är endast tillgängliga när du spelar för riktiga pengar.","servererror616": "Denna plats har redan tagits av en annan spelare. Var vänlig välj en gratisplats.","servererror630": "Pga. tekniska problem lyckades vi inte fullborda denna runda. <br>Du informeras så snart vi har en lösning på problemet och ditt saldo justeras.","servererror644": "Tyvärr, denna funktion är inte tillgänglig.","servererror647": "Tyvärr, dina satsningar godkändes inte. Var vänlig kontakta kundservice på [supportemail] för ytterligare hjälp.","servererror650": "Spelet är begränsat till att spela en session i taget. Var vänlig stäng ditt aktiva spel för att besöka en ny tabell.","servererror680": "Du har ett ofullständigt spel från en tidigare spelsession i ett spelläge som för närvarande inte stöds. Vänligen kontakta Kundtjänst för mer hjälp. Vi ber om ursäkt för eventuella problem.","servererror681": "Ditt nya lösenord måste vara ett annat än ditt gamla lösenord.<br>Ange ett annat lösenord och försök igen.","servererror700": "[casino] has reached the maximum amount of concurrent internal players.","servererror701": "The max bet limit for internal players in [casino] has exceeded.","servererror720": "Spelet är begränsat till en session i taget.","servererror801": "Du tittar redan på detta bord.","servererror802": "Tyvärr, maxantalet betraktare på detta bord har uppnåtts. Du blir nu frånkopplad från bordet.","servererror803": "Detta bord är för närvarande fullt. Du blir nu frånkopplad från bordet.","servererror804": "Tyvärr, detta bord är inte tillgängligt. Var vänlig välj ett annat bord.","servererror805": "Rundan är inte aktiv.","servererror806": "Ogiltigt agerande.","servererror807": "Tyvärr, du kan inte slå dig ner vid detta bord eftersom insatsgränserna inte är tillgängliga för dig.","servererror808": "Dubblera satsning.","servererror809": "Maximalt antal passiva rundor har uppnåtts. Du blir nu frånkopplad från bordet.","servererror810": "Maximalt antal rundor som betraktare har uppnåtts. Du blir nu frånkopplad från bordet.","servererror811": "Du kan inte gå med i samma bord två gånger.","servererror812": "Du tittar på.","servererror813": "Denna plats har redan tagits av en annan spelare. Var vänlig välj en gratisplats.","servererror814": "Obekräftade insatser kommer att tas bort från bordet.","servererror815": "Tyvärr, detta bord kommer att stängas ner. Var vänlig välj ett annat bord.","servererror816": "Det finns inga spelare vid detta bord. Det kommer att stängas om [1] sekunder.","servererror817": "Tyvärr, detta bord stängdes ner. Var vänlig välj ett annat bord.","servererror818": "Aktivt spel hittades inte.","servererror819": "Du har inte tillåtelse att gå med i detta bord.","servererror820": "Bordets sluttid har nåtts och bordet har stängts ner.","servererror821": "Ogiltig inbjudningskod. Var vänlig bekräfta din inbjudningskod.","servererror822": "Angivet bordsnamn innehåller ord som inte tillåts. Ange ett annat bordsnamn.","servererror823": "Bordsnamnet måste vara på mellan 1 till 30 tecken långt och endast bestå av bokstäver, siffror och mellanslag.","servererror824": "Du kan inte skapa fler bord eftersom du redan har skapat tre privata gruppbord som för närvarande innehar status öppen.","servererror825": "Angivet bordsnamn används redan. Ange ett annat bordsnamn.","servererror826": "Den privata gruppmallen har stängts ner. Var vänlig välj en annan mall.","servererror827": "Angivet lösenord innehåller ord som inte tillåts. Ange ett annat lösenord.","servererror828": "Inbjudningskoden måste vara på mellan 1 till 10 tecken långt och endast bestå av bokstäver och siffror.","servererror832": "Du kan inte spela på bordet med samma totala insats.","servererror9": "Var vänlig välj ett annat alias.","setSelfExclusionDialog.cancelButton": "Avbryt","setSelfExclusionDialog.header": "Självuteslutning","setSelfExclusionDialog.okButton": "Ansök","setSelfExclusionDialog.periodRestrictionLabel": "Aktivera självuteslutning","sky.error.undefined": "Ett spelfel inträffade! Du skickas tillbaka till lobbyn.","sound.popup.dontShowMeAgain": "Visa mig inte igen","sound.popup.text": "Vill du spela med ljud?","timeLossLimit.gambling.closeGame.button": "Lämna","timeLossLimit.gambling.ignore.button": "Fortsätt","timeLossLimit.gambling.warning": "Du har nu spelat i [minutes] minuter sedan starten av spelsessionen på spelmaskinerna. Under denna period har du satsat totalt [bets]","timeLossLimit.limitReached.loss.error": "Du har nått din maximala förlustgräns under en och samma session och spelet kommer nu att avslutas. Under denna session satsade du totalt [bets] och vann totalt [wins]","timeLossLimit.limitReached.time.error": "Du har nått din maximala tidsgräns för en session och spelet kommer nu att avslutas. Under denna session satsade du totalt [bets] och vann totalt [wins]","timeLossLimit.losslimit.proximity.warning": "Var vänlig notera – du närmar dig din sessionsförlustgräns","timeLossLimit.sessionsummary": "Aktuell spelsession kommer nu att avslutas. Under denna session satsade du totalt [bets] och vann totalt [wins]","timeLossLimit.timelimit.proximity.warning": "Var vänlig notera – du närmar dig tidsgränsen för en session","timeLossLimit.tooHighBet.error": "Din insats kunde inte godtas eftersom den potentiellt skulle kunna överskrida din förlustgräns för sessionen. Vänligen lägg en lägre insats","timeLossLimitDialog.betLimit.label": "Förlustgräns","timeLossLimitDialog.betLimit.value.error": "Ogiltigt belopp. Var vänlig ange ett giltigt belopp på nytt","timeLossLimitDialog.betLimit.value.error.bigThanBalance": "Din förlustgräns är högre än ditt saldo. Var vänlig ange ett mindre belopp eller gör en insättning.","timeLossLimitDialog.betLimit.value.error.notValid": "Ogiltigt belopp. Var vänlig ange ett giltigt belopp på nytt","timeLossLimitDialog.cancelButton.label": "Avbryt","timeLossLimitDialog.gamblingNoticeInterval.label": "Meddelandeintervall","timeLossLimitDialog.okButton.label": "Ok","timeLossLimitDialog.sessionTimer.label": "Sessionstimer","timeLossLimitDialog.sessionTimer.placeholder": "Tryck för att välja","timeLossLimitDialog.timeLimit.value.error.empty": "Ogiltigt värde för sessionstidtagaren. Var vänlig välj en giltig tidsperiod","timeLossLimitDialog.title": "Spelautomatsgränser","uifeatures.demo.popup": "Testa det gratis nu","uifeatures.real.popup": "Du spelar nu för riktiga pengar","ukreg.autoplay.jackpotsinglewinlimit.message": "Autospel stoppat: jackpott vunnen. Mer än [amount] vunnet","ukreg.autoplay.jackpotwinlimit.message": "Autospel stoppat: jackpott vunnen.","ukreg.autoplay.losslimit.message": "Autospel stoppat: förlustgräns uppnådd.","ukreg.autoplay.singlewinlimit.message": "Autospel stoppat: mer än [amount] vunna.","ukreg.cancelButtonText": "Avsluta","ukreg.confirmButtonText": "Bekräfta","ukreg.jackPotLabel": "Stoppa autospel vid jackpottvinst","ukreg.lossLabel": "Stoppa autospel vid totalförlust på:","ukreg.lossLimitExceedMessage": "För hög förlustgräns: Maximalt tillåtet belopp är [amount]","ukreg.lossLimitInvalidMessage": "Ogiltigt belopp i fältet för förlustgräns. Ange ett giltigt belopp.","ukreg.lossLimitLowMessage": "Den angivna förlustgränsen är för låg för att starta autospel. Ange ett större belopp.","ukreg.singleWinExceedMessage": "För hög enskild vinstgräns: Maximalt tillåtet belopp är [amount]","ukreg.singleWinInvalidMessage": "Felaktigt belopp i fältet för enskild vinst. Ange ett giltigt belopp.","ukreg.singleWinLabel": "Stoppa vid enskild vinst överskridande:","ukreg.singleWinLowMessage": "För hög enskild vinstgräns: Maximalt tillåtet belopp är [amount]","ukreg.title": "Ansvarsfullt spelande - autospel","unit.time.10minutes": "10 minuter","unit.time.12hours": "12 timmar","unit.time.15minutes": "15 minuter","unit.time.1day": "1 dag","unit.time.1hour": "1 timma","unit.time.1month": "1 månad","unit.time.1week": "1 vecka","unit.time.20minutes": "20 minuter","unit.time.2hours": "2 timmar","unit.time.30minutes": "30 minuter","unit.time.40minutes": "40 minuter","unit.time.50minutes": "50 minuter","unit.time.5minutes": "5 minuter","unit.time.60minutes": "60 minuter","unit.time.dimension.day.1": "dag","unit.time.dimension.day.few": "dagar","unit.time.dimension.day.other": "dagar","unit.time.dimension.hour.1": "timme","unit.time.dimension.hour.few": "timmar","unit.time.dimension.hour.other": "timmar","unit.time.dimension.minute.1": "minut","unit.time.dimension.minute.few": "minuter","unit.time.dimension.minute.other": "minuter","unit.time.dimension.month.1": "månad","unit.time.dimension.month.few": "månader","unit.time.dimension.month.other": "månader","unit.time.dimension.second.1": "sekund","unit.time.dimension.second.few": "sekunder","unit.time.dimension.second.other": "sekunder","unit.time.dimension.week.1": "vecka","unit.time.dimension.week.few": "veckor","unit.time.dimension.week.other": "veckor","unsupported.landscape.text": "SPELET ÄR DESIGNAT PORTRÄTT-LÄGE.<br />ANVÄND DIN ENHET VERTIKALT FÖR ATT SPELA.","unsupported.landscape.title": "SPELA<br />I PORTRÄTTLÄGE","unsupported.portrait.text": "SPELET ÄR DESIGNAT LANDSKAPSLÄGE.<br />ANVÄND DIN ENHET HORISONTELLT FÖR ATT SPELA.","unsupported.portrait.title": "SPELA<br />I LANDSKAPSLÄGE","update.ie9.browser.checkbox": "Visa mig inte igen","update.ie9.browser.message": "Spelet fungerar bättre i den senaste versionen av Internet Explorer eller Chrome. <br/>Var vänlig klicka här för att uppdatera Internet Explorer.","bringMoney.mobilePrimarySpinsCurrency" : "Fri spel","italyDesktopGameBonusNotification" : "Nu spelar du med spelbonus. Klicka på knappen på den nedre panelen gör att byta till riktiga pengar","bringMoney.multiBonusTitle" : "Välj antal freespins<br/>och skoj-krediter att ta med till spelet","desktop.label.freeSpins" : "GRATISSNURR","bringMoney.desktopSpinsCurrency" : "GRATISSNURR","italyDesktopRealMoneyNotification" : "Nu spelar du med riktiga pengar. Klicka på knappen på den nedre panelen för att byta till spelbonus","multiplayerlobby.avatar": "Avatar","multiplayerlobby.join": "Gå med","multiplayerlobby.join.table": "Gå med","multiplayerlobby.limits": "Gränser","multiplayerlobby.my.account": "Mitt konto","multiplayerlobby.nickname": "Smeknamn","multiplayerlobby.player.profile": "Spelarprofil","multiplayerlobby.players": "Spelare","multiplayerlobby.save": "Save","multiplayerlobby.status": "Spara","multiplayerlobby.table.name": "Bordets namn","multiplayerlobby.timer": "Timer","multiplayerlobby.show.country": "Visa Mitt Land","message.unexpectedError.501" : "Tyvärr fungerar inte spelet i skojläge. Var god logga in först","multiplayerlobby.playerprofile.error.nickname.3" : "Aliasfältet rymmer max 20 tecken","multiplayerlobby.playerprofile.error.nickname.2" : "Du måste fylla i fältet för alias","multiplayerlobby.playerprofile.error.nickname.4" : "Fel uppstod vid nedladdning av ditt alias","multiplayerlobby.playerprofile.error.avatar.2" : "Kunde inte uppdatera avatar","multiplayerlobby.switch.to.another.game" : "ÄR DU SÄKER PÅ ATT DU VILL ÄNDRA SPEL?","multiplayerlobby.playerprofile.error.avatar.1" : "Fel uppstod vid nedladdning av din avatar","multiplayerlobby.playerprofile.error.status.2" : "Statusfältet rymmer max 20 tecken","multiplayerlobby.nickname.update.error" : "Kontakta administratören för att ändra ditt alias.","multiplayerlobby.playerprofile.error.status.3" : "Fel uppstod vid nedladdning av din status","multiplayerlobby.playerprofile.error.showcountry.2" : "Fel uppstod vid nedladdning av ditt land","multiplayerlobby.playerprofile.error.showcountry.1" : "Kunde inte uppdatera landet som visas","multiplayerlobby.playerprofile.error.status.1" : "Kunde inte uppdatera spelarstatus","multiplayerlobby.stay" : "Stanna","multiplayerlobby.change" : "Ändra","multiplayerlobby.join.error.no.nickname": "Tyvärr kan du inte gå med i spelet utan ett alias","multiplayerlobby.playerprofile.error.nickname.1" : "Var god använd endast bokstäver och siffror","sweden.self.exclusion": "Spelpaus","sweden.deposit.limits": "Spelgränser","sweden.self.test": "Självtest","leaderboard.notification.leaderboard.completed": "Ledartabell slutförd","leaderboard.notification.leaderboard.finished": "Ledartabell slutförda","leaderboard.notification.leaderboard.cancelled": "Ledartavla inställd","leaderboard.notification.leaderboard.started": "Ledartavla påbörjad","leaderboard.notification.active": "Aktiv","leaderboard.notification.starts.in": "BÖRJAR OM"}
}