{"texts": {"GAME_CATEGORY_FEATURED": "Em destaque","GAME_CATEGORY_LIVE": "Em direto","GAME_CATEGORY_NEW": "Novo","GAME_CATEGORY_POKER": "Poker","GAME_CATEGORY_SCRATCH": "Cartões de raspar","GAME_CATEGORY_SLOTS": "Slots","GAME_CATEGORY_TABLE_GAMES": "Jogos de mesa","GAME_CATEGORY_VIDEO_POKER": "Vídeo póquer","affiliate.button.casino": "Casino","affiliate.button.dl": "Transferir","blockScreen.close.split": "Por favor, desative a visualização dividida para continuar a jogar","blockScreen.doubleTap": "Toque duas vezes para jogar em tamanho normal.","blockScreen.singleTap": "Toque no ecrã para continuar o jogo","blockScreen.swipeDown": "↓ Por favor, deslize o dedo para baixo ↓","blockScreen.swipeUp": "Deslize para cima para jogar em ecrã completo.","blockScreen.enterFullscreen": "Toque para jogar em ecrã inteiro","bringMoney.aamsCode": "Código de sessão AAMS:","bringMoney.back": "Voltar","bringMoney.bring": "Trazer para o jogo","bringMoney.casinoBalance": "Saldo do casino:","bringMoney.confirm": "Confirmar","bringMoney.credits": "Créditos","bringMoney.desktopBonusTitle": "Selecione o número de créditos virtuais<br/>para trazer para o jogo","bringMoney.desktopSpinsCurrency": "RODADAS GRÁTIS","bringMoney.failure.message": "Falha na transmissão","bringMoney.fsbTitle": "Selecione o número de rodadas grátis<br/>para trazer para o jogo","bringMoney.mobileBonusTitle": "Selecione o número de créditos de bónus<br/>para trazer para o jogo","bringMoney.mobileMultiBonusTitle2": "Selecione a quantidade de créditos virtuais<br/>para trazer para o jogo","bringMoney.mobilePrimarySpinsCurrency": "Rodadas Grátis","bringMoney.mobileSecondarySpinsCurrency": "RODADAS","bringMoney.multiBonusTitle": "Selecione o número de rodadas grátis<br/>e créditos virtuais para trazer para o jogo","bringMoney.next": "Seguinte","bringMoney.notEnough.message": "Não tem fundos suficientes no seu saldo","bringMoney.participationCode": "Código de participação:","bringMoney.realTitle": "Selecione o montante de dinheiro<br/>para trazer para o jogo","bringMoney.ropCode": "O último código de participação legal é:","bringMoney.ropTimestamp": "Código criado:","bringMoney.sessionLimit.message": "Não pode trazer mais de {0} numa sessão","bringMoney.success.message": "Transmissão de {0} bem sucedida","bringMoney.tableBalance": "Saldo de jogo:","bringMoney.transactionLimit.message": "Não pode trazer mais de {0}","brokenGames.unfinishedGames": "Tem jogos por terminar no Casino.","brokenGames.likeToResume": "Pretende continuar?","brokenGames.selectGame": "Selecione um jogo para continuar.","csreg.timer.label": "O jogo é viciante","desktop.caption.audioSettings": "Definições de áudio","desktop.caption.generalSettings": "Definições gerais","desktop.fsb.ButtonText": "Clique aqui","desktop.fsb.notificationText": "Tem rodadas grátis! Clique aqui para usar!","desktop.goldenchip.ButtonText": "Info","desktop.goldenchip.notificationText": "Toque para escolher uma Ficha Dourada do tabuleiro de Fichas Douradas na parte inferior da mesa","desktop.goldenchip.v2.notificationText": "Tem Fichas Douradas disponíveis. As Fichas Douradas servem apenas para apostar e serão debitadas dos seus ganhos após cada ronda de apostas","desktop.label.freeSpins": "RODADAS GRÁTIS","desktop.label.gameSounds": "Sons do jogo","desktop.label.skipIntro": "Saltar o vídeo de introdução","desktop.label.splashScreen": "Não mostrar ecrã de abertura","desktop.label.volume": "Volume","desktop.loading.gameBy": "JOGO DA","desktop.loading.loadingGame": "A carregar jogo...","desktop.loading.proudlyPresents": "TEM O ORGULHO DE APRESENTAR","desktop.promotetoreal.continuePlaying": "Continuar a jogar","desktop.promotetoreal.playForReal": "JOGAR A DINHEIRO","desktop.promotetoreal.text": "Parece que está numa maré de sorte. Gostaria de jogar a dinheiro?","desktopGameAdvisor.header": "Precisa de ajuda para encontrar mais jogos?","desktopGameAdvisor.hideButton": "Não voltar a mostrar esta mensagem","desktopGameAdvisor.suggestions": "Leia as seguintes sugestões","download.installFlashPlayer.linkText": "Adobe.com","download.installFlashPlayer.part1": "Para iniciar o casino tem de ter o Adboe Flash Player instalado no seu sistema.","download.installFlashPlayer.part2.1": "Clique aqui para visitar","download.installFlashPlayer.part2.2": "agora.","download.installFlashPlayer.part3": "Depois de instalar o leitor, por favor reinicie o casino.","error.id.title": "ID de jogo incorreto","error.item.unavailable": "Lamentamos, mas este item está atualmente indisponível. Tente novamente mais tarde.","error.malformed.back.url": "Malformed back URL. Não pode iniciar o jogo","gameAdvisor.header": "Conselheiro de jogo","gameAdvisor.hideButton": "ocultar temporariamente","gameAdvisor.mostPopular": "Mais popular","gameAdvisor.mostPopular_1": "Slot machine","gameAdvisor.mostPopular_2": "Jogos de mesa","gameAdvisor.mostPopular_3": "Jogos de cartas","gameAdvisor.mostPopular_4": "Vídeo póquer","gameAdvisor.mostPopular_5": "Jogos de arcade","gameAdvisor.mostPopular_6": "Jogos progressivos","gameAdvisor.mostPopular_7": "Jogos progressivos","gameAdvisor.newGames": "Novos jogos","gameAdvisor.otherGames": "Outros jogos","gameAdvisor.otherPlayers": "Outros jogadores","gameAdvisor.similarGames": "Jogos semelhantes","gameAdvisor.suggestions": "Leia as seguintes sugestões","gameConfigurationError1": "Infelizmente, este jogo tem problema de configuração. Será redirecionado para o hall de entrada.<br>Entre em contacto com o Apoio ao Cliente<br>ou experimente outro jogo.","gameConfigurationError2": "Infelizmente, esta funcionalidade não está disponível neste jogo devido a um problema de configuração.<br>Entre em contacto com Apoio ao Cliente<br>ou experimente essa funcionalidade noutro jogo.","goldenChip.notification": "{count} FICHAS DOURADAS NO VALOR DE {amount} DISPONÍVEIS NESTE JOGO","italyBonusRewards": "Bónus de jogo","italyDesktopGameBonusNotification": "Está a jogar com um bónus de jogo. Clique no botão no painel inferior para mudar para o modo a dinheiro","italyDesktopRealMoneyNotification": "Está a jogar a dinheiro. Clique no botão no painel inferior para mudar para o modo de bónus de jogo","italyFSB": "Rodadas Grátis","italyFunBonusCreditsMessage": "Que tipo de créditos deseja utilizar neste jogo?","italyGameBonus": "Bónus de jogo","italyGameBonusNotification": "Está a jogar com um bónus de jogo, clique no menu rápido para mudar para o modo de jogo a dinheiro","italyLowGameBonusBalance": "O seu saldo de Jogo de Bónus é insuficiente para continuar a jogar neste modo de jogo. O jogo será transferido para o modo a dinheiro","italyRealMoney": "Dinheiro","italyRealMoneyNotification": "Está a jogar a dinheiro, clique no menu rápido para mudar para o modo de bónus de jogo","label.addMoreMoney": "Adicionar mais dinheiro","label.balance": "saldo","label.concession": "Concessão","label.extend": "Aumentar","label.extend.for": "Aumentar por %time% minutos","label.forgot": "Esqueceu a sua palavra-passe?","label.joinNow": "Aderir","label.logIn": "Iniciar sessão","label.logout": "Terminar sessão","label.mode.fun": "JOGAR POR DIVERSÃO","label.mode.real": "JOGAR A DINHEIRO","label.notInUse": "Não utilizado","label.practice": "Jogar no modo de prática","label.rememberPass": "Memorizar palavra-passe","licenseeInfo.message": "Amostra","limits.state.title": "LIMITES:","loading.game.title": "A carregar<br />","lobbyInGame.categoryName.featured": "Em destaque","lobbyInGame.categoryName.jackpots": "Jackpots","lobbyInGame.categoryName.slots": "Slots","lobbyInGame.categoryName.tableGames": "Jogos de mesa","lobbyInGame.title": "Jogos","mainMenu.account": "Minha conta","mainMenu.bank": "Banca","mainMenu.bonusTerms": "Termos do bónus","mainMenu.bringMoney": "Trazer dinheiro","mainMenu.chat": "Conversar","mainMenu.compPoints": "Pontos Comp","mainMenu.deposit": "Depositar","mainMenu.depositLimit": "Limite de depósito","mainMenu.fullScreen": "Ecrã completo","mainMenu.fundsTransfer": "Transferir fundos","mainMenu.gameVersion": "Versão do jogo","mainMenu.help": "Info","mainMenu.history": "Histórico","mainMenu.inviteFriend": "Convidar um amigo","mainMenu.licenseeInfo": "Info do detentor da licença","mainMenu.limits": "Limites","mainMenu.lobby": "Hall de entrada","mainMenu.multiplayerLobby": "Lobby multijogador","mainMenu.logout": "Terminar sessão","mainMenu.options": "Opções","mainMenu.panic": "Pânico","mainMenu.paytable": "Tabela de prémios","mainMenu.playForReal": "Jogar a dinheiro","mainMenu.promotions": "Promoções","mainMenu.promptTempToken": "Prompt temp token","mainMenu.quickDeposit": "Depósito rápido","mainMenu.respGaming": "Jogo responsável","mainMenu.responsibleGamingApproval": "Jogo responsável","mainMenu.responsibleGamingSngc": "Aprovado pela SNGC","mainMenu.reverse.withdraw": "Inverter levantamento","mainMenu.selfExclusion": "Autoexclusão","mainMenu.settings": "Definições","mainMenu.share": "Partilhar","mainMenu.shareRefer": "Recomendar a um amigo","mainMenu.sound": "Som","mainMenu.support": "Apoio","mainMenu.timeOut": "Intervalo","mainMenu.transactions": "Transações","mainMenu.withdraw": "Levantar","menu.main.left.right.hand": "Mão esquerda/direita","message.autoplayFinished": "Jogo automático parado","message.browserMode": "Tem certeza de que quer mudar para o modo de browser? Terá de recarregar o jogo e o jogo atual não será guardado","message.button.accept": "Aceitar","message.button.cancel": "Cancelar","message.button.close": "Fechar","message.button.decline": "Recusar","message.button.later": "Mais tarde","message.button.no": "Não","message.button.ok": "OK","message.button.play_fun": "Jogar por diversão","message.button.reload": "Recarregar","message.button.relogin": "Tentar novamente","message.button.update": "Atualizar","message.button.yes": "Sim","message.button.resume": "Continuar","message.connError": "Não foi possível ligar ao servidor. Tente novamente mais tarde. O jogo será carregado no modo de diversão.","message.connectionLost": "Infelizmente, ocorreu um erro de ligação à rede.<br/>Por favor, tente recarregar o jogo ou escolha outro.","message.exit": "Obrigado por jogar no Casino [casinoname]!<br/> Deseja realmente sair?","message.fsbError": "Free Spin não está atualmente disponível. Por favor, tente novamente mais tarde","message.gameNotLoaded": "O jogo não está a carregar. Por favor, tente novamente ou escolha outro jogo. Se o problema persistir, por favor contacte o Apoio ao Cliente","message.incorrectUser": "Nome de utilizador ou palavra-passe estão incorretos. Por favor, verifique os dados da conta e tente novamente.","message.insufDep": "Saldo insuficiente. Deseja fazer um depósito?","message.insufDl": "Saldo insuficiente. Por favor, faça uma aposta mais baixa.","message.insufReal": "Saldo insuficiente. Gostaria de jogar a dinheiro?","message.insufTable": "Saldo insuficiente. Gostaria de trazer mais dinheiro para a mesa?","message.loggedOut": "A sua sessão foi terminada","message.login.failed": "Falha no início de sessão. Está a ser redirecionado para a página do hall de entrada.","message.login.retry": "Não é possível iniciar sessão","message.loginError": "A sua sessão expirou. Por favor, inicie sessão novamente.","message.needLogin": "Inicie sessão no hall de entrada para jogar a dinheiro.","message.sessionClosed": "Sessão expirada: vai ser redirecionado para o hall de entrada.","message.networkError": "Ocorreu um erro de rede. O jogo vai ser encerrado.","message.shutdownNotification": "O sistema está em manutenção. A sua ligação será interrompida daqui a {timeLeft} minutos. Para continuar a jogar, reinicie sessão no casino.","message.panicMessage": "Tem a certeza de que quer auto-excluir-se durante as próximas 12 horas?","message.reconnect": "Ligação perdida, a restabelecer a ligação","message.selectGame": "Selecione um jogo para utilizar o bónus","message.server.disconnect": "Desligado do servidor. O jogo será carregado no modo de diversão.","message.single.session": "O jogo com este utilizador está aberto noutro dispositivo","message.spinError": "Erro na rodada do jogo. Por favor, tente novamente","message.termsAndConditions": "Termos e condições","message.unexpectedError": "Erro inesperado ({code}).","mg.label.balance": "SALDO","mg.label.demo": "DEMO","mini.caption.settings": "Definições","mini.label.disableWarnings": "Desativar avisos","mini.label.volume": "VOLUME","nickname.error": "Por favor, escolha ourea alcunha.","nickname.message": "Bem-vindo(a)! <br> Escolha a sua alcunha para o casino!","nickname.note": "Nota: Para alterar a sua alcunha, contante o Apoio ao Cliente.","promotionsTitle": "Promoções","quickMenu.inGameLobby": "","quickMenu.notification.freeSpin": "[count] RODADAS GRÁTIS DISPONÍVEIS NESTE JOGO","quickMenu.notification.promoGadget": "NOVAS PROMOÇÕES DISPONÍVEIS","quickMenu.promoGadget": "","realitycheck.message.button.continue": "Continuar","realitycheck.message.button.stop": "Parar","servererror10": "Essa alcunha está a ser usada por outro jogador.<br>Introduza uma alcunha diferente e tente novamente.","servererror1018": "Só pode jogar numa rede ao mesmo tempo. Por favor, feche todos os jogos e saia das listas de espera antes de mudar de rede.","servererror104": "A sua sessão é inválida","servererror108": "Saldo insuficiente para a aposta solicitada. Por favor, faça uma aposta mais baixa ou aceda ao <u><a href=\"htcmd:switchtogame?code=cashier\">Caixa</a></u> para depositar.","servererror178": "Falha no início de sessão. Está a ser redirecionado para a página do hall de entrada.","servererror113": "Devido a um problema técnico, não é atualmente possível concluir esta ronda.<br>Pode terminar o jogo ou ver o resultado no histórico de jogo mais tarde, depois de o problema ter sido resolvido.<br>Entre em contacto com o Apoio ao Cliente através do e-mail [supportemail] para mais assistência.<br>Pedimos desculpa por qualquer inconveniente causado.","servererror13": "Lamentamos, mas o servidor de jackpot progressivo não está atualmente a responder.<br>Por favor, tente novamente mais tarde.<br>Entretanto, pode jogar em alguns dos nossos jogos normais.","servererror147": "Tem de terminar o jogo incompleto antes de jogar um novo","servererror15": "Lamentamos, mas a equipa de apoio ao cliente está atualmente indisponível.<br>Por favor, tente novamente daqui a alguns minutos.<br>Pedimos desculpa por qualquer inconveniente causado.","servererror16": "O croupier não está atualmente na mesa. Por favor, tente algumas das nossas outras mesas.","servererror17": "Lamentamos, mas não há resposta do servidor de jogo.<br>Se o problema persistir, pode continuar a jogar apenas no modo offline.<br>Entre em contacto com o Apoio ao Cliente através do e-mail [supportemail] para assistência imediata.<br>Pedimos desculpa por qualquer inconveniente causado.","servererror204": "O croupier não está na mesa.","servererror233": "As suas apostas não foram confirmadas para esta ronda de jogo devido a problemas com a sua ligação à Internet. Por favor, tente novamente na próxima ronda. Se o problema persistir, pode ser necessário entrar em contacto com o seu Fornecedor de Serviços de Internet para obter assistência.","servererror27": "Ocorreu um erro de sincronização interna. Entre em contacto com o Apoio ao Cliente através do e-mail [supportemail] para mais assistência.<br>Pedimos desculpa por qualquer inconveniente causado.","servererror28": "Este jogo está atualmente fechado. Por favor, tente alguns dos nossos outros jogos.","servererror29": "Não pode entrar na mesma mesa de jogo em direto duas vezes.","servererror31": "Devido a um problema de comunicação, a sua aposta não foi atempadamente registada. Por favor, feche a janela do jogo e inicie o jogo novamente. Para evitar este problema no futuro, por favor tente confirmar as suas apostas assim que a ronda de jogo inicia.","servererror33": "Não tem dinheiro suficiente para a gorjeta.","servererror332": "Está a tentar ocupar mais lugares do que o permitido.","servererror334": "Esta mesa é proibida pela legislação italiana. Por favor, tente alguns dos nossos outros jogos.","servererror35": "Não foi possível colocar a aposta paralela progressiva. Para obter mais assistência, por favor entre em contacto com o apoio ao cliente através do e-mail [supportemail].","servererror4": "Esta mesa de jogo está atualmente cheia.<br>Por favor, tente novamente mais tarde ou experimente as outras mesas.","servererror522": "O campo \"<b>Confirmar palavra-passe</b>\" não corresponde.<br>Por favor, introduza novamente o campo \"<b>Confirmar palavra-passe</b>\".","servererror57": "Erro técnico. Todas as suas apostas foram devolvidas","servererror586": "A força mínima da sua palavra-passe é \"Muito Fraca\": tem de ter pelo menos 8 caracteres.","servererror587": "A força mínima da sua palavra-passe é \"Fraca\": tem de ter pelo menos 8 caracteres e conter maiúsculas e minúsculas.","servererror588": "A força mínima da sua palavra-passe é \"Média\": tem de ter pelo menos 8 caracteres, conter maiúsculas e minúsculas e pelo menos um número.","servererror589": "A força mínima da sua palavra-passe é \"Forte\": tem de ter pelo menos 8 caracteres, conter maiúsculas e minúsculas, pelo menos um número e pelo menos um caracter especial.","servererror590": "A força mínima da sua palavra-passe é \"Muito Forte\": tem de ter pelo menos 12 caracteres, conter maiúsculas e minúsculas, pelo menos um número e pelo menos um caracter especial.","servererror6": "Lamentamos, o servidor de jogo não responde.<br>Contacte o Apoio ao Cliente através do e-mail [supportemail] para obter assistência imediata.<br>Pedimos desculpa por qualquer inconveniente.","servererror610": "Este jogo está atualmente indisponível. Por favor, tente alguns dos nossos outros jogos.","servererror615": "Os jogos progressivos apenas estão disponíveis quando joga em dinheiro.","servererror616": "Este lugar já está ocupado por outro jogador. Por favor, escolha um lugar livre.","servererror630": "Devido a problemas técnicos, não foi possível concluir esta ronda.<br>Será notificado assim que o jogo tenha sido resolvido, e o seu saldo será ajustado em conformidade.","servererror644": "Lamentamos, mas esta funcionalidade não está disponível","servererror647": "Lamentamos, mas as suas apostas não foram aceites. Entre em contacto com o Apoio ao Cliente através do e-mail [supportemail] para mais assistência.","servererror650": "Este jogo está limitado a jogar uma sessão de cada vez. Por favor, feche o seu jogo ativo para entrar numa nova mesa.","servererror680": "Tem um jogo incompleto de uma sessão de jogo anterior num modo de jogo que não é atualmente suportado. Entre em contacto com o apoio ao cliente para assistência imediata. Pedimos desculpa por qualquer inconveniente.","servererror681": "A sua nova palavra-passe deve ser diferente da sua palavra-passe antiga. <br>Introduza uma palavra-passe diferente e tente novamente.","servererror700": "O [casino] atingiu o valor máximo de jogadores internos em simultâneo.","servererror701": "O limite de aposta máxima para os jogadores internos no [casino] foi ultrapassado.","servererror720": "Este jogo está limitado a jogar uma sessão de cada vez.","servererror801": "Está a assistir a esta mesa.","servererror802": "Lamentamos, mas o número máximo de espetadores nesta mesa foi atingido. Está a ser removido desta mesa.","servererror803": "Esta mesa está atualmente cheia. Está a ser removido desta mesa.","servererror804": "Lamentamos, mas esta mesa não está disponível. Por favor, escolha outra mesa.","servererror805": "A ronda não está ativa.","servererror806": "Ação inválida.","servererror807": "Lamentamos, mas não pode entrar nessa mesa porque os limites de aposta não estão disponíveis.","servererror808": "Aposta duplicada.","servererror809": "O número máximo permitido de rondas inativas foi atingido. Está a ser removido desta mesa.","servererror810": "O número máximo permitido de rondas assistidas foi atingido. Está a ser removido desta mesa.","servererror811": "Não é possível entrar na mesma mesa duas vezes.","servererror812": "Está a assistir.","servererror813": "Este lugar já está ocupado por outro jogador. Por favor, escolha um lugar livre.","servererror814": "As apostas não confirmadas serão removidas da mesa.","servererror815": "Lamentamos, mas esta mesa será fechada. Por favor, escolha outra mesa.","servererror816": "Não há jogadores nesta mesa. Esta será fechada daqui a [1] segundos.","servererror817": "Lamentamos, mas esta mesa foi fechada. Por favor, escolha outra mesa.","servererror818": "O jogo ativo não foi encontrado.","servererror819": "Não tem permissão para entrar nesta mesa.","servererror820": "O tempo de fim da mesa foi atingido, a mesa vai ser fechada.","servererror821": "O código de convite está incorreto. Por favor, verifique o seu código de convite.","servererror822": "O nome de mesa introduzido contém palavras que não são permitidas. Introduza um nome de mesa diferente.","servererror823": "O nome da mesa deve ter entre 1 e 30 caracteres e apenas pode conter letras, números e espaços.","servererror824": "Não pode criar mais tabelas porque já criou três mesas de grupo privado que estão atualmente com o estado aberto.","servererror825": "O nome de mesa introduzido já está a ser utilizado. Introduza um nome de mesa diferente.","servererror826": "O modelo de grupo privado foi fechado. Escolha um modelo diferente.","servererror827": "A palavra-passe introduzida contém palavras que não são permitidas. Introduza uma palavra-passe diferente.","servererror828": "O código de convite tem de ter entre 1 e 10 caracteres e apenas pode conter letras e números.","servererror832": "Não pode entrar na mesa com a mesma aposta total.","servererror9": "Por favor, escolha uma alcunha diferente.","setSelfExclusionDialog.cancelButton": "Cancelar","setSelfExclusionDialog.header": "Autoexclusão","setSelfExclusionDialog.okButton": "Aplicar","setSelfExclusionDialog.periodRestrictionLabel": "Ativar autoexclusão","sky.error.undefined": "Ocorreu um erro no jogo! Será redirecionado para o hall de entrada.","sound.popup.dontShowMeAgain": "Não mostrar novamente","sound.popup.text": "Quer jogar com som?","timeLossLimit.gambling.closeGame.button": "Sair","timeLossLimit.gambling.ignore.button": "Continuar","timeLossLimit.gambling.warning": "Está a jogar há [minutes] minutos desde o início da sua sessão de jogo nas slot machines.","timeLossLimit.limitReached.loss.error": "Atingiu o limite máximo de perda na sessão e o jogo será fechado","timeLossLimit.limitReached.time.error": "Atingiu o limite máximo de tempo de sessão e o jogo será fechado","timeLossLimit.losslimit.proximity.warning": "Atenção: Está a aproximar-se do limite de perda por sessão","timeLossLimit.sessionsummary": "A sua sessão de jogo atual irá terminar. Durante esta sessão, apostou um total de [bets] e ganhou um total de [wins]","timeLossLimit.timelimit.proximity.warning": "Atenção: Está a aproximar-se do limite de tempo de sessão","timeLossLimit.tooHighBet.error": "Não pode fazer esta aposta pois esta excederia o limite de aposta. Por favor, faça uma aposta mais baixa","timeLossLimitDialog.betLimit.label": "Limite de perda","timeLossLimitDialog.betLimit.value.error.bigThanBalance": "O seu limite de perda é superior ao seu saldo. Por favor, introduza um montante mais baixo ou faça um depósito","timeLossLimitDialog.betLimit.value.error.notValid": "Montante inválido. Por favor, introduza um montante válido","timeLossLimitDialog.cancelButton.label": "Cancelar","timeLossLimitDialog.gamblingNoticeInterval.label": "Intervalo de aviso de jogo","timeLossLimitDialog.okButton.label": "Ok","timeLossLimitDialog.sessionTimer.label": "Temporizador de sessão","timeLossLimitDialog.sessionTimer.placeholder": "Toque para selecionar","timeLossLimitDialog.timeLimit.value.error.empty": "O valor do temporizador de sessão é inválido. Por favor, selecione um período de tempo válido","timeLossLimitDialog.title": "Limitações dos jogos de slots","uifeatures.demo.popup": "Experimente gratuitamente","uifeatures.real.popup": "Está a jogar a dinheiro","ukreg.autoplay.jackpotsinglewinlimit.message": "Jogo automático parou: ganhou o jackpot. Ganhou mais de [amount]","ukreg.autoplay.jackpotwinlimit.message": "Jogo automático parou: ganhou o jackpot.","ukreg.autoplay.losslimit.message": "Jogo automático parou: limite de perda atingido.","ukreg.autoplay.singlewinlimit.message": "Jogo automático parou: ganhou mais de [amount].","ukreg.cancelButtonText": "Sair","ukreg.confirmButtonText": "Confirmar","ukreg.jackPotLabel": "Parar jogo automáticocom prémio de jackpot","ukreg.lossLabel": "Parar jogo automático com perda global de:","ukreg.lossLimitExceedMessage": "Valor limite de perda demasiado alto: O valor máximo permitido é [amount]","ukreg.lossLimitInvalidMessage": "Valor inválido no campo do limite de perda. Introduza um valor válido.","ukreg.lossLimitLowMessage": "O limite de perda introduzido é demasiado baixo para iniciar o jogo automático. Introduza um valor mais alto.","ukreg.singleWinExceedMessage": "Valor limite de prémio simples demasiado alto: O valor máximo permitido é [amount]","ukreg.singleWinInvalidMessage": "Valor inválido no campo do limite de prémio simples. Introduza um valor válido.","ukreg.singleWinLabel": "Parar num prémio simples superior a:","ukreg.singleWinLowMessage": "Valor do limite de ganho simples demasiado alto: o montante máximo permitido é 999999999.00","ukreg.title": "Jogo responsável – jogo automático","unit.time.10minutes": "10 minutos","unit.time.12hours": "12 horas","unit.time.15minutes": "15 minutos","unit.time.1day": "1 dia","unit.time.1hour": "1 hora","unit.time.1month": "1 mês","unit.time.1week": "1 semana","unit.time.20minutes": "20 minutos","unit.time.2hours": "2 horas","unit.time.30minutes": "30 minutos","unit.time.40minutes": "40 minutos","unit.time.50minutes": "50 minutos","unit.time.5minutes": "5 minutos","unit.time.60minutes": "60 minutos","unit.time.dimension.day.1": "dia","unit.time.dimension.day.few": "dias","unit.time.dimension.day.other": "dias","unit.time.dimension.hour.1": "hora","unit.time.dimension.hour.few": "horas","unit.time.dimension.hour.other": "horas","unit.time.dimension.minute.1": "minuto","unit.time.dimension.minute.few": "minutos","unit.time.dimension.minute.other": "minutos","unit.time.dimension.month.1": "mês","unit.time.dimension.month.few": "meses","unit.time.dimension.month.other": "meses","unit.time.dimension.second.1": "segundo","unit.time.dimension.second.few": "segundos","unit.time.dimension.second.other": "segundos","unit.time.dimension.week.1": "semana","unit.time.dimension.week.few": "semanas","unit.time.dimension.week.other": "semanas","unsupported.landscape.text": "O JOGO ESTÁ DESENHADO NO MODO VERTICAL.<br />RODE O SEU DISPOSITIVO NA VERTICAL PARA JOGAR.","unsupported.landscape.title": "JOGAR<br />NA VERTICAL","unsupported.portrait.text": "O JOGO ESTÁ DESENHADO NO MODO HORIZONTAL.<br />RODE O SEU DISPOSITIVO NA HORIZONTAL PARA JOGAR.","unsupported.portrait.title": "JOGAR<br />NA HORIZONTAL","update.ie9.browser.checkbox": "Não mostrar novamente","update.ie9.browser.message": "O jogo funciona melhor na versão mais recente do Internet Explorer ou Chrome. <br /> Por favor, clique aqui para atualizar o Internet Explorer.","multiplayerlobby.avatar": "Avatar","multiplayerlobby.join": "Aderir","multiplayerlobby.join.table": "Entrar na mesa","multiplayerlobby.limits": "Limites","multiplayerlobby.my.account": "A minha conta","multiplayerlobby.nickname": "Pseudónimo","multiplayerlobby.player.profile": "Perfil do Jogador","multiplayerlobby.players": "Jogadores","multiplayerlobby.save": "Guardar","multiplayerlobby.status": "Status","multiplayerlobby.table.name": "Nome da mesa","multiplayerlobby.timer": "Temporizador","multiplayerlobby.show.country": "Mostrar o Meu País","message.unexpectedError.501" : "Infelizmente, este jogo não está disponível no modo diversão Inicie sessão primeiro","multiplayerlobby.playerprofile.error.nickname.3" : "A alcunha deve ser igual ou inferior a 20 símbolos","multiplayerlobby.playerprofile.error.nickname.2" : "O campo alcunha é obrigatório","multiplayerlobby.playerprofile.error.nickname.4" : "Ocorreu um erro ao transferir a sua alcunha","multiplayerlobby.playerprofile.error.avatar.2" : "Impossível atualizar avatar","multiplayerlobby.switch.to.another.game" : "TEM A CERTEZA DE QUE PRETENDE ALTERAR O JOGO?","multiplayerlobby.playerprofile.error.avatar.1" : "Ocorreu um erro ao transferir o seu avatar","multiplayerlobby.playerprofile.error.status.2" : "O campo de estado deve ser igual ou inferior a 20 símbolos","multiplayerlobby.nickname.update.error" : "Contacte o administrador para alterar a sua alcunha","multiplayerlobby.playerprofile.error.status.3" : "Ocorreu um erro ao transferir o seu estado","multiplayerlobby.playerprofile.error.showcountry.2" : "Ocorreu um erro ao transferir o seu país de exibição","multiplayerlobby.playerprofile.error.showcountry.1" : "Impossível atualizar país de exibição","multiplayerlobby.playerprofile.error.status.1" : "Impossível atualizar estado do jogador","multiplayerlobby.stay" : "Ficar","multiplayerlobby.change" : "Alterar","multiplayerlobby.join.error.no.nickname": "Lamentamos, mas não pode entrar no jogo sem uma alcunha","multiplayerlobby.playerprofile.error.nickname.1" : "Utilize apenas letras e números","leaderboard.notification.leaderboard.completed": "Tabela de classificação Terminado","leaderboard.notification.leaderboard.finished": "Tabela de classificação Concluído","leaderboard.notification.leaderboard.cancelled": "Tabela de classificação cancelada","leaderboard.notification.leaderboard.started": "Tabela de classificação iniciada","leaderboard.notification.active": "Ativo","leaderboard.notification.starts.in": "COMEÇA DENTRO DE"}
}