{"texts": {"GAME_CATEGORY_FEATURED": "Избрано","GAME_CATEGORY_LIVE": "На живо","GAME_CATEGORY_NEW": "Ново","GAME_CATEGORY_POKER": "Покер","GAME_CATEGORY_SCRATCH": "Скреч","GAME_CATEGORY_SLOTS": "Слот игри","GAME_CATEGORY_VIDEO_POKER": "Видео покер","affiliate.button.casino": "Казино","affiliate.button.dl": "Изтегляне","blockScreen.close.split": "Изключете разделения изглед, за да продължите играта","blockScreen.doubleTap": "Моля натиснете два пъти, за да играете играта в нормален размер","blockScreen.singleTap": "Моля натиснете върху екрана, за да продължите играта","blockScreen.swipeDown": "↓ Плъзнете надолу ↓","blockScreen.swipeUp": "↑ Плъзнете, за да играете в режим с цял екран ↑","blockScreen.enterFullscreen": "Докоснете за игра на цял екран","bringMoney.aamsCode": "Кодът на AAMS сесията е:","bringMoney.amountPlaceholder": "Допринесете средства към масата","bringMoney.bring": "Внесете в играта","bringMoney.casinoBalance": "Казино баланс:","bringMoney.failure.message": "Предаването неуспешно","bringMoney.fsbTitle": "Изберете количеството Безплатни завъртания, <br/>които да използвате в играта","bringMoney.notEnough.message": "Не разполагате с достатъчно средства в баланса си","bringMoney.participationCode": "Код за участие:","bringMoney.realTitle": "Изберете сумата реални пари,<br/>които да използвате в играта","bringMoney.ropCode": "Последният легален код за участие е","bringMoney.ropTimestamp": "Създаден код:","bringMoney.sessionLimit.message": "Не можете да участвате с повече от {0} в една сесия","bringMoney.success.message": "Предаването успешно <br/>Вашият код за участие в тази сесия е: {0}","bringMoney.tableBalance": "Игрален баланс:","bringMoney.transactionLimit.message": "Не можете да участвате с повече от {0}","brokenGames.unfinishedGames": "Имате недовършени игри в казиното.","brokenGames.likeToResume": "Искате ли да я възобновите?","brokenGames.selectGame": "Изберете игра, която искате да възобновите.","desktop.caption.audioSettings": "Аудио настройки","desktop.caption.generalSettings": "Общи настройки","desktop.fsb.ButtonText": "Щракнете тук","desktop.fsb.notificationText": "Имате безплатни завъртания! Щракнете тук, за да ги използвате сега!","desktop.goldenchip.ButtonText": "Инфо","desktop.goldenchip.notificationText": "Докоснете, за да изберете Golden Chip от подноса със Golden Chip в долната част на масата","desktop.goldenchip.v2.notificationText": "Имате налични Golden Chips. Golden Chips са само за залагане и ще бъдат приспаднати от вашите печалби след всеки рунд на залагане.","desktop.label.gameSounds": "Звуци в играта","desktop.label.skipIntro": "Пропусни въвеждащото видео","desktop.label.splashScreen": "Не показвай стартовия екран","desktop.label.volume": "Сила на звука","desktop.loading.gameBy": "ИГРА ОТ","desktop.loading.loadingGame": "Играта се зарежда...","desktop.loading.proudlyPresents": "С ГОРДОСТ ПРЕДСТАВЯ","desktop.promotetoreal.continuePlaying": "Продължи игра","desktop.promotetoreal.playForReal": "ИГРА С РЕАЛНИ ПАРИ","desktop.promotetoreal.text": "Изглежда имате печеливша серия. Желаете ли да играете за реални пари?","desktopGameAdvisor.header": "Трябва ви помощ в търсенето на нови игри?","desktopGameAdvisor.hideButton": "Не показвай повече това съобщение","desktopGameAdvisor.suggestions": "Вижте тези предложения","download.installFlashPlayer.linkText": "Adobe.com","download.installFlashPlayer.part1": "Трябва да имате инсталиран Adobe Flash Player, за да стартирате казиното.","download.installFlashPlayer.part2.1": "Щракнете тук, за да отворите","download.installFlashPlayer.part2.2": "сега.","download.installFlashPlayer.part3": "След инсталиране на плейъра, стартирайте казиното отново.","error.id.title": "Некоректно ID на игра","error.item.unavailable": "За съжаление този обект в момента е недостъпен. Моля, опитайте по-късно.","error.malformed.back.url": "Неправилен обратен URL. Не може да стартирате играта","gameAdvisor.header": "Игрален съветник","gameAdvisor.hideButton": "скрий временно","gameAdvisor.mostPopular": "Най-популярно","gameAdvisor.mostPopular_1": "Слот машини","gameAdvisor.mostPopular_2": "Игри на маса","gameAdvisor.mostPopular_3": "Игри с карти","gameAdvisor.mostPopular_4": "Видео покер игри","gameAdvisor.mostPopular_5": "Аркадни игри","gameAdvisor.mostPopular_6": "Прогресивни игри","gameAdvisor.mostPopular_7": "Прогресивни игри","gameAdvisor.newGames": "Нови игри","gameAdvisor.otherGames": "Други игри","gameAdvisor.otherPlayers": "Други играчи","gameAdvisor.similarGames": "Подобни игри","gameAdvisor.suggestions": "Разгледайте следните предложения","gameConfigurationError1": "За съжаление тази игра има проблем с конфигурацията. Ще бъдете пренасочени към лобито. <br>Моля свържете се с екипа по клиентска поддръжка<br> или опитайте да играете друга игра.","gameConfigurationError2": "За съжаление тази функция не е налична в тази игра поради проблем с конфигурацията. <br>Моля свържете се с екипа по клиентска поддръжка<br> или опитайте тази функция в рамките на друга игра.","goldenChip.notification": "{count} GOLDEN CHIP НА СТОЙНОСТ {amount} СА НАЛИЧНИ В ТАЗИ ИГРА","italyBonusRewards": "Игрален бонус","italyFunBonusCreditsMessage": "Какъв тип кредити желаете да използвате в тази игра?","italyGameBonus": "Игрален бонус","italyGameBonusNotification": "В момента играете с игрален бонус, щракнете върху бързото меню, за да превключите на режим с истински пари","italyLowGameBonusBalance": "Вашият баланс за игрален бонус е твърде нисък и не можете да продължите в този игрален режим. Играта ще бъде превключена в режим с истински пари","italyRealMoney": "Истински пари","italyRealMoneyNotification": "В момента играете с реални пари, щракнете върху бързото меню, за да превключите на игрален бонус","label.concession": "Концесия","label.extend": "Увеличи","label.extend.for": "%time% минути","label.forgot": "Забравена парола?","label.joinNow": "Присъедини се сега","label.logIn": "Вход","label.logout": "Изход","label.mode.fun": "ИГРАЕЙКИ ЗА ЗАБАВЛЕНИЕ","label.mode.real": "ИГРАЕЙКИ ЗА РЕАЛНИ ПАРИ","label.notInUse": "Не се използва","label.practice": "Играй в режим за упражнение","label.rememberPass": "Запомни паролата","limits.state.title": "ЛИМИТИ:","loading.game.title": "Зареждане<br />","lobbyInGame.categoryName.featured": "Избрано","lobbyInGame.categoryName.jackpots": "Джакпоти","lobbyInGame.categoryName.slots": "Слот игри","lobbyInGame.categoryName.tableGames": "Игри на маса","lobbyInGame.title": "Игри","mainMenu.account": "Моята сметка","mainMenu.bank": "Банка","mainMenu.bonusTerms": "Условия за бонус","mainMenu.bringMoney": "Донеси пари","mainMenu.chat": "Чат","mainMenu.compPoints": "Допълнителни точки","mainMenu.deposit": "Депозит","mainMenu.depositLimit": "Лимит за депозит","mainMenu.fullScreen": "Цял екран","mainMenu.fundsTransfer": "Превод на средства","mainMenu.gameVersion": "Версия на играта","mainMenu.help": "Помощ","mainMenu.history": "История","mainMenu.inviteFriend": "Покани приятел","mainMenu.licenseeInfo": "Информация за лиценз","mainMenu.limits": "Лимити","mainMenu.lobby": "Лоби","mainMenu.multiplayerLobby": "Лоби за играчи","mainMenu.logout": "Изход","mainMenu.options": "Опции","mainMenu.panic": "Паника","mainMenu.paytable": "Таблица на печалбите","mainMenu.playForReal": "Играй за реални пари","mainMenu.promotions": "Промоции","mainMenu.quickDeposit": "Бърз депозит","mainMenu.respGaming": "Отговорна игра","mainMenu.responsibleGamingApproval": "Отговорно залагане","mainMenu.responsibleGamingSngc": "Одобрен от SNGC","mainMenu.reverse.withdraw": "Обратно теглене","mainMenu.selfExclusion": "Самоизключване","mainMenu.settings": "Настройки","mainMenu.share": "Сподели","mainMenu.shareRefer": "Доведи приятел","mainMenu.sound": "Звук","mainMenu.support": "Поддръжка","mainMenu.timeOut": "Пауза","mainMenu.transactions": "Транзакции","mainMenu.withdraw": "Изтегли","menu.main.left.right.hand": "Управление с лява/дясна ръка","message.autoplayFinished": "Автоиграта е спряна","message.browserMode": "Сигурни ли сте, че желаете да превключите към браузър режим (това ще изисква презареждане на играта и текущата игра няма да бъде запазена)?","message.button.accept": "Приемам","message.button.cancel": "Отмени","message.button.close": "Затвори","message.button.decline": "Отказвам","message.button.later": "По-късно","message.button.no": "Не","message.button.ok": "Ок","message.button.play_fun": "Играй за забавление","message.button.reload": "Презареди","message.button.relogin": "Опитай повторно","message.button.update": "Актуализирай","message.button.yes": "Да","message.button.resume": "Възобнови","message.connError": "Неуспешно свързване със сървъра. Моля опитайте отново по-късно. Играта ще бъде заредена в режим за Забавление","message.connectionLost": "За съжаление възникна проблем с мрежовата връзка.<br/>Опитайте да презаредите играта или изберете друга.","message.exit": "Благодарим ви, че играете в казино [casinoname]!<br/>Наистина ли искате да излезете?","message.fsbError": "Функцията с Безплатно Завъртане не е налична в момента. Моля опитайте отново по-късно","message.gameNotLoaded": "Играта не се зарежда. Моля, опитайте отново или изберете друга игра. Ако проблемът продължава, моля, свържете се с нашия отдел Клиентска поддръжка.","message.incorrectUser": "Въведени грешни потребителско име или парола. Моля проверете акаунт информацията си и опитайте отново","message.insufDep": "Недостатъчен баланс. Желаете ли да направите депозит?","message.insufReal": "Недостатъчен баланс. Желаете ли да играете за реални пари?","message.insufTable": "Недостатъчен баланс. Желаете ли да допринесете допълнителни средства към масата?","message.loggedOut": "Вие сте излезли от профила си. Ако не можете да влезете обратно, моля, свържете се с нашия отдел Клиентска поддръжка.","message.login.failed": "Неуспешно влизане. Ще ви пренасочим към лоби страницата.","message.login.retry": "Влизането невъзможно","message.loginError": "Сесията е изтекла, моля опитайте отново","message.needLogin": "Влезте в лобито, за да играете с истински пари.","message.sessionClosed": "Сесията изтече: ще бъдете пренасочени към лобито.","message.networkError": "Възникна мрежова грешка. Играта ще се затвори.","message.shutdownNotification": "Системата е спряна за поддръжка. Вашата сесия ще бъде прекъсната след {timeLeft} минути. За да продължите да играете, влезте отново в казиното.","message.panicMessage": "Наистина ли искате да се самоизключите за следващите 12 часа?","message.reconnect": "Връзката е преустановена, повторно свързване","message.selectGame": "Изберете игра, за да използвате бонуса","message.server.disconnect": "Няма връзка със сървъра. Играта ще бъде заредена в режим за Забавление.","message.single.session": "Игра с този потребител е отворена на друго устройство","message.spinError": "Грешка при завъртането в играта. Моля опитайте отново","message.termsAndConditions": "Общи условия","mg.label.balance": "БАЛАНС","mg.label.demo": "ДЕМО","mini.caption.settings": "Настройки","mini.label.disableWarnings": "Деактивирай предупрежденията","mini.label.volume": "ЗВУК","nickname.error": "Моля, изберете друг прякор.","nickname.message": "Добре дошли! <br> Изберете своя прякор в Казиното!","nickname.note": "Забележка: за да промените прякора си, се свържете с Обслужване на клиенти.","promotionsTitle": "Промоции","quickMenu.inGameLobby": "","quickMenu.notification.freeSpin": "[count] БЕЗПЛАТНИ ЗАВЪРТАНИЯ НАЛИЧНИ В ТАЗИ ИГРА","quickMenu.notification.promoGadget": "ИМА НОВИ ПРОМОЦИИ","quickMenu.promoGadget": "","realitycheck.message.button.continue": "Продължи","realitycheck.message.button.stop": "Стоп","servererror10": "Този псевдоним се използва от друг играч.<br>Въведете нов псевдоним и опитайте отново.","servererror1018": "Можете да играете само в една мрежа в даден момент. Моля затворете всички игри и напуснете списъците с изчакващи преди да промените мрежата си.","servererror104": "Сесията ви е невалидна","servererror108": "Недостатъчен баланс за заявения залог. Моля поставете по-нисък залог или посетете <u><a href=\\\"htcmd:switchtogame?code=cashier\\\">Касиер<\\/a><\\/u>, за да направите депозит.","servererror178": "Неуспешно влизане. Ще ви пренасочим към лоби страницата.","servererror113": "Поради техническа грешка, в момента не можем да завършим този рунд.<br>Можете да завършите играта или да разгледате резултата от играта в хронологията на играта на по-късен етап, след като проблема бъде разрешен.<br>Моля свържете се с екипа по клиентска поддръжка на [supportemail] за допълнително съдействие.<br>Извиняваме се за причиненото неудобство.","servererror13": "Съжаляваме, сървърът на прогресивния джакпот в момена не отговаря.<br>Моля опитайте отново по-късно.<br>Междувременно можете да играете някоя от стандартните ни игри.","servererror147": "Трябва да приключите незавършената си игра преди да можете да играете нова игра","servererror15": "Съжаляваме, нашият екип по клиентска поддръжка в момента не е на разположение.<br>Моля опитайте отново след няколко минути.<br>Извиняваме се за причиненото неудобство.","servererror16": "Дилърът в момента не е на масата. Моля опитайте на някоя от другите ни маси.","servererror17": "Съжаляваме, няма отговор от игралния сървър.<br>Ако проблемът не бъде решен, можете да продължите да играете само в офлайн режим.<br>Моля свържете се с екипа по клиентска поддръжка на [supportemail] за незабавно съдействие.<br>Извиняваме се за причиненото неудобство.","servererror204": "Дилърът е е на масата.","servererror233": "Залозите ви не бяха потвърдени в този игрален рунд поради проблеми с Интернет връзката ви. Моля опитайте отново в следващия игрален рунд. Ако проблемът продължи да се случва, може да се наложи да се свържете с Интернет доставчика си за съдействие.","servererror27": "Получи се вътрешна грешка със синхронизацията. Моля свържете се с екипа по клиентска поддръжка на [supportemail] за допълнително съдействие.<br>Извиняваме се за причиненото неудобство","servererror28": "Тази игра в момента е затворена. Моля опитайте някоя от другите ни игри.","servererror29": "Не може да се присъедините два пъти към една и съща игрална маса на живо.","servererror31": "Поради комуникационен проблем залогът ви не бе регистриран на време. Моля затворете игралния прозорец и стартирайте отново играта. За да предотвратите този проблем в бъдеще, моля опитайте се да потвърждавате залозите си веднага след началото на игралния рунд.","servererror33": "Не разполагате с достатъчно реални пари, за да поставите бакшиша.","servererror332": "Опитвате се да заемете повече от позволените места.","servererror334": "Достъпът до тази маса е забранен от италианските регулации. Моля опитайте някоя от другите ни игри.","servererror35": "Прогресивният страничен залог не можа да бъде поставен. За допълнително съдействие, моля свържете се с екипа по клиентска поддръжка на [supportemail].","servererror4": "В момента игралната маса е пълна.<br>Моля опитайте отново по-късно или опитайте на други маси","servererror522": "Полето за '<b>Верифициране на парола<\\/b>' не съвпада.<br>Моля въведете отново данните в полето '<b>Верифициране на парола<\\/b>'.","servererror57": "Техническа грешка. Всичките ви залози бяха върнати","servererror586": "Минималната сила на паролата ви е 'Много слаба': тя трябва да има дължина от поне 8 символа","servererror587": "Минималната сила на паролата ви е 'Слаба': тя трябва да има дължина от поне 8 символа и да съдържа както малки, така и големи букви.","servererror588": "Минималната сила на паролата ви е 'Средно силна': тя трябва да има дължина от поне 8 символа, да съдържа както малки, така и големи букви и поне една цифра.","servererror589": "Минималната сила на паролата ви е 'Силна': тя трябва да има дължина от поне 8 символа, да съдържа както малки, така и големи букви, поне една цифра и един специален символ.","servererror590": "Минималната сила на паролата ви е 'Най-силна': тя трябва да има дължина от поне 12 символа, да съдържа както малки, така и големи букви, поне една цифра и един специален символ.","servererror6": "Съжаляваме, няма отговор от игралния сървър.<br>Моля свържете се с екипа по клиентска поддръжка на [supportemail] за незабавно съдействие.<br>Извиняваме се за причиненото неудобство.","servererror610": "Тази игра в момента не е налична. Моля опитайте някоя от другите ни игри","servererror615": "Прогресивните игри са налични, само когато играете за Истински пари","servererror616": "Това място вече е заето от друг играч. Моля изберете свободно място","servererror630": "Поради технически проблеми, не успяхме да завършим този рунд.<br>Ще бъдете уведомени, когато играта бъде решена, а балансът ви ще бъде обновен спрямо резултата.","servererror644": "Съжаляваме, тази функция в момента не е налична","servererror647": "Съжаляваме, залозите ви не бяха приети. Моля свържете се с \"Клиентска поддръжка\" на [supportemail] за допълнително съдействие.","servererror650": "В тази игра има лимит за една сесия във всеки един момент. Моля затворете активната в момента игра, за да влезете като участник на нова маса.","servererror680": "Имате незавършена игра от предишна игрална сесия в игрален режим, който в момента не се поддържа. Моля свържете се с \"Клиентска поддръжка\" за незабавно съдействие. Извиняваме се за причиненото неудобство.","servererror681": "Новата ви парола трябва да е различна от старата ви парола.<br>Въведете нова парола и опитайте отново.","servererror700": "[casino] е достигнало максималния брой на едновременно играещи участници","servererror701": "Максималният заложен лимит за вътрешни играчи в [casino] е превишен.","servererror720": "В тази игра има лимит за една сесия във всеки един момент.","servererror801": "Вече наблюдавате тази маса.","servererror802": "Съжаляваме, максималният брой наблюдаващи тази маса е достигнат. Сега връзката ви с тази маса ще бъде преустановена.","servererror803": "В момента тази маса е пълна. Сега връзката ви с тази маса ще бъде преустановена.","servererror804": "Съжаляваме, тази маса не е налична Моля изберете друга маса","servererror805": "Рундът не е активен","servererror806": "Невалидно действие","servererror807": "Съжаляваме, не можете да се присъедините към тази маса, тъй като заложните й лимити не са налични за вас","servererror808": "Дублиран залог.","servererror809": "Достигнат е максималния брой позволени рундове с неактивно поведение Сега връзката ви с тази маса ще бъде преустановена.","servererror810": "Достигнат е максималния брой позволени рундове за наблюдение. Сега връзката ви с тази маса ще бъде преустановена..","servererror811": "Не можете да се присъедините към една и съща маса два пъти","servererror812": "Вие наблюдавате","servererror813": "Това място вече е заето от друг играч. Моля изберете свободно място","servererror814": "Непотвърдените залози ще бъдат премахнати от масата","servererror815": "Съжаляваме, тази маса ще бъде затворена. Моля изберете друга маса","servererror816": "Няма нито един играч на тази маса. Тя ще бъде затворена след [1] секунди.","servererror817": "Съжаляваме, тази маса бе затворена. Моля изберете друга маса.","servererror818": "Не е открита активна игра.","servererror819": "Нямате разрешение да се присъедините към тази маса.","servererror820": "Крайният срок за игра на тази маса е достигнат и масата е затворена.","servererror821": "Неправилен код на покана. Моля проверете вашия код на покана.","servererror822": "Въведеното име на маса съдържа думи, които не са позволени. Въведете различно име на маса.","servererror823": "Името на масата трябва да бъде с дължина между 1 - 30 символа и може да съдържа само букви, цифри и интервали.","servererror824": "Не можете да създадете повече маси, тъй като вече сте създали три частни групови маси, които в момента са с отворен статус","servererror825": "Въведеното име на маса вече се използва от друга маса. Въведете различно име на маса.","servererror826": "Шаблонът за частната група е затворен. Моля изберете различен шаблон.","servererror827": "Въведената парола съдържа думи, които не са позволени. Въведете друга парола.","servererror828": "Кодът на поканата трябва да бъде с дължина между 1 - 10 символа и може да съдържа само букви и цифри.","servererror832": "Не можете да се присъедините към маса със същия общ залог.","servererror9": "Моля изберете различен псевдоним","setSelfExclusionDialog.cancelButton": "Отмени","setSelfExclusionDialog.header": "Самоизключване","setSelfExclusionDialog.okButton": "Приложи","setSelfExclusionDialog.periodRestrictionLabel": "Активирай самоизключване","sky.error.undefined": "Възникна грешка в играта! Ще бъдете пренасочени към лобито.","sound.popup.dontShowMeAgain": "Не ми показвай отново","sound.popup.text": "Искате ли да пуснете звука?","timeLossLimit.gambling.closeGame.button": "Напусни","timeLossLimit.gambling.ignore.button": "Продължи","timeLossLimit.gambling.warning": "Вече играете от [minutes] минути от началото на сесията за залагания в играта със слот машини. В рамките на този период вие сте заложили общо [bets]","timeLossLimit.limitReached.loss.error": "Достигнали сте максималния лимит за загуби и играта ще бъде затворена. В рамките на тази сесия вие сте заложили общо [bets] и спечелили общо [wins]","timeLossLimit.limitReached.time.error": "Достигнали сте максималния времеви лимит за сесия и играта ще бъде затворена. В рамките на тази сесия вие сте заложили общо [bets] и спечелили общо [wins]","timeLossLimit.losslimit.proximity.warning": "Моля имайте предвид – приближавате лимита за загуба в сесията","timeLossLimit.sessionsummary": "Текущата ви игрална сесия сега ще приключи. В рамките на тази сесия вие сте заложили общо [bets] и спечелили общо [wins]","timeLossLimit.timelimit.proximity.warning": "Моля имайте предвид – приближавате времевия лимит на сесията","timeLossLimit.tooHighBet.error": "Залогът ви не може да бъде приет, тъй като е възможно той да надвиши лимита за загуба в сесията ви. Моля поставете по-нисък залог","timeLossLimitDialog.betLimit.label": "Лимит за загуби","timeLossLimitDialog.betLimit.value.error.bigThanBalance": "Лимитът ви за загуба е по-висок от баланса ви. Моля въведете по-малка сума или направете депозит.","timeLossLimitDialog.betLimit.value.error.notValid": "Невалидна сума. Моля въведете повторно валидна сума","timeLossLimitDialog.cancelButton.label": "Отмени","timeLossLimitDialog.gamblingNoticeInterval.label": "Интервал за уведомление при залаганията","timeLossLimitDialog.okButton.label": "Ок","timeLossLimitDialog.sessionTimer.label": "Таймер за сесията","timeLossLimitDialog.sessionTimer.placeholder": "Натиснете, за да изберете","timeLossLimitDialog.timeLimit.value.error.empty": "Невалидна стойност за таймера на сесията. Моля изберете валиден времеви период","timeLossLimitDialog.title": "Ограничения на слот игри","uifeatures.demo.popup": "Опитайте сега безплатно","uifeatures.real.popup": "Сега играете с истински пари","ukreg.autoplay.jackpotsinglewinlimit.message": "Автоматичната игра е спряна: спечелен джакпот. Спечелени повече от [amount]","ukreg.autoplay.jackpotwinlimit.message": "Автоматичната игра е спряна: спечелен джакпот.","ukreg.autoplay.losslimit.message": "Автоматичната игра е спряна: достигнат е лимитът за загуба.","ukreg.autoplay.singlewinlimit.message": "Автоматичната игра е спряна: спечелени са повече от [amount].","ukreg.cancelButtonText": "Изход","ukreg.confirmButtonText": "Потвърждение","ukreg.jackPotLabel": "Спри автоматичната игра при спечелен джакпот","ukreg.lossLabel": "Спри автоматичната игра при обща загуба от:","ukreg.lossLimitExceedMessage": "Много висока стойност за лимит за загуба: Максимално позволената сума е [amount]","ukreg.lossLimitInvalidMessage": "Невалидна сума в полето за лимит на загуба. Моля въведете валидна сума.","ukreg.lossLimitLowMessage": "Въведеният лимит за загуба е твърде нисък, за да се започне автоматична игра. Моля въведете по-голяма сума.","ukreg.singleWinExceedMessage": "Много висока стойност за лимит на единична печалба: Максимално позволената сума е [amount]","ukreg.singleWinInvalidMessage": "Невалидна сума в полето за лимит на единична печалба. Моля въведете валидна сума.","ukreg.singleWinLabel": "Спри при единична печалба повече от:","ukreg.singleWinLowMessage": "Много висока стойност за лимит на единична печалба: Максимално позволената сума е [amount]","ukreg.title": "Отговорно залагане - автоматичната игра","unit.time.10minutes": "10 минути","unit.time.12hours": "12 часа","unit.time.15minutes": "15 минути","unit.time.1day": "1 ден","unit.time.1hour": "1 час","unit.time.1month": "1 месец","unit.time.1week": "1 седмица","unit.time.20minutes": "20 минути","unit.time.2hours": "2 часа","unit.time.30minutes": "30 минути","unit.time.40minutes": "40 минути","unit.time.50minutes": "50 минути","unit.time.5minutes": "5 минути","unit.time.60minutes": "60 минути","unit.time.dimension.day.1": "ден","unit.time.dimension.day.few": "дена","unit.time.dimension.day.other": "дена","unit.time.dimension.hour.1": "час","unit.time.dimension.hour.few": "часа","unit.time.dimension.hour.other": "часа","unit.time.dimension.minute.1": "минута","unit.time.dimension.minute.few": "минути","unit.time.dimension.minute.other": "минути","unit.time.dimension.month.1": "месец","unit.time.dimension.month.few": "месеца","unit.time.dimension.month.other": "месеца","unit.time.dimension.second.1": "секунди","unit.time.dimension.second.few": "секунди","unit.time.dimension.second.other": "секунди","unit.time.dimension.week.1": "седмица","unit.time.dimension.week.few": "седмици","unit.time.dimension.week.other": "седмици","unsupported.landscape.text": "ИГРАТА Е СЪЗДАДЕНА ЗА ВЕРТИКАЛЕН РЕЖИМ.<br />ОБЪРНЕТЕ УСТРОЙСТВОТО СИ ВЪВ ВЕРТИКАЛНА ПОЗИЦИЯ, ЗА ДА ИГРАЕТЕ.","unsupported.landscape.title": "ИГРАЙ<br />ВЪВ ВЕРТИКАЛЕН РЕЖИМ","unsupported.portrait.text": "ИГРАТА Е СЪЗДАДЕНА ЗА ХОРИЗОНТАЛЕН РЕЖИМ.<br />ОБЪРНЕТЕ УСТРОЙСТВОТО СИ ХОРИЗОНТАЛНО, ЗА ДА ИГРАЕТЕ","unsupported.portrait.title": "ИГРАЙ<br />В ХОРИЗОНТАЛЕН РЕЖИМ","update.ie9.browser.checkbox": "Не показвай отново","update.ie9.browser.message": "Играта върви по-добре с последната версия на Internet Explorer или Chrome. <br/>Моля, кликнете тук, за да актуализирате Internet Explorer.","bringMoney.mobilePrimarySpinsCurrency" : "Безплатни завъртания","italyDesktopGameBonusNotification" : "Сега играете с бонус от играта. Щракнете върху бутона в долния панел, за да превключите на истински пари","bringMoney.multiBonusTitle" : "Изберете броя безплатни завъртания<br/>и кредити за забавление, които да използвате в играта","desktop.label.freeSpins" : "БЕЗПЛАТНИ ЗАВЪРТАНИЯ","bringMoney.desktopSpinsCurrency" : "БЕЗПЛАТНИ ЗАВЪРТАНИЯ","italyDesktopRealMoneyNotification" : "Сега играете с истински пари. Щракнете върху бутона в долния панел, за да превключите на бонус от играта","multiplayerlobby.avatar": "Аватар","multiplayerlobby.join": "Присъедини се","multiplayerlobby.join.table": "Включи се на маса","multiplayerlobby.limits": "Лимити","multiplayerlobby.my.account": "Моята сметка","multiplayerlobby.nickname": "Прякор","multiplayerlobby.player.profile": "Профил на играч","multiplayerlobby.players": "Играчи","multiplayerlobby.save": "Запиши","multiplayerlobby.status": "Състояние","multiplayerlobby.table.name": "Име на маса","multiplayerlobby.timer": "Таймер","multiplayerlobby.show.country": "Покажи моята страна","message.unexpectedError.501" : "За съжаление тази игра не е налична в режим за забавление. Първо влезте в системата","multiplayerlobby.playerprofile.error.nickname.3" : "Полето за псевдоним трябва да е по-малко или равно на 20 символа","multiplayerlobby.playerprofile.error.nickname.2" : "Полето за псевдоним трябва да е попълнено","multiplayerlobby.playerprofile.error.nickname.4" : "Възникна грешка при изтегляне на вашия псевдоним","multiplayerlobby.playerprofile.error.avatar.2" : "Не може да се обнови аватара","multiplayerlobby.switch.to.another.game" : "НАИСТИНА ЛИ ИСКАТЕ ДА СМЕНИТЕ ИГРАТА?","multiplayerlobby.playerprofile.error.avatar.1" : "Възникна грешка при изтегляне на вашия аватар","multiplayerlobby.playerprofile.error.status.2" : "Полето за статус трябва да е по-малко или равно на 20 символа","multiplayerlobby.nickname.update.error" : "За да промените псевдонима си, се свържете с администратор.","multiplayerlobby.playerprofile.error.status.3" : "Възникна грешка при изтегляне на вашия статус","multiplayerlobby.playerprofile.error.showcountry.2" : "Възникна грешка при изтегляне на показваната държава","multiplayerlobby.playerprofile.error.showcountry.1" : "Не може да се обнови показваната държава","multiplayerlobby.playerprofile.error.status.1" : "Не може да се обнови статуса на играча","multiplayerlobby.stay" : "Остани","multiplayerlobby.change" : "Смяна","multiplayerlobby.join.error.no.nickname": "Не можете да се включите в играта без псевдоним","multiplayerlobby.playerprofile.error.nickname.1" : "Използвайте само букви и цифри","leaderboard.notification.leaderboard.completed": "Ранкиране на лидерите Завършен","leaderboard.notification.leaderboard.finished": "Ранкиране на лидерите приключила","leaderboard.notification.leaderboard.cancelled": "Класиране отменено","leaderboard.notification.leaderboard.started": "Класиране стартирано","leaderboard.notification.active": "Активно","leaderboard.notification.starts.in": "ЗАПОЧВА В"}
}