{"texts": {"GAME_CATEGORY_FEATURED": "Destacado","GAME_CATEGORY_LIVE": "En vivo","GAME_CATEGORY_NEW": "Nuevo","GAME_CATEGORY_POKER": "Poker","GAME_CATEGORY_SCRATCH": "Tarjetas rasca","GAME_CATEGORY_SLOTS": "Tragamonedas","GAME_CATEGORY_TABLE_GAMES": "Juegos de mesa","GAME_CATEGORY_VIDEO_POKER": "Video poker","affiliate.button.casino": "Casino","affiliate.button.dl": "Descarga","blockScreen.close.split": "Para continuar la partida desactive Dividir vista","blockScreen.doubleTap": "Pulse dos veces para jugar en el tamaño normal.","blockScreen.singleTap": "Por favor, pulse en la pantalla para continuar el juego","blockScreen.swipeDown": "↓ Por favor, deslice el dedo hacia abajo ↓","blockScreen.swipeUp": "↑ Deslizar hacia arriba para jugar en pantalla completa ↑","blockScreen.enterFullscreen": "Tocar para jugar a pantalla completa","bringMoney.aamsCode": "Código de sesión AAMS:","bringMoney.amountPlaceholder": "Transferir dinero a mesa del casino","bringMoney.bring": "Traer a la partida","bringMoney.casinoBalance": "Saldo del casino:","bringMoney.failure.message": "La transmisión ha fallado","bringMoney.fsbTitle": "Seleccione la cantidad de Giros Gratis<br/>que traer a la partida","bringMoney.notEnough.message": "No dispone de suficiente dinero en el saldo de su cuenta","bringMoney.participationCode": "Código de participación:","bringMoney.realTitle": "Seleccione la cantidad de dinero<br/>real que traer a la partida","bringMoney.ropCode": "El último código legal de participación es:","bringMoney.ropTimestamp": "Código creado:","bringMoney.sessionLimit.message": "No puede jugar con más de {0} por sesión","bringMoney.success.message": "La transmisión ha tenido éxito <br/>Tu código de participación de esta sesión es: {0}","bringMoney.tableBalance": "Saldo de juego:","bringMoney.transactionLimit.message": "No puede entrar a jugar con más de {0}","brokenGames.unfinishedGames": "Tiene partidas sin terminar en el Casino.","brokenGames.likeToResume": "¿Quiere continuar?","brokenGames.selectGame": "Seleccione una partida a continuar.","desktop.caption.audioSettings": "Ajustes de sonido","desktop.caption.generalSettings": "Ajustes generales","desktop.fsb.ButtonText": "Pulse aquí","desktop.fsb.notificationText": "¡Tiene giros gratis! ¡Pulse aquí para usarlos ya!","desktop.goldenchip.ButtonText": "Info","desktop.goldenchip.notificationText": "Pulse para escoger una ficha dorada de la bandeja de fichas doradas en la parte inferior de la mesa","desktop.goldenchip.v2.notificationText": "Tiene Golden Chips disponibles. Las Golden Chips solo sirven par apostar y se le deducirán de sus ganancias tras cada ronda de apuestas.","desktop.label.gameSounds": "Sonidos del juego","desktop.label.skipIntro": "Saltar vídeo de introducción","desktop.label.splashScreen": "No mostrar la pantalla de inicio","desktop.label.volume": "Volumen","desktop.loading.gameBy": "UN JUEGO DE","desktop.loading.loadingGame": "Cargando juego...","desktop.loading.proudlyPresents": "SE ENORGULLECE DE PRESENTARLE","desktop.promotetoreal.continuePlaying": "Seguir jugando","desktop.promotetoreal.playForReal": "JUGAR POR DINERO REAL","desktop.promotetoreal.text": "Parece que tiene una racha ganadora. ¿Desea jugar con dinero real?","desktopGameAdvisor.header": "¿Necesita ayuda para encontrar más juegos?","desktopGameAdvisor.hideButton": "No volver a mostrar este mensaje","desktopGameAdvisor.suggestions": "No se pierda los siguientes consejos","download.installFlashPlayer.linkText": "Adobe.com","download.installFlashPlayer.part1": "Para iniciar el casino debe tener instalado en su sistema Adobe Flash Player.","download.installFlashPlayer.part2.1": "Pulse aquí para visitarlo","download.installFlashPlayer.part2.2": "ahora.","download.installFlashPlayer.part3": "Por favor, vuelva a iniciar el casino después de instalar el reproductor.","error.id.title": "ID del juego incorrecto","error.item.unavailable": "Lo sentimos pero este elemento ahora mismo no está disponible. Inténtelo de nuevo más tarde.","error.malformed.back.url": "URL de retorno mal construida. Usted no puede iniciar el juego","gameAdvisor.header": "Consejero del juego","gameAdvisor.hideButton": "ocultar temporalmente","gameAdvisor.mostPopular": "Más popular","gameAdvisor.mostPopular_1": "Tragaperras","gameAdvisor.mostPopular_2": "Juego de mesa","gameAdvisor.mostPopular_3": "Juegos de cartas","gameAdvisor.mostPopular_4": "Juegos de vídeo poker","gameAdvisor.mostPopular_5": "Juegos de arcade","gameAdvisor.mostPopular_6": "Juegos progresivos","gameAdvisor.mostPopular_7": "Juegos progresivos","gameAdvisor.newGames": "Juegos nuevos","gameAdvisor.otherGames": "Otros Juegos","gameAdvisor.otherPlayers": "Otros jugadores","gameAdvisor.similarGames": "Juegos similares","gameAdvisor.suggestions": "No se pierda los siguientes consejos","goldenChip.notification": "EN ESTE JUEGO HAY DISPONIBLES {count} FICHAS DORADAS VALORADAS EN {amount}","italyBonusRewards": "Bonus del juego","italyFunBonusCreditsMessage": "¿Qué clase de créditos quiere usar en este juego?","italyGameBonus": "Bonus del juego","italyGameBonusNotification": "Ahora está jugando con el bonus del juego, pulse el menú rápido para cambiar al real","italyLowGameBonusBalance": "Su saldo de Bonus de Juego es demasiado bajo como para seguir jugando en este modo. El juego pasará a Dinero Real","italyRealMoney": "Dinero real","italyRealMoneyNotification": "Ahora está jugando con dinero real, pulse el menú rápido para cambiar el bonus del juego","label.concession": "Concesión","label.extend": "Extender","label.extend.for": "%time% minutos","label.forgot": "¿Ha olvidado su contraseña?","label.joinNow": "Unirse ahora","label.logIn": "Iniciar sesión","label.logout": "Cerrar sesión","label.mode.fun": "JUGANDO POR DIVERSIÓN","label.mode.real": "JUGANDO CON DINERO REAL","label.notInUse": "No en uso","label.practice": "Jugar en modo diversión","label.rememberPass": "Recordar contraseña","limits.state.title": "LÍMITES:","loading.game.title": "Cargando<br />","lobbyInGame.categoryName.featured": "Destacado","lobbyInGame.categoryName.jackpots": "Jackpots","lobbyInGame.categoryName.slots": "Tragamonedas","lobbyInGame.categoryName.tableGames": "Juegos de mesa","lobbyInGame.title": "Juegos","mainMenu.account": "Mi cuenta","mainMenu.bank": "Banca","mainMenu.bonusTerms": "Términos sobre bonos","mainMenu.bringMoney": "Traer dinero","mainMenu.chat": "Chat","mainMenu.compPoints": "Puntos comp","mainMenu.deposit": "Depósito","mainMenu.depositLimit": "Límite de depósitos.","mainMenu.fullScreen": "Pantalla completa","mainMenu.fundsTransfer": "Transferir fondos","mainMenu.gameVersion": "Versión del juego","mainMenu.help": "Información","mainMenu.history": "Historial","mainMenu.inviteFriend": "Invitar a un amigo","mainMenu.leftRightHand": "Mano izquierda/derecha","mainMenu.licenseeInfo": "Datos del licenciatario","mainMenu.limits": "Límites","mainMenu.lobby": "Lobby","mainMenu.multiplayerLobby": "Lobby multijugador","mainMenu.logout": "Cerrar sesión","mainMenu.options": "Opciones","mainMenu.panic": "Pánico","mainMenu.paytable": "Tabla de pagos","mainMenu.playForReal": "Jugar con Dinero Real","mainMenu.promotions": "Promociones","mainMenu.quickDeposit": "Depósito rápido","mainMenu.respGaming": "Juego responsable","mainMenu.responsibleGamingApproval": "Juego responsable","mainMenu.responsibleGamingSngc": "Aprobado por la D.G.O.J.","mainMenu.reverse.withdraw": "Revertir el retiro","mainMenu.selfExclusion": "Auto-exclusión","mainMenu.settings": "Configuración","mainMenu.share": "Compartir","mainMenu.shareRefer": "Invitar a un amigo","mainMenu.sound": "Sonido","mainMenu.support": "Solicitud de","mainMenu.timeOut": "Descanso","mainMenu.transactions": "Transacciones","mainMenu.withdraw": "Retiro","menu.main.left.right.hand": "Mano izquierda/derecha","message.autoplayFinished": "Juego Automático detenido","message.browserMode": "¿Está seguro de que desea cambiar al modo navegador? Esto requerirá recargar el juego y la partida actual no se guardará.","message.button.accept": "Aceptar","message.button.cancel": "Cancelar","message.button.close": "Cerrar","message.button.decline": "Rechazar","message.button.later": "Más tarde","message.button.no": "No","message.button.ok": "OK","message.button.play_fun": "Jugar por diversión","message.button.reload": "Recarga","message.button.relogin": "Volver a intentarlo","message.button.update": "Actualizar","message.button.yes": "Sí","message.button.resume": "Continuar","message.connError": "No se ha podido conectar con el servidor. Por favor, inténtelo de nuevo más tarde. El juego se cargará en el Modo Diversión.","message.connectionLost": "Por desgracia ha habido un problema de conexión a la red.<br/>Intente volver a cargar el juego o escoja otro.","message.exit": "¡Gracias por jugar en el casino [casinoname]!<br />¿De verdad quiere salir?","message.gameNotLoaded": "El juego no está cargando. Inténtelo de nuevo o escoja otro juego. Si el problema continúa, contacte con nuestro servicio de atención al cliente.","message.inGameLobby.games": "Juegos","message.incorrectUser": "El nombre de usuario o la contraseña son incorrectos Por favor, verifique los datos de su cuenta e inténtelo de nuevo.","message.insufDep": "Saldo insuficiente ¿Desea hacer un depósito?","message.insufReal": "Saldo insuficiente ¿Desea jugar con dinero real?","message.insufTable": "Saldo insuficiente ¿Desea aportar fondos adicionales a la mesa?","message.loggedOut": "Ha sido desconectado. Si no puede volver a conectarse, contacte con nuestro servicio de atención al cliente.","message.login.failed": "Fallo en el acceso. Le redirigiremos hacia la página del lobby.","message.login.retry": "No se ha podido iniciar sesión","message.loginError": "La sesión ha expirado. Por favor, vuelva a entrar a su cuenta.","message.needLogin": "Para jugar con dinero real debe iniciar sesión en el lobby.","message.sessionClosed": "La sesión ha caducado: se le redirigirá al lobby.","message.networkError": "Error de red. El juego se va a cerrar.","message.shutdownNotification": "El sistema está en un período de mantenimiento. Se le desconectará en{timeleft} minutos. Para seguir jugando, reinicie sesión en el casino.","message.panicMessage": "¿Está seguro de querer auto excluirse durante las siguientes 12 horas?","message.promoGadget.promotions": "Promociones","message.reconnect": "Se ha perdido la conexión, estamos volviendo a conectar","message.selectGame": "Seleccione un juego para usar el bono","message.server.disconnect": "Desconectado del servidor. El juego se cargará en el Modo Diversión.","message.single.session": "Se ha abierto un juego con este mismo usuario en otro dispositivo.","message.spinError": "Error en el giro. Por favor, inténtelo de nuevo.","message.termsAndConditions": "Términos y Condiciones","mg.label.balance": "SALDO","mg.label.demo": "DEMO","mini.caption.settings": "Ajustes","mini.label.disableWarnings": "Desactivar avisos","mini.label.volume": "VOLUMEN","nickname.error": "Por favor, elija otro apodo.","nickname.message": "¡Bienvenido! <br> ¡Elija su apodo para el casino!","nickname.note": "Nota: para cambiar su apodo debe contactar con Atención al cliente.","quickMenu.inGameLobby": "","quickMenu.notification.freeSpin": "[count] GIROS GRATIS DISPONIBLES EN ESTE JUEGO","quickMenu.notification.promoGadget": "NUEVAS PROMOCIONES DISPONIBLES","quickMenu.promoGadget": "","realitycheck.message.button.continue": "Continuar","realitycheck.message.button.stop": "Detener","servererror10": "Este apodo ya está siendo utilizado por otro jugador.<br>Indique un apodo diferente y vuelva a intentarlo.","servererror1018": "Solo puede jugar en una red al mismo tiempo. Por favor, cierre todas sus partidas y abandone las listas de espera antes de cambiar de red.","servererror104": "Su sesión no es válida.","servererror108": "Saldo insuficiente para la apuesta solicitada. Por favor, haga una apuesta más baja o visite el <u><a href=\"htcmd:switchtogame?code=cashier\">Cajero</a></u> para hacer un depósito.","servererror178": "Fallo en el acceso. Le redirigiremos hacia la página del lobby.","servererror113": "A causa de un problema de tipo técnico, no es posible completar esta ronda del juego en estos momentos.<br>Puede terminar la ronda del juego o consultar el resultado más tarde, en su historial de juego, una vez que el problema técnico haya sido resuelto.<br>Si desea recibir más asistencia, contacte con el equipo de atención al cliente escribiendo a [supportemail].<br>Sentimos las molestias ocasionadas.","servererror13": "Lo sentimos, el servidor del jackpot progresivo no está respondiendo en estos momentos.<br>Por favor, inténtelo de nuevo más tarde.<br>Mientras tanto, pruebe a jugar en alguno de nuestros juegos normales.","servererror147": "Antes de poder jugar una nueva partida debes terminar tu partida no finalizada.","servererror15": "Lo sentimos, el equipo de atención al cliente no está disponible en estos momentos.<br>Por favor, inténtelo nuevamente dentro de unos minutos.<br>Sentimos las molestias ocasionadas.","servererror16": "La crupier no está en la mesa en estos momentos. Por favor, pruebe otro de nuestros juegos.","servererror17": "Lo sentimos, no hemos recibido respuesta del servidor de juegos.<br>Si el problema persiste, puede continuar jugando en el modo sin conexión.<br>Si desea recibir más asistencia, le rogamos que se ponga en contacto con el equipo de atención al cliente escribiendo a [supportemail].<br>Sentimos las molestias ocasionadas.","servererror204": "El crupier no está en la mesa.","servererror233": "Sus apuestas en este juego no se han confirmado debido a problemas con su conexión a Internet. Por favor, inténtelo nuevamente en la siguiente ronda del juego. Si el problema persiste, es posible que tenga que ponerse en contacto con su proveedor del servicio de Internet para recibir asistencia.","servererror27": "Ha ocurrido un fallo de sincronización. Si desea recibir más asistencia, contacte con el equipo de atención al cliente escribiendo a [supportemail].<br>Sentimos las molestias ocasionadas.","servererror28": "Este juego está cerrado en estos momentos. Por favor, pruebe otro de nuestros juegos.","servererror29": "No puede unirse dos veces a la misma mesa de juego en vivo.","servererror31": "Su apuesta no se ha recibido a tiempo debido a un fallo de comunicación. Por favor, cierre la ventana del juego y vuelva a iniciarlo. Para evitar este problema en el futuro, le rogamos que confirme sus apuestas tan pronto como comience la ronda del juego.","servererror33": "No dispone de suficiente dinero real para dejar la propina.","servererror332": "Está intentando ocupar más asientos de los permitidos.","servererror334": "Está prohibido jugar en esta mesa a causa de la legislación italiana. Por favor, pruebe otro de nuestros juegos.","servererror35": "No se ha podido colocar el bote progresivo. Si desea recibir más asistencia, contacte con el equipo de atención al cliente escribiendo a [supportemail].","servererror4": "En estos momentos la mesa está llena.<br>Por favor, vuelva a intentarlo más tarde o pruebe con mesas diferentes.","servererror522": "El campo <b>Verificar contraseña</b> no coincide. <br>Por favor, vuelva a completar el campo <b>Verificar contraseña</b>. ","servererror57": "Fallo técnico. Se han devuelto todas sus apuestas.","servererror586": "La seguridad mínima de su contraseña es 'Muy débil': debe tener 8 caracteres como mínimo.","servererror587": "La seguridad mínima de su contraseña es 'Débil': debe tener 8 caracteres como mínimo y debe incluir tanto mayúsculas como minúsculas.","servererror588": "La seguridad mínima de su contraseña es 'Regular': debe tener 8 caracteres como mínimo, debe incluir tanto mayúsculas como minúsculas y también un dígito como mínimo.","servererror589": "La seguridad mínima de su contraseña es 'Fuerte': debe tener 8 caracteres como mínimo, debe incluir tanto mayúsculas como minúsculas, debe contener un dígito como mínimo y también un carácter especial.","servererror590": "La seguridad mínima de su contraseña es 'Muy fuerte': debe tener 12 caracteres como mínimo, debe incluir tanto mayúsculas como minúsculas, debe contener un dígito como mínimo y también un carácter especial.","servererror6": "Lo sentimos, no hemos recibido respuesta del servidor de juegos.<br>Si desea recibir más asistencia, contacte con el equipo de atención al cliente escribiendo a [supportemail].<br>Sentimos las molestias ocasionadas.","servererror610": "Este juego no está disponible en estos momentos. Por favor, pruebe otro de nuestros juegos.","servererror615": "Los juegos progresivos solo están disponibles cuando se juega con dinero real.","servererror616": "Este asiento ya está ocupado por otro jugador. Por favor, elija un asiento que esté libre.","servererror630": "A causa de un problema de tipo técnico no se ha podido completar esta ronda del juego.<br>Cuando se haya resuelto el problema, la ronda se completará y el saldo de su cuenta se ajustará en función del resultado.","servererror644": "Lo sentimos, esta función no está disponible en estos momentos.","servererror647": "Lo sentimos pero sus apuestas no han sido aceptadas. Si desea recibir más asistencia, contacte con el equipo de atención al cliente escribiendo a [supportemail].","servererror650": "En este juego no se puede jugar en más de una sesión al mismo tiempo. Por favor, cierre su partida activa si desea sentarse en una nueva mesa.","servererror680": "Tiene una partida sin finalizar en una sesión de juego anterior y en un modo de juego que en estos momentos no está disponible. Por favor, contacte con el equipo de atención al cliente para recibir más asistencia. Le pedimos disculpas por cualquier inconveniente que hayamos podido causarle.","servererror681": "Su nueva contraseña debe ser diferente a su contraseña antigua.<br>Indique una contraseña diferente e inténtelo de nuevo.","servererror700": "[casino] ha alcanzado la cantidad máxima de jugadores internos que juegan al mismo tiempo.","servererror701": "Se ha excedido el límite máximo de apuestas para los jugadores internos de [casino].","servererror720": "En este juego no se puede jugar en más de una sesión al mismo tiempo.","servererror801": "Ya está observando esta mesa.","servererror802": "Lo sentimos pero ya se ha alcanzado la cantidad máxima de observadores permitida en en esta mesa. En estos momentos se le está desconectado de esta mesa.","servererror803": "Esta mesa está llena. En estos momentos se le está desconectado de esta mesa.","servererror804": "Lo sentimos, esta mesa no está disponible. Por favor, seleccione otra mesa.","servererror805": "La ronda de juego no está activa.","servererror806": "Acción inválida.","servererror807": "Lo sentimos pero no puede unirse a esa mesa, debido a que no tiene acceso a esos límites de apuesta.","servererror808": "Apuesta duplicada.","servererror809": "Se ha alcanzado la cantidad máxima permitida de rondas de juego sin tomar decisiones. En estos momentos se le está desconectado de esta mesa.","servererror810": "Se ha alcanzado la cantidad máxima permitida de rondas de juego como observador. En estos momentos se le está desconectado de esta mesa.","servererror811": "No puede unirse dos veces a la misma mesa.","servererror812": "Está observando.","servererror813": "Este asiento ya está ocupado por otro jugador. Por favor, elija un asiento que esté libre.","servererror814": "Las apuestas no confirmadas se retirarán de la mesa.","servererror815": "Lo sentimos, esta mesa se va a cerrar. Por favor, seleccione otra mesa.","servererror816": "En esta mesa no hay jugadores. Se cerrará dentro de [1]segundos.","servererror817": "Lo sentimos, esta mesa se ha cerrado. Por favor, seleccione otra mesa.","servererror818": "No se ha encontrado un juego activo.","servererror819": "No tiene permiso para unirse a esta mesa.","servererror820": "Se ha alcanzado el límite de tiempo de la mesa y se ha cerrado la mesa.","servererror821": "Código de invitación incorrecto. Por favor, compruebe su código de invitación.","servererror822": "El nombre de mesa que ha indicado contiene palabras que no están permitidas. Por favor, indique otro nombre de mesa diferente.","servererror823": "El nombre de la debe tener entre 1 y 30 caracteres y puede contener letras, números y espacios.","servererror824": "No puede crear más mesas porque ya ha creado tres mesas de grupos privados que actualmente se encuentran abiertas.","servererror825": "El nombre de mesa que ha indicado ya está siendo utilizado. Por favor, indique otro nombre de mesa diferente.","servererror826": "Se ha cerrado la plantilla del grupo privado. Por favor, elija una plantilla distinta.","servererror827": "La contraseña que ha indicado contiene palabras que no están permitidas. Indique una contraseña diferente.","servererror828": "El código de invitación debe tener entre 1 y 10 caracteres y solo puede contener letras y números.","servererror832": "No puede unirse a una mesa con la misma apuesta total.","servererror9": "Por favor, elija un apodo distinto.","setSelfExclusionDialog.cancelButton": "Cancelar","setSelfExclusionDialog.header": "Auto exclusión","setSelfExclusionDialog.okButton": "Aplicar","setSelfExclusionDialog.periodRestrictionLabel": "Activar auto exclusión","sky.error.undefined": "¡Se ha producido un error en el juego! Se le redirigirá al lobby.","sound.popup.dontShowMeAgain": "No quiero volver a verlo","sound.popup.text": "¿Quiere jugar con sonido?","timeLossLimit.gambling.closeGame.button": "Abandonar","timeLossLimit.gambling.ignore.button": "Continuar","timeLossLimit.gambling.warning": "Lleva jugando [minutes] minutos desde que empezó su sesión de juego en las tragaperras. Durante este período ha apostado un total de [bets]","timeLossLimit.limitReached.loss.error": "Ha alcanzado su límite máximo de pérdidas por sesión y el juego se va a cerrar. Durante esta sesión ha apostado un total de [bets] y ha ganado un total de [wins]","timeLossLimit.limitReached.time.error": "Ha alcanzado su tiempo límite máximo de sesión y el juego se va a cerrar. Durante esta sesión ha apostado un total de [bets] y ha ganado un total de [wins]","timeLossLimit.losslimit.proximity.warning": "Aviso: se está acercando al límite de pérdidas de la sesión","timeLossLimit.sessionsummary": "Su sesión actual de juego finalizará ahora. Durante esta sesión ha apostado un total de [bets] y ha ganado un total de [wins]","timeLossLimit.timelimit.proximity.warning": "Aviso: se está acercando al límite de tiempo de la sesión","timeLossLimit.tooHighBet.error": "No se puede aceptar su apuesta ya que es posible que superase su límite de pérdidas para la sesión. Por favor, haga una apuesta menor.","timeLossLimitDialog.betLimit.label": "Límites de pérdidas","timeLossLimitDialog.betLimit.value.error.bigThanBalance": "Su límite de pérdidas es mayor que su saldo. Introduzca una cantidad menor o haga un depósito.","timeLossLimitDialog.betLimit.value.error.notValid": "La cantidad no es válida. Por favor, introduzca una cantidad válida.","timeLossLimitDialog.cancelButton.label": "Cancelar","timeLossLimitDialog.gamblingNoticeInterval.label": "Intervalo de notificación de juego","timeLossLimitDialog.okButton.label": "Ok","timeLossLimitDialog.sessionTimer.label": "Reloj de la sesión","timeLossLimitDialog.sessionTimer.placeholder": "Seleccionar","timeLossLimitDialog.timeLimit.value.error.empty": "Valor de reloj tiempo de sesión inválido. Seleccione un período de tiempo válido","timeLossLimitDialog.title": "Límites aplicables a las tragaperras","uifeatures.demo.popup": "Pruébelo gratis","uifeatures.real.popup": "Ahora está jugando con dinero real","ukreg.autoplay.jackpotsinglewinlimit.message": "Juego automático detenido: ha ganado el jackpot. Ha ganado más de [amount]","ukreg.autoplay.jackpotwinlimit.message": "Juego automático detenido: ha ganado el jackpot.","ukreg.autoplay.losslimit.message": "Juego automático detenido: se ha llegado al límite de pérdidas.","ukreg.autoplay.singlewinlimit.message": "Juego automático detenido: ha ganado más de [amount]","ukreg.cancelButtonText": "Salir","ukreg.confirmButtonText": "Confirmar","ukreg.jackPotLabel": "Detener el juego automático al ganar el jackpot","ukreg.lossLabel": "Detener el juego automático al perder un total de:","ukreg.lossLimitExceedMessage": "Límite de pérdidas demasiado alto: La cantidad máxima permitida es de [amount].","ukreg.lossLimitInvalidMessage": "Cantidad no válida en el campo límite de pérdidas. Introduzca una cantidad válida.","ukreg.lossLimitLowMessage": "Límite de pérdidas demasiado bajo como para iniciar el juego automático. Introduzca una cantidad mayor.","ukreg.singleWinExceedMessage": "Límite de premio único demasiado alto: La cantidad máxima permitida es de [amount]","ukreg.singleWinInvalidMessage": "Cantidad no válida en el campo límite de premio único. Introduzca una cantidad válida.","ukreg.singleWinLabel": "Parar al ganar un premio único de más de:","ukreg.singleWinLowMessage": "Límite de premio único demasiado alto: La cantidad máxima permitida es de [amount].","ukreg.title": "Juego responsable - Juego automático","unit.time.10minutes": "10 minutos","unit.time.12hours": "12 horas","unit.time.15minutes": "15 minutos","unit.time.1day": "1 día","unit.time.1hour": "1 hora","unit.time.1month": "1 mes","unit.time.1week": "1 semana","unit.time.20minutes": "20 minutos","unit.time.2hours": "2 horas","unit.time.30minutes": "30 minutos","unit.time.40minutes": "40 minutos","unit.time.50minutes": "50 minutos","unit.time.5minutes": "5 minutos","unit.time.60minutes": "60 minutos","unit.time.dimension.day.1": "día","unit.time.dimension.day.few": "días","unit.time.dimension.day.other": "días","unit.time.dimension.hour.1": "hora","unit.time.dimension.hour.few": "horas","unit.time.dimension.hour.other": "horas","unit.time.dimension.minute.1": "minuto","unit.time.dimension.minute.few": "minutos","unit.time.dimension.minute.other": "minutos","unit.time.dimension.month.1": "mes","unit.time.dimension.month.few": "meses","unit.time.dimension.month.other": "meses","unit.time.dimension.second.1": "segundo","unit.time.dimension.second.few": "segundos","unit.time.dimension.second.other": "segundos","unit.time.dimension.week.1": "semana","unit.time.dimension.week.few": "semanas","unit.time.dimension.week.other": "semanas","unsupported.landscape.text": "EL JUEGO ESTÁ DISEÑADO PARA JUGAR EN MODO VERTICAL.<br />PARA JUGAR, GIRE SU APARATO PARA COLOCARLO EN POSICIÓN VERTICAL.","unsupported.landscape.title": "JUGAR<br />EN VERTICAL","unsupported.portrait.text": "EL JUEGO ESTÁ DISEÑADO PARA JUGAR EN MODO APAISADO.<br />PARA JUGAR, GIRE SU APARATO PARA COLOCARLO EN POSICIÓN APAISADO.","unsupported.portrait.title": "JUGAR<br />EN APAISADO","update.ie9.browser.checkbox": "No volver a mostrar","update.ie9.browser.message": "El Juego funciona mejor en la última versión de Internet Explorer o Chrome. <br/>Pulse aquí para actualizar Internet Explorer.","bringMoney.mobilePrimarySpinsCurrency" : "Giros gratis","italyDesktopGameBonusNotification" : "Ahora está jugando con un bono de juego. Pulse el botón del panel inferior para cambiar a dinero real","bringMoney.multiBonusTitle" : "Seleccione el número de giros gratis<br/> y créditos de diversión a añadir al juego","desktop.label.freeSpins" : "GIROS GRATIS","bringMoney.desktopSpinsCurrency" : "GIROS GRATIS","italyDesktopRealMoneyNotification" : "Ahora está jugando con dinero real. Pulse el botón del panel inferior para cambiar al bono de juego.","multiplayerlobby.avatar": "Avatar","multiplayerlobby.join": "Unirse","multiplayerlobby.join.table": "Unirse a la mesa","multiplayerlobby.limits": "Límites","multiplayerlobby.my.account": "Mi cuenta","multiplayerlobby.nickname": "Apodo","multiplayerlobby.player.profile": "Perfil del jugador","multiplayerlobby.players": "Jugadores","multiplayerlobby.save": "Guardar","multiplayerlobby.status": "Estado","multiplayerlobby.table.name": "Nombre de la mesa","multiplayerlobby.timer": "Reloj","multiplayerlobby.show.country": "Mostrar mi país","message.unexpectedError.501" : "Por desgracia este juego no está disponible en el modo por diversión. Primero inicie sesión","multiplayerlobby.playerprofile.error.nickname.3" : "El Apodo debe tener como máximo 20 símbolos","multiplayerlobby.playerprofile.error.nickname.2" : "El campo Apodo es obligatorio","multiplayerlobby.playerprofile.error.nickname.4" : "Se ha producido un error al descargar su apodo","multiplayerlobby.playerprofile.error.avatar.2" : "No se puede actualizar el avatar","multiplayerlobby.switch.to.another.game" : "¿SEGURO QUE QUIERE CAMBIAR EL JUEGO?","multiplayerlobby.playerprofile.error.avatar.1" : "Se ha producido un error al descargar su avatar","multiplayerlobby.playerprofile.error.status.2" : "El campo estado debe tener como máximo 20 símbolos","multiplayerlobby.nickname.update.error" : "Para cambiar su apodo debe contactar con el administrador.","multiplayerlobby.playerprofile.error.status.3" : "Se ha producido un error al descargar su estado","multiplayerlobby.playerprofile.error.showcountry.2" : "Se ha producido un error al descargar su país a mostrar","multiplayerlobby.playerprofile.error.showcountry.1" : "No se puede actualizar el país a mostrar","multiplayerlobby.playerprofile.error.status.1" : "No se puede actualizar el estado del jugador","multiplayerlobby.stay" : "Quedarse","multiplayerlobby.change" : "Cambiar","multiplayerlobby.join.error.no.nickname": "Lo sentimos, pero sin un apodo no puede unirse a la partida","multiplayerlobby.playerprofile.error.nickname.1" : "Por favor, use solo letras y números","leaderboard.notification.leaderboard.completed": "Tabla de clasificación Completo","leaderboard.notification.leaderboard.finished": "Tabla de clasificación Finalizado","leaderboard.notification.leaderboard.cancelled": "Tabla de clasificación cancelada","leaderboard.notification.leaderboard.started": "Tabla de clasificación iniciada","leaderboard.notification.active": "Activa","leaderboard.notification.starts.in": "COMIENZA EN","co.permanent.message": "El juego es entretenimiento, juega con moderación"}
}