{"texts": {"GAME_CATEGORY_FEATURED": "추천","GAME_CATEGORY_LIVE": "라이브","GAME_CATEGORY_NEW": "신규","GAME_CATEGORY_POKER": "포커","GAME_CATEGORY_SCRATCH": "스크래치","GAME_CATEGORY_SLOTS": "슬롯","GAME_CATEGORY_VIDEO_POKER": "비디오 포커","affiliate.button.casino": "카지노","affiliate.button.dl": "다운로드","blockScreen.close.split": "게임을 계속하려면 분할 화면을 끄세요.","blockScreen.doubleTap": "보통 크기로 플레이하려면 두 번 탭하세요.","blockScreen.singleTap": "게임을 계속하려면 화면은 탭하세요.","blockScreen.swipeDown": "↓ 아래로 미세요 ↓","blockScreen.swipeUp": "↑ 전체 화면으로 플레이하려면 위로 미세요. ↑","blockScreen.enterFullscreen": "터치하여 전체 화면에서 플레이","bringMoney.aamsCode": "AAMS 세션 코드:","bringMoney.amountPlaceholder": "돈을 테이블로 가져가세요.","bringMoney.bring": "게임으로 가져가기","bringMoney.casinoBalance": "카지노 잔액:","bringMoney.failure.message": "전송 실패","bringMoney.fsbTitle": "게임에 가져갈<br/>무료 스핀의 금액 선택","bringMoney.notEnough.message": "잔액에 자금이 부족합니다.","bringMoney.participationCode": "참가 코드:","bringMoney.realTitle": "게임에 가져갈 실제<br/>돈의 금액 선택","bringMoney.ropCode": "마지막 법적 참여 코드:","bringMoney.ropTimestamp": "코드 생성됨:","bringMoney.sessionLimit.message": "한 세션에 {0} 이상을 가져갈 수 없습니다.","bringMoney.success.message": "전송 성공 <br/>귀하의 참여 코드:\n{0}","bringMoney.tableBalance": "게임 잔액:","bringMoney.transactionLimit.message": "{0} 이상을 가져갈 수 없습니다.","brokenGames.unfinishedGames": "카지노에 미완료 게임이 있습니다.","brokenGames.likeToResume": "계속하시겠습니까?","brokenGames.selectGame": "게임을 선택하고 계속하세요.","desktop.caption.audioSettings": "오디오 설정","desktop.caption.generalSettings": "일반 설정","desktop.fsb.ButtonText": "여기 클릭","desktop.fsb.notificationText": "무료 스핀이 있습니다! 여기를 클릭하여 지금 사용하세요!","desktop.goldenchip.ButtonText": "정보","desktop.goldenchip.notificationText": "테이블의 아래에 있는 황금 칩 트레이에서 황금 칩을 탭하세요.","desktop.goldenchip.v2.notificationText": "이용할 수 있는 Golden Chips이 있습니다. Golden Chips은 베팅용으로만 사용될 수 있으며 각 베팅 라운드 후에 상금에서 차감됩니다.","desktop.label.gameSounds": "게임 사운드","desktop.label.skipIntro": "인트로 동영상 건너뛰기","desktop.label.splashScreen": "스플래시 화면 다시 보지 않음","desktop.label.volume": "볼륨","desktop.loading.gameBy": "게임 -","desktop.loading.loadingGame": "게임 불러오는 중...","desktop.loading.proudlyPresents": "자랑스럽게 제공","desktop.promotetoreal.continuePlaying": "플레이 계속","desktop.promotetoreal.playForReal": "실제 돈으로 플레이","desktop.promotetoreal.text": "연속 승리를 하고 계시는 것 같네요. 실제 돈으로 플레이하시겠습니까?","desktopGameAdvisor.header": "더 많은 게임을 찾고 싶으신가요?","desktopGameAdvisor.hideButton": "이 메시지를 다시 표시 안 함","desktopGameAdvisor.suggestions": "다음 제안을 확인해 보십시오","download.installFlashPlayer.linkText": "Adobe.com","download.installFlashPlayer.part1": "카지노를 실행하려면 시스템에 Adobe Flash Player를 설치해야 합니다.","download.installFlashPlayer.part2.1": "지금 여기를 클릭하여","download.installFlashPlayer.part2.2": "을 방문하세요.","download.installFlashPlayer.part3": "플레이어를 설치한 후에 카지노를 다시 실행하세요.","error.id.title": "부정확한 게임 ID","error.item.unavailable": "죄송합니다. 이 아이템은 현재 이용할 수 없습니다. 나중에 다시 시도하세요.","error.malformed.back.url": "오작동 URL 게임을 시작할 수 없습니다.","gameAdvisor.header": "게임 조언자","gameAdvisor.hideButton": "임시로 숨기기","gameAdvisor.mostPopular": "최고 인기","gameAdvisor.mostPopular_1": "슬롯 머신","gameAdvisor.mostPopular_2": "테이블 게임","gameAdvisor.mostPopular_3": "카드 게임","gameAdvisor.mostPopular_4": "비디오 포커","gameAdvisor.mostPopular_5": "아케이드 게임","gameAdvisor.mostPopular_6": "프로그레시브 게임","gameAdvisor.mostPopular_7": "프로그레시브 게임","gameAdvisor.newGames": "새 게임","gameAdvisor.otherGames": "다른 게임","gameAdvisor.otherPlayers": "다른 플레이어","gameAdvisor.similarGames": "유사 게임","gameAdvisor.suggestions": "다음 제안을 확인하세요.","gameConfigurationError1": "이 게임의 구성에 문제가 있습니다. 로비로 이동됩니다. <br>고객 지원으로 연락<br>하거나 다른 게임을 해보세요.","gameConfigurationError2": "구성 문제 때문에 이 기능을 게임에서 사용할 수 없습니다. <br>고객 지원으로 연락<br>하거나 다른 게임의 이 기능을 해보세요.","goldenChip.notification": "{count}개의 황금 칩은 이 게임에서 {amount}의 가치","italyBonusRewards": "게임 보너스","italyFunBonusCreditsMessage": "이 게임에서 어떤 종류의 크레딧을 사용하고 싶으십니까?","italyGameBonus": "게임 보너스","italyGameBonusNotification": "현재 게임 보너스로 플레이 중입니다. 퀵 메뉴를 클릭하여 실제 현금으로 전환하십시오.","italyLowGameBonusBalance": "게임 보너스 잔액이 너무 낮아서 이 게임 모드에서는 플레이를 계속할 수 없습니다. 게임이 실제 현금으로 전환됩니다.","italyRealMoney": "실제 현금","italyRealMoneyNotification": "현재 실제 현금으로 플레이 중입니다. 퀵 메뉴를 클릭하여 게임 보너스로 전환하십시오.","label.concession": "양수인","label.extend": "연장","label.extend.for": "%time%분","label.forgot": "암호를 잊으셨습니까?","label.joinNow": "지금 가입","label.logIn": "로그인","label.logout": "로그아웃","label.mode.fun": "재미로 플레이 중","label.mode.real": "실제로 플레이 중","label.notInUse": "사용하지 않음","label.practice": "연습 모드에서 플레이","label.rememberPass": "암호 기억","limits.state.title": "제한:","loading.game.title": "불러오는 중<br />","lobbyInGame.categoryName.featured": "추천","lobbyInGame.categoryName.jackpots": "잭팟","lobbyInGame.categoryName.slots": "슬롯","lobbyInGame.categoryName.tableGames": "테이블 게임","lobbyInGame.title": "게임","mainMenu.account": "내 계정","mainMenu.bank": "뱅크","mainMenu.bonusTerms": "보너스 기간","mainMenu.bringMoney": "돈 가져오기","mainMenu.chat": "채팅","mainMenu.compPoints": "포인트 증정","mainMenu.deposit": "예금","mainMenu.depositLimit": "예금 한도","mainMenu.fullScreen": "전체 화면","mainMenu.fundsTransfer": "자금 전송","mainMenu.gameVersion": "게임 버전","mainMenu.help": "도움말","mainMenu.history": "기록","mainMenu.inviteFriend": "친구 초대","mainMenu.licenseeInfo": "라이센스 정보","mainMenu.limits": "한도","mainMenu.lobby": "로비","mainMenu.multiplayerLobby": "멀티플레이어 로비","mainMenu.logout": "로그아웃","mainMenu.options": "옵션","mainMenu.panic": "혼란","mainMenu.paytable": "배당표","mainMenu.playForReal": "실제로 플레이","mainMenu.promotions": "프로모션","mainMenu.quickDeposit": "빠른 충전","mainMenu.respGaming": "책임있는 게임","mainMenu.responsibleGamingApproval": "책임 있는 게임","mainMenu.responsibleGamingSngc": "SNGC로 승인됨","mainMenu.reverse.withdraw": "반대 출금","mainMenu.selfExclusion": "본인 제외","mainMenu.settings": "설정","mainMenu.share": "공유","mainMenu.shareRefer": "친구 추천","mainMenu.sound": "사운드","mainMenu.support": "지원","mainMenu.timeOut": "타임아웃","mainMenu.transactions": "거래","mainMenu.withdraw": "출금","menu.main.left.right.hand": "왼손/오른손","message.autoplayFinished": "자동 진행 정지됨","message.browserMode": "브라우저 모드를 전환하시겠습니까? 게임이 리로드되고 현재 게임이 저장되지 않습니다.","message.button.accept": "수락","message.button.cancel": "취소","message.button.close": "닫기","message.button.decline": "거절","message.button.later": "나중에","message.button.no": "아니요","message.button.ok": "확인","message.button.play_fun": "재미로 플레이","message.button.reload": "다시 불러오기","message.button.relogin": "재시도","message.button.update": "업데이트","message.button.yes": "예","message.button.resume": "계속하기","message.connError": "서버에 연결할 수 없습니다. 나중에 다시 시도하세요. 게임이 재미 모드에서 로드됩니다.","message.connectionLost": "네트워크 연결 문제가 발생했습니다.<br/>게임을 다시 로드하거나 다른 게임을 선택하십시오.","message.exit": "[casinoname] 카지노를 플레이해 주셔서 감사합니다!<br/>정말로 나가시겠습니까?","message.fsbError": "무료 스핀을 현재 사용할 수 없습니다. 나중에 다시 시도하세요.","message.gameNotLoaded": "게임을 불러올 수 없습니다. 다시 시도하거나 다른 게임을 선택하세요. 문제가 지속되면 고객 서비스 팀에 문의해 주세요.","message.incorrectUser": "잘못된 사용자 이름 또는 암호입니다. 정보를 확인하고 다시 시도하세요.","message.insufDep": "잔액이 부족합니다. 예금을 하시겠습니까?","message.insufReal": "잔액이 부족합니다. 실제 돈으로 플레이하시겠습니까?","message.insufTable": "잔액이 부족합니다. 테이블에 추가 돈을 가져오시겠습니까?","message.loggedOut": "로그아웃되었습니다. 다시 로그인할 수 없는 경우 고객 서비스 팀에 문의해 주세요.","message.login.failed": "로그인에 실패했습니다. 로비 페이지로 이동합니다.","message.login.retry": "로그인할 수 없음","message.loginError": "세션이 만료되었습니다. 다시 로그인하십시오.","message.needLogin": "로비로 로그인해서 실제 돈으로 플레이하세요.","message.sessionClosed": "세션 만료: 로비로 이동됩니다.","message.networkError": "네트워크 오류 발생. 게임이 닫힙니다.","message.shutdownNotification": "시스템 점검 중입니다.{timeLeft}분 후에 연결이 끊깁니다. 계속 플레이하려면 카지노에 다시 로그인하세요.","message.panicMessage": "이후 12시간 동안 본인 제외를 하시겠습니까?","message.reconnect": "연결 실패. 다시 연결 중...","message.selectGame": "보너스를 사용할 게임을 선택하세요","message.server.disconnect": "서버와의 연결이 끊어졌습니다. 게임이 재미 모드에서 로드됩니다.","message.single.session": "이 사용자의 게임이 다른 기기에서 열렸습니다.","message.spinError": "게임 스핀 오류. 다시 시도하세요.","message.termsAndConditions": "이용 약관","mg.label.balance": "잔액","mg.label.demo": "데모","mini.caption.settings": "설정","mini.label.disableWarnings": "경고 비활성화","mini.label.volume": "볼륨","nickname.error": "다른 별명을 사용하세요.","nickname.message": "환영합니다! <br>카지노에 사용할 별명을 선택하세요!","nickname.note": "참고: 별명을 바꾸려면 고객 서비스에 문의하세요.","promotionsTitle": "프로모션","quickMenu.inGameLobby": "","quickMenu.notification.freeSpin": "[count] 무료 스핀이 가능합니다","quickMenu.notification.promoGadget": "신규 프로모션!","quickMenu.promoGadget": "","realitycheck.message.button.continue": "계속하기","realitycheck.message.button.stop": "停止","servererror10": "이 닉네임은 다른 플레이어가 사용 중입니다.<br>다른 닉네임으로 다시 시도하세요.","servererror1018": "한 번에 한 네트워크만 플레이할 수 있습니다. 네트워크를 변경하기 전에 모든 게임을 닫고 대기 목록에 남으세요.","servererror104": "세션이 유효하지 않습니다.","servererror108": "요청한 베팅에 잔액이 부족합니다. 베팅을 줄이거나 <u><a href=\\\"htcmd:switchtogame?code=cashier\\\">환전 센터<\\/a><\\/u>에서 예금을 하세요.","servererror178": "로그인에 실패했습니다. 로비 페이지로 이동합니다.","servererror113": "기술적인 문제 때문에 현재 이 라운드를 완료할 수 없습니다.<br>문제가 해결되면 나중에 게임을 완료하거나 게임 기록에서 결과를 볼 수 있습니다.<br>추가 지원이 필요하면 고객 지원팀[supportemail]에 문의하세요.<br>불편을 드려 죄송합니다.","servererror13": "죄송합니다. 진행 잭팟 서버가 현재 응답하지 않습니다.<br>나중에 다시 시도하세요.<br>기다리시는 동안 다른 게임을 플레이해보세요.","servererror147": "새로운 게임을 시작하기 전에 기존 게임을 완료해야 합니다.","servererror15": "죄송합니다. 고객 지원팀이 현재 지원이 어렵습니다.<br>잠시 후에 다시 시도하세요.<br>불편을 드려 죄송합니다.","servererror16": "딜러가 현재 테이블에 없습니다. 다른 테이블을 시도해보세요.","servererror17": "죄송합니다. 게임 서버로부터 응답이 없습니다.<br>문제가 계속되면 오프라인 모드에서 플레이를 계속할 수 있습니다.<br>고객 지원팀[supportemail]으로 문의하여 즉시 도움을 받으세요.<br>불편을 드려 죄송합니다.","servererror204": "딜러가 테이블에 없습니다.","servererror233": "인터넷 연결 문제 때문에 이 게임 라운드의 베팅이 확인되지 않았습니다. 다음 게임 라운드에서 다시 시도하세요. 문제가 계속되면 인터넷 서비스 회사에 문의해 보십시오.","servererror27": "내부 동기화 오류가 발생했습니다. 고객 지원팀[supportemail]으로 문의하여 즉시 도움을 받으세요.<br>불편을 드려 죄송합니다.","servererror28": "이 게임은 현재 닫혔습니다. 다른 게임을 시도해보세요.","servererror29": "같은 라이브 게임 테이블은 두 번 참여할 수 없습니다.","servererror31": "통신 문제 때문에 베팅이 제때에 등록되지 않았습니다. 게임 창을 닫고 다시 시작하세요. 나중에 이 문제를 방지하려면 게임 라운드가 시작하자마자 베팅을 확인하세요.","servererror33": "팁을 줄 실제 돈이 부족합니다.","servererror332": "허용된 자리보다 더 많은 자리를 차지하려고 합니다.","servererror334": "이 테이블은 이탈리아 규정으로 금지됩니다. 다른 게임을 시도해보세요.","servererror35": "진행 사이드 베팅을 할 수 없습니다. 추가 지원은 고객 지원팀[suppotemail]에 문의하세요.","servererror4": "이 게임 테이블은 현재 가득찼습니다.<br>나중에 다시 시도하거나 다른 테이블을 확인해 보세요.","servererror522": "'<b>암호 재입력<\\/b>' 필드가 일치하지 않습니다. <br>'<b>암호 재입력<\\/b>' 필드에 다시 암호를 입력하세요.","servererror57": "기술적인 오류. 모든 베팅이 환불되었습니다.","servererror586": "암호의 강도가 '매우 약함'입니다. 최소 8자이어야 합니다.","servererror587": "암호의 강도가 '약함'입니다. 최소 8자이어야 하며 대소문자가 모두 포함되어야 합니다.","servererror588": "암호의 강도가 '보통'입니다. 최소 8자이어야 하며 대소문자가 모두 포함되어야 하고 숫자도 포함되어야 합니다.","servererror589": "암호의 강도가 '강함'입니다. 최소 8자이어야 하며 대소문자가 모두 포함되어야 하고 숫자 및 특수 기호도 포함되어야 합니다.","servererror590": "암호의 강도가 '매우 강함'입니다. 최소 12자이어야 하며 대소문자가 모두 포함되어야 하고 숫자 및 특수 기호도 포함되어야 합니다.","servererror6": "죄송합니다. 게임 서버로부터 응답이 없습니다.<br>고객 지원팀[supportemail]으로 문의하여 즉시 도움을 받으세요.<br>불편을 드려 죄송합니다.","servererror610": "이 게임은 현재 사용할 수 없습니다. 다른 게임을 시도해보세요.","servererror615": "진행 게임은 실제 돈으로 플레이할 때만 사용할 수 있습니다.","servererror616": "이 자리는 이미 다른 플레이어가 차지했습니다. 빈 자리를 선택하세요.","servererror630": "기술적인 문제 때문에 이 라운드를 완료할 수 없습니다.<br>게임이 해결되면 알림을 받게되며 잔액이 조정됩니다.","servererror644": "죄송합니다. 이 기능은 현재 사용할 수 없습니다.","servererror647": "죄송합니다. 베팅이 수락되지 않았습니다. 추가 지원은 고객 지원팀[suppotemail]에 문의하세요.","servererror650": "이 게임은 한 번에 한 세션만 플레이할 수 있습니다. 새 테이블에 입장하려면 활성 게임을 닫으세요.","servererror680": "현재 지원되지 않는 게임 모드의 이전 게임 세션에 완료되지 않은 게임이 있습니다. 고객 지원팀에 연락해 즉시 도움을 요청하세요. 불편을 끼쳐 드려서 죄송합니다.","servererror681": "새 암호는 이전 암호와 달라야 합니다.<br>다른 암호를 입력하고 다시 시도하세요.","servererror700": "[casino]이(가) 동시 내부 플레이어의 최대 수에 도달했습니다.","servererror701": "[casino]의 내부 플레이어 최대 베팅 한도가 초과되었습니다.","servererror720": "이 게임은 한 번에 한 세션만 플레이할 수 있습니다.","servererror801": "이 테이블을 이미 보고 있습니다.","servererror802": "죄송합니다. 이 테이블의 최대 뷰어 숫자에 도달했습니다. 테이블 연결이 해제됩니다.","servererror803": "이 테이블은 현재 가득 찼습니다. 테이블 연결이 해제됩니다.","servererror804": "죄송합니다. 이 테이블은 사용할 수 없습니다. 다른 테이블을 선택하세요.","servererror805": "라운드가 활성화되지 않았습니다.","servererror806": "유효하지 않은 작업","servererror807": "죄송합니다. 베팅 제한이 귀하에 해당하지 않아서 테이블에 참여할 수 없습니다.","servererror808": "중복 베팅.","servererror809": "허용된 자리비움 라운드 최대 숫자에 도달했습니다. 테이블 연결이 해제됩니다.","servererror810": "허용된 보기 라운드 최대 숫자에 도달했습니다. 테이블 연결이 해제됩니다.","servererror811": "같은 테이블에 두 번 참여할 수 없습니다.","servererror812": "관람 중입니다.","servererror813": "이 자리는 이미 다른 플레이어가 차지했습니다. 빈 자리를 선택하세요.","servererror814": "확인되지 않은 베팅은 테이블에서 제거됩니다.","servererror815": "죄송합니다. 이 테이블이 닫힙니다. 다른 테이블을 선택하세요.","servererror816": "이 테이블에는 플레이어가 없습니다. [1]초 후에 닫힙니다.","servererror817": "죄송합니다. 이 테이블은 닫혔습니다. 다른 테이블을 선택하세요.","servererror818": "활성 게임이 없습니다.","servererror819": "이 테이블에 참여할 권한이 없습니다.","servererror820": "테이블의 종료 시간에 도달했고 테이블이 닫혔습니다.","servererror821": "올바르지 않은 초대 코드. 초대 코드를 확인하세요.","servererror822": "입력한 테이블 이름에 허용되지 않은 단어가 포함되어 있습니다. 다른 테이블 이름을 입력하세요.","servererror823": "테이블 이름은 1~30자 길이여야 하며 문자, 숫자 및 공백만 포함할 수 있습니다.","servererror824": "현재 열림 상태인 3개의 개인 그룹 테이블을 이미 생성했기 때문에 테이블을 더 만들 수 없습니다.","servererror825": "입력한 테이블 이름은 이미 사용 중입니다. 다른 테이블 이름을 입력하세요.","servererror826": "개인 그룹 템플릿이 닫혔습니다. 다른 템플릿을 선택하세요.","servererror827": "입력한 암호에 허용되지 않은 단어가 포함되어 있습니다. 다른 암호를 입력하세요.","servererror828": "초대 코드는 1~10자 길이여야 하며 문자와 숫자만 포함할 수 있습니다.","servererror832": "총 베팅 금액이 같은 테이블에는 참가할 수 없습니다.","servererror9": "다른 닉네임을 선택하세요.","setSelfExclusionDialog.cancelButton": "취소","setSelfExclusionDialog.header": "본인 제외","setSelfExclusionDialog.okButton": "적용","setSelfExclusionDialog.periodRestrictionLabel": "본인 제외 활성화","sky.error.undefined": "게임 오류 발생! 로비로 이동됩니다.","sound.popup.dontShowMeAgain": "다시 보지 않음","sound.popup.text": "사운드를 켜고 플레이하시겠습니까?","timeLossLimit.gambling.closeGame.button": "나가기","timeLossLimit.gambling.ignore.button": "계속하기","timeLossLimit.gambling.warning": "슬롯 머신 도박 세션을 시작한지 [minutes] 분이 지났습니다. 이 기간 동안 총[bets]의 베팅을 했습니다","timeLossLimit.limitReached.loss.error": "최대 세션 실패 제한에 도달하여 게임이 닫힙니다. 이 세션에서 총 [bets]을 베팅하여 총 [wins]을 땄습니다","timeLossLimit.limitReached.time.error": "최대 세션 시간 제한에 도달하여 게임이 닫힙니다. 이 세션에서 총 [bets]을 베팅하여 총 [wins]을 땄습니다","timeLossLimit.losslimit.proximity.warning": "참고: 세션 실패 제한에 도달하고 있습니다","timeLossLimit.sessionsummary": "현재 게임 세션이 이제 종료됩니다. 이 세션에서 총 [bets]을 베팅하여 총 [wins]을 땄습니다","timeLossLimit.timelimit.proximity.warning": "참고: 세션 시간 제한에 도달하고 있습니다","timeLossLimit.tooHighBet.error": "세션 실패 제한을 초과할 수 있어서 베팅이 수락될 수 없습니다. 적은 금액으로 베팅하세요.","timeLossLimitDialog.betLimit.label": "실패 제한","timeLossLimitDialog.betLimit.value.error.bigThanBalance": "당신의 실패 제한이 잔액보다 큽니다. 적은 금액을 입력하거나 예금을 하십시오.","timeLossLimitDialog.betLimit.value.error.notValid": "유효하지 않은 금액입니다. 유효한 금액을 다시 입력하세요.","timeLossLimitDialog.cancelButton.label": "취소","timeLossLimitDialog.gamblingNoticeInterval.label": "도박 공지 간격","timeLossLimitDialog.okButton.label": "확인","timeLossLimitDialog.sessionTimer.label": "세션 타이머","timeLossLimitDialog.sessionTimer.placeholder": "탭하여 선택","timeLossLimitDialog.timeLimit.value.error.empty": "잘못된 세션 타이머 값입니다. 유효한 시간을 선택하세요","timeLossLimitDialog.title": "슬롯 게임 제한","uifeatures.demo.popup": "지금 무료로 사용","uifeatures.real.popup": "현재 실제 돈으로 플레이하고 있습니다.","ukreg.autoplay.jackpotsinglewinlimit.message": "자동 플레이 정지됨: 잭팟 승리 [amount] 이상 획득","ukreg.autoplay.jackpotwinlimit.message": "자동 플레이 정지됨: 잭팟 승리","ukreg.autoplay.losslimit.message": "자동 플레이 정지: 실패 제한 도달","ukreg.autoplay.singlewinlimit.message": "자동 플레이 정지: [amount] 이상 획득","ukreg.cancelButtonText": "나가기","ukreg.confirmButtonText": "확인","ukreg.jackPotLabel": "잭팟 획득하면 자동 플레이 중지","ukreg.lossLabel": "전체 손실이 다음 금액에 도달하면 자동 플레이 중지:","ukreg.lossLimitExceedMessage": "너무 높은 실패 제한 금액: 최대 허용 금액은 [amount]입니다.","ukreg.lossLimitInvalidMessage": "실패 제한 필드의 유효하지 않은 금액. 유효한 금액을 입력하세요.","ukreg.lossLimitLowMessage": "입력한 실패 제한이 자동 플레이 시작하기에 너무 적습니다. 더 큰 금액을 입력하세요.","ukreg.singleWinExceedMessage": "너무 높은 싱글 배당 제한 금액: 최대 허용 금액은너무 높은 싱글 배당 제한 금액: 최대 허용 금액은 [amount] 입니다.","ukreg.singleWinInvalidMessage": "싱글 배당 제한 필드의 유효하지 않은 금액. 유효한 금액을 입력하세요.","ukreg.singleWinLabel": "한번 승리가 다음 금액 이상이면 중지:","ukreg.singleWinLowMessage": "너무 높은 싱글 배당 제한 금액: 최대 허용 금액은 [amount]입니다.","ukreg.title": "책임 있는 게임 – 자동 플레이","unit.time.10minutes": "10분","unit.time.12hours": "12시간","unit.time.15minutes": "15분","unit.time.1day": "1일","unit.time.1hour": "1시간","unit.time.1month": "1개월","unit.time.1week": "1주일","unit.time.20minutes": "20분","unit.time.2hours": "2시간","unit.time.30minutes": "30분","unit.time.40minutes": "40분","unit.time.50minutes": "50분","unit.time.5minutes": "5분","unit.time.60minutes": "60분","unit.time.dimension.day.1": "일","unit.time.dimension.day.few": "일","unit.time.dimension.day.other": "일","unit.time.dimension.hour.1": "시간","unit.time.dimension.hour.few": "시간","unit.time.dimension.hour.other": "시간","unit.time.dimension.minute.1": "분","unit.time.dimension.minute.few": "분","unit.time.dimension.minute.other": "분","unit.time.dimension.month.1": "개월","unit.time.dimension.month.few": "개월","unit.time.dimension.month.other": "개월","unit.time.dimension.second.1": "초","unit.time.dimension.second.few": "초","unit.time.dimension.second.other": "초","unit.time.dimension.week.1": "주일","unit.time.dimension.week.few": "주일","unit.time.dimension.week.other": "주일","unsupported.landscape.text": "이 게임은 세로 모드로 디자인되었습니다.<br/>장치를 세로로 돌려서 플레이하십시오.","unsupported.landscape.title": "세로로<br />플레이","unsupported.portrait.text": "가로 모드에 최적화된 게임입니다.<br />기기를 가로로 드세요.","unsupported.portrait.title": "가로로<br />플레이","update.ie9.browser.checkbox": "다시 보지 않음","update.ie9.browser.message": "이 게임 은 최신 버전의 Internet Explorer 또는 Chrome에서 실행됩니다. <br/>여기를 클릭하여 Internet Explorer를 업데이트하세요.","bringMoney.mobilePrimarySpinsCurrency" : "무료 스핀","italyDesktopGameBonusNotification" : "현재 게임 보너스로 플레이하고 있습니다. 실제 돈으로 바꾸려면 창 아래에 있는 버튼을 클릭하세요","bringMoney.multiBonusTitle" : "무료 스핀의 횟수와<br/>재미 크레딧을 선택해서 게임에 가져오세요","desktop.label.freeSpins" : "무료 스핀","bringMoney.desktopSpinsCurrency" : "무료 스핀","italyDesktopRealMoneyNotification" : "현재 실제 존으로 플레이하고 있습니다. 게임 보너스로 바꾸려면 창 아래에 있는 버튼을 클릭하세요","multiplayerlobby.avatar": "아바타","multiplayerlobby.join": "참가","multiplayerlobby.join.table": "테이블 참가","multiplayerlobby.limits": "한도","multiplayerlobby.my.account": "내 계정","multiplayerlobby.nickname": "닉네임","multiplayerlobby.player.profile": "플레이어 프로파일","multiplayerlobby.players": "플레이어","multiplayerlobby.save": "받기","multiplayerlobby.status": "상태","multiplayerlobby.table.name": "테이블이름","multiplayerlobby.timer": "타이머","multiplayerlobby.show.country": "나의 국가명 보이기","message.unexpectedError.501" : "죄송하지만 이 게임은 재미 모드로 플레이할 수 없습니다. 먼저 로그인하세요","multiplayerlobby.playerprofile.error.nickname.3" : "별명은 20자 이하여야 합니다","multiplayerlobby.playerprofile.error.nickname.2" : "별명을 입력해야 합니다","multiplayerlobby.playerprofile.error.nickname.4" : "별명 다운로드 중에 오류 발생","multiplayerlobby.playerprofile.error.avatar.2" : "아바타를 업데이트할 수 없음","multiplayerlobby.switch.to.another.game" : "정말로 게임을 변경하시겠습니까?","multiplayerlobby.playerprofile.error.avatar.1" : "아바타 다운로드 중에 오류 발생","multiplayerlobby.playerprofile.error.status.2" : "상태 입력란은 20자 이하여야 합니다","multiplayerlobby.nickname.update.error" : "별명을 변경하려면 관리자에게 문의하세요.","multiplayerlobby.playerprofile.error.status.3" : "상태 다운로드 중에 오류 발생","multiplayerlobby.playerprofile.error.showcountry.2" : "표시 국가 다운로드 중에 오류 발생","multiplayerlobby.playerprofile.error.showcountry.1" : "표시 국가를 업데이트할 수 없음","multiplayerlobby.playerprofile.error.status.1" : "플레이어 상태를 업데이트할 수 없음","multiplayerlobby.stay" : "유지","multiplayerlobby.change" : "변경","multiplayerlobby.join.error.no.nickname": "죄송합니다. 별명이 없으면 참가할 수 없습니다","multiplayerlobby.playerprofile.error.nickname.1" : "문자와 숫자만 사용하세요","leaderboard.notification.leaderboard.completed": "리더 보드 완료","leaderboard.notification.leaderboard.finished": "리더 보드","leaderboard.notification.leaderboard.cancelled": "리더 보드 취소","leaderboard.notification.leaderboard.started": "리더 보드 시작","leaderboard.notification.active": "활성","leaderboard.notification.starts.in": "시작까지"}
}