{"texts": {"GAME_CATEGORY_FEATURED": "Multifunzione","GAME_CATEGORY_LIVE": "Live","GAME_CATEGORY_NEW": "Novità","GAME_CATEGORY_POKER": "Poker","GAME_CATEGORY_SCRATCH": "Da grattare","GAME_CATEGORY_SLOTS": "Slot","GAME_CATEGORY_TABLE_GAMES": "Giochi da tavolo","GAME_CATEGORY_VIDEO_POKER": "Video poker","affiliate.button.casino": "Casinò","affiliate.button.dl": "Scaricamento","blockScreen.close.split": "Per proseguire la partita, disattiva la visuale Divisa.","blockScreen.doubleTap": "Please, double tap to play in normal size","blockScreen.singleTap": "Tocca lo schermo per continuare la partita","blockScreen.swipeDown": "↓ Scorri il dito verso il basso ↓","blockScreen.swipeUp": "↑ Scorri in su per giocare a schermo intero ↑","blockScreen.enterFullscreen": "Tocca per giocare a schermo intero","bringMoney.desktopSpinsCurrency": "PARTITE GRATIS","bringMoney.multiBonusTitle": "Selezionare l’ammontare di Free spin<br/> e di Fun Bonus che si desidera portare sul Gioco","bringMoney.mobilePrimarySpinsCurrency": "Giri Gratis","bringMoney.aamsCode": "Il codice della sessione AAMS è:","bringMoney.amountPlaceholder": "Porta denaro al tavolo","bringMoney.back": "Indietro","bringMoney.bring": "Porta nel gioco","bringMoney.casinoBalance": "Saldo del casinò:","bringMoney.confirm": "Conferma","bringMoney.credits": "Crediti","bringMoney.desktopBonusTitle": "Seleziona l'importo di crediti<br/> bonus da portare nel gioco","bringMoney.failure.message": "Trasmissione fallita","bringMoney.fsbTitle": "Seleziona il numero di Giri Gratis<br/>da portare nel gioco","bringMoney.mobileBonusTitle": "Seleziona la quantità di Crediti Bonus<br/>da trasferire al gioco","bringMoney.mobileMultiBonusTitle2": "Seleziona l'importo di Crediti Bonus<br/>da portare nel gioco","bringMoney.mobileSecondarySpinsCurrency": "GIOCATE","bringMoney.next": "Seguente","bringMoney.notEnough.message": "Non si dispone di fondi sufficienti nel tuo saldo","bringMoney.participationCode": "Codice di partecipazione:","bringMoney.realTitle": "Seleziona l'importo di denaro<br/>reale da portare nel gioco","bringMoney.ropCode": "L'ultimo codice di partecipazione legale è:","bringMoney.ropTimestamp": "Codice creato:","bringMoney.sessionLimit.message": "Non è possibile portare più di {0} in una sessione","bringMoney.success.message": "La trasmissione è andata a buon fine <br/>Il tuo codice di partecipazione per questa sessione è: {0}","bringMoney.tableBalance": "Saldo tavolo:","bringMoney.transactionLimit.message": "Non è possibile portare in più di {0}","brokenGames.unfinishedGames": "Hai delle partite incomplete nel Casinò.","brokenGames.likeToResume": "Desideri riprendere il gioco?","brokenGames.selectGame": "Seleziona una partita da riprendere.","desktop.caption.audioSettings": "Impostazioni Audio","desktop.caption.generalSettings": "Impostazioni Generali","desktop.fsb.ButtonText": "Fai clic qui","desktop.fsb.notificationText": "Hai vinto giri gratis! Clicca qui per usarli subito!","desktop.goldenchip.ButtonText": "Info","desktop.goldenchip.notificationText": "Tocca per selezionare una Fiche Dorata dall'area delle Fiche Dorate posta alla base del tavolo.","desktop.goldenchip.v2.notificationText": "Hai Golden Chips disponibili. Le Golden Chips possono essere utilizzate solo per scommettere e sono detratte dalle tue vincite dopo ogni round di puntata.","desktop.label.freeSpins": "GIRI GRATIS","desktop.label.gameSounds": "Suoni di gioco","desktop.label.skipIntro": "Salta video iniziale","desktop.label.splashScreen": "Non mostrare la schermata iniziale","desktop.label.volume": "Volume","desktop.loading.gameBy": "GIOCO DI","desktop.loading.loadingGame": "Caricamento Gioco...","desktop.loading.proudlyPresents": "È FIERO DI PRESENTARE","desktop.promotetoreal.continuePlaying": "Continua a Giocare","desktop.promotetoreal.playForReal": "GIOCA CON DENARO REALE","desktop.promotetoreal.text": "Sembra che la fortuna ti stia sorridendo. Vuoi giocare con denaro reale?","desktopGameAdvisor.header": "Hai bisogno di una mano per trovare altri giochi?","desktopGameAdvisor.hideButton": "Non visualizzare più questo messaggio","desktopGameAdvisor.suggestions": "Dai un'occhiata ai questi suggerimenti","download.installFlashPlayer.linkText": "Adobe.com","download.installFlashPlayer.part1": "Per avviare il casinò è necessario disporre di Adobe Flash Player installato sul proprio sistema.","download.installFlashPlayer.part2.1": "Fai clic qui per visitare","download.installFlashPlayer.part2.2": "adesso.","download.installFlashPlayer.part3": "Ti preghiamo di riavviare il casinò dopo avere installato il player.","error.id.title": "ID della partita non corretto,","error.item.unavailable": "Siamo spiacenti ma l'opzione non è disponibile al momento. Ti preghiamo di riprovare in seguito.","error.malformed.back.url": "URL non corretto. Non puoi avviare il gioco,","gameAdvisor.header": "Consigli di gioco","gameAdvisor.hideButton": "nascondi temporaneamente","gameAdvisor.mostPopular": "Più popolari","gameAdvisor.mostPopular_1": "Slot Machine","gameAdvisor.mostPopular_2": "Giochi da tavolo","gameAdvisor.mostPopular_3": "Giochi di Carte","gameAdvisor.mostPopular_4": "Video Poker","gameAdvisor.mostPopular_5": "Sala Giochi","gameAdvisor.mostPopular_6": "Giochi Progressivi","gameAdvisor.mostPopular_7": "Giochi Progressivi","gameAdvisor.newGames": "Nuovi Giochi","gameAdvisor.otherGames": "Altri Giochi","gameAdvisor.otherPlayers": "Altri Giocatori","gameAdvisor.similarGames": "Giochi Simili","gameAdvisor.suggestions": "Consulta i seguenti suggerimenti","goldenChip.notification": "{count} FICHE DORATE, DAL VALORE DI {amount}, DISPONIBILI IN QUESTO GIOCO","italyBonusRewards": "Game Bonus","italyDesktopGameBonusNotification": "Stai giocando un game bonus. Fai clic sul pulsante nel pannello in basso per passare al denaro vero","italyDesktopRealMoneyNotification": "Stai giocando con denaro vero. Fai clic sul pulsante nel pannello in basso per passare al game bonus","italyFSB": "Partite Gratis","italyFunBonusCreditsMessage": "Che tipo di crediti preferisci usare in questo gioco?","italyGameBonus": "Game Bonus","italyGameBonusNotification": "Stai giocando la partita bonus; fai clic sul menu rapido per passare alla modalità Reale","italyLowGameBonusBalance": "Il tuo saldo della Partita Bonus è troppo basso per continuare a giocare in questa modalità. Il gioco passerà alla modalità con Denaro Reale","italyRealMoney": "Denaro Reale","italyRealMoneyNotification": "Stai giocando con denaro reale; fai clic sul menu rapido per passare alla Partita Bonus","label.addMoreMoney": "Aggiungi denaro","label.balance": "bilancio","label.concession": "Concessione","label.extend": "Estendi","label.extend.for": "%time% minuti","label.forgot": "Hai dimenticato la tua password?","label.joinNow": "Iscriviti subito","label.logIn": "Accedi","label.logout": "Esci","label.mode.fun": "GIOCHI IN MODALITÀ DEMO","label.mode.real": "STAI GIOCANDO CON DENARO REALE","label.notInUse": "Non in uso","label.practice": "Gioca in modalità di prova","label.rememberPass": "Ricordami","limits.state.title": "LIMITI:","loading.game.title": "In caricamento<br />","lobbyInGame.categoryName.featured": "Multifunzione ","lobbyInGame.categoryName.jackpots": "Jackpot","lobbyInGame.categoryName.slots": "Slot","lobbyInGame.categoryName.tableGames": "Giochi da tavolo","lobbyInGame.title": "Giochi","mainMenu.account": "Il mio conto","mainMenu.bank": "Saldo","mainMenu.betlimits": "Limiti di scommessa","mainMenu.bonusTerms": "Termini del Bonus","mainMenu.bringMoney": "Versa Denaro","mainMenu.chat": "Chat","mainMenu.compPoints": "Punti Comp","mainMenu.deposit": "Versa","mainMenu.depositLimit": "Limite di deposito","mainMenu.fullScreen": "Schermo Intero","mainMenu.fundsTransfer": "Trasferisci i fondi","mainMenu.gameVersion": "Versione del gioco","mainMenu.help": "Informazioni","mainMenu.history": "Cronologia","mainMenu.inviteFriend": "Invita un amico","mainMenu.leftRightHand": "Mano sinistra/destra","mainMenu.licenseeInfo": "Informazioni sulla licenza","mainMenu.limits": "Limiti","mainMenu.lobby": "Lobby","mainMenu.multiplayerLobby": "Lobby Multigiocatore","mainMenu.logout": "Esci","mainMenu.options": "Opzioni","mainMenu.panic": "Panico","mainMenu.paytable": "Tabella dei pagamenti","mainMenu.playForReal": "Gioca con denaro reale","mainMenu.promotions": "Promozioni","mainMenu.quickDeposit": "Deposito Rapido","mainMenu.respGaming": "Gioco Responsabile","mainMenu.responsibleGamingApproval": "Gioco Responsabile","mainMenu.responsibleGamingSngc": "Approvato da SNGC","mainMenu.reverse.withdraw": "Annulla il prelievo","mainMenu.selfExclusion": "Auto-Esclusione","mainMenu.settings": "Impostazioni","mainMenu.share": "Condividi","mainMenu.shareRefer": "Condividilo Con Gli Amici","mainMenu.sound": "Audio","mainMenu.support": "Assistenza","mainMenu.timeOut": "Pausa","mainMenu.transactions": "Transazioni","mainMenu.withdraw": "Incassa","menu.main.left.right.hand": "Mano sinistra/destra","message.autoplayFinished": "Gioco Automatico interrotto","message.browserMode": "Sei sicuro di volere passare alla modalità browser? Questa azione richiede il ricaricamento del gioco e la partita attuale non verrà salvata","message.button.accept": "Accetto","message.button.cancel": "Cancella","message.button.close": "Chiudi","message.button.decline": "Rifiuto","message.button.later": "Dopo","message.button.no": "No","message.button.ok": "Ok","message.button.play_fun": "Gioca per divertirti","message.button.reload": "Ricarica","message.button.relogin": "Riprova","message.button.update": "Aggiorna","message.button.yes": "Sì","message.button.resume": "Riavvia","message.connError": "Il server potrebbe essere irraggiungibile.Per favore, riprova più tardi. Il gioco verrà caricato in modalità di gioco virtuale.","message.connectionLost": "Siamo spiacenti ma si è verificato un problema di connessione.<br/>Ti preghiamo di provare a ricaricare il gioco o sceglierne un altro.","message.exit": "Ti ringraziamo per avere giocato al Casinò [casinoname]!<br/>Sicuro di volere uscire?","message.gameNotLoaded": "Impossibile caricare il gioco. Ti preghiamo di riprovare o selezionare un altro gioco. Se il problema dovesse persistere, contatta il nostro servizio di assistenza clienti.","message.inGameLobby.games": "Giochi","message.incorrectUser": "Il nome utente o la password inseriti non sono corretti. Per favore, controlla i tuoi dati di accesso e riprova.","message.insufDep": "Saldo insufficiente. Vuoi effettuare un deposito?","message.insufReal": "Saldo insufficiente. Vuoi giocare con denaro reale?","message.insufTable": "Non hai abbastanza soldi per effettuare la puntata richiesta. Vuoi aggiungere altri soldi al tavolo?","message.loggedOut": "Sei disconnesso. Se non ti è possibile rieffettuare l'accesso, contatta il nostro servizio di assistenza clienti.","message.login.failed": "Tentativo di accesso fallito. Ti reindirizzeremo alla pagina della lobby.","message.login.retry": "Tentativo di accesso fallito","message.loginError": "Sessione scaduta. Per favore, effettua nuovamente l'accesso.","message.needLogin": "Accedi alla Lobby per giocare con denaro reale.","message.sessionClosed": "Session expired: you will be redirected to the lobby.","message.networkError": "Si è verificato un problema con la rete. Il gioco sarà chiuso.","message.shutdownNotification": "Stiamo effettuando la manutenzione del sistema. sarai disconnesso tra {timeLeft} minuti. Per continuare a giocare, riaccedi al casinò.","message.panicMessage": "Sei sicuro di volerti escludere per le prossime 12 ore?","message.promoGadget.promotions": "Promozioni","message.reconnect": "Connessione persa. Riconnessione in corso,","message.selectGame": "Seleziona un gioco per utilizzare il Bonus","message.server.disconnect": "Disconnesso dal server. Il gioco verrà caricato in modalità virtuale,","message.single.session": "Questo utente ha aperto il gioco da un altro dispositivo","message.spin.error": "Errore di gioco. Riprova","message.termsAndConditions": "Termini e Condizioni","mg.label.balance": "SALDO","mg.label.demo": "DEMO","mini.caption.settings": "Impostazioni","mini.label.disableWarnings": "Disattiva avvisi","mini.label.volume": "VOLUME","nickname.error": "Ti preghiamo di scegliere un altro nickname.","nickname.message": "Ti diamo il benvenuto! <br> Scegli il tuo nickname per il casinò!","nickname.note": "Nota: Per modificare il tuo nickname, contatta l'assistenza clienti.","quickMenu.inGameLobby": "","quickMenu.notification.freeSpin": "[count] NEL GIOCO SONO DISPONIBILI GIRI GRATIS","quickMenu.notification.promoGadget": "NUOVE PROMOZIONI DISPONIBILI","quickMenu.promoGadget": "","realitycheck.message.button.continue": "Continua","realitycheck.message.button.stop": "Stop","servererror10": "Al momento, questo nome è utilizzato da un altro giocatore.<br>Inserisci un nome diverso e riprova.","servererror1018": "Puoi giocare solo in un network alla volta. Prima di cambiare network, chiudi tutti i giochi e abbandona le liste d'attesa.","servererror104": "La tua sessione non è valida","servererror108": "Saldo insufficiente per la puntata richiesta. Piazza una puntata inferiore o visita la <u><a href=\"htcmd:switchtogame?code=cashier\">Cassa</a></u> per effettuare un deposito.","servererror178": "Tentativo di accesso fallito. Ti reindirizzeremo alla pagina della lobby.","servererror113": "A causa di problemi tecnici, al momento non è possibile completare questo round di gioco.<br>Una volta risolto il problema, potrai completare la partita o visualizzarne il risultato nella cronologia.<br>Per maggiori informazioni, contatta il servizio di assistenza clienti all'indirizzo [supportemail].<br>Ci scusiamo per ogni inconveniente causato.","servererror13": "Siamo spiacenti ma il server del jackpot progressivo non è al momento raggiungibile.<br>Ti preghiamo di riprovare in seguito.<br>Nel frattempo, prova uno dei nostri giochi regolari.","servererror147": "Devi terminare la partita incompleta prima di iniziarne una nuova","servererror15": "Siamo spiacenti, il team di assistenza clienti non è al momento disponibile.<br>Ti preghiamo di riprovare tra qualche minuto.<br>Ci scusiamo per ogni inconveniente causato.","servererror16": "Il croupier si è momentaneamente allontanato dal tavolo. Ti preghiamo di provare ad un altro dei nostri tavoli.","servererror17": "Siamo spiacenti ma il server di gioco non è raggiungibile.<br>Se il problema dovesse persistere, potrai giocare solo in modalità offline.<br>Per ricevere un supporto immediato, contatta il servizio di assistenza clienti all'indirizzo [supportemail].<br>Ci scusiamo per ogni inconveniente causato.","servererror204": "Il croupier non è al tavolo.","servererror233": "A causa di problemi alla tua connessione a Internet, le tue puntate per questo round di gioco non sono state confermate. Ti preghiamo di riprovare nel round successivo. Nel caso in cui il problema dovesse persistere, ti invitiamo a contattare il fornitore della tua connessione a Internet per ricevere assistenza.","servererror27": "Si è verificato un errore interno di sincronizzazione. Per maggiori informazioni, ti preghiamo di contattare il servizio di assistenza clienti all'indirizzo [supportemail].<br>Ci scusiamo per ogni inconveniente causato.","servererror28": "Questo gioco è momentaneamente chiuso. Perché non provi un altro dei nostri giochi?","servererror29": "Non puoi unirti due volte allo stesso tavolo di gioco dal vivo.","servererror31": "A causa di un problema nella comunicazione, la tua puntata non è stata registrata in tempo. Per favore, chiudi la finestra di gioco e avvia nuovamente la partita. Per evitare che il problema si verifichi nuovamente in futuro, prova a confermare le tue puntate all'inizio del round di gioco.","servererror33": "Il tuo denaro reale non è sufficiente ad offrire la mancia.","servererror332": "Stai cercando di occupare più postazioni del consentito.","servererror334": "Questo tavolo è vietato dalla normativa italiana. Perché non provi un altro dei nostri giochi?","servererror35": "Non è stato possibile piazzare la puntata collaterale progressiva. Per maggiori informazioni, ti preghiamo di contattare il servizio di assistenza clienti all'indirizzo [supportemail].","servererror4": "Questo tavolo è momentaneamente al completo.<br>Ti preghiamo di riprovare in seguito o selezionare un altro dei nostri tavoli.","servererror522": "Il campo '<b>Verifica Password</b>' non combacia.<br>Ti preghiamo di ricompilare il campo in questione.","servererror57": "Errore tecnico. Tutte le tue puntate sono state restituite","servererror586": "Il livello di sicurezza minimo della tua password è 'Semplice': deve contenere almeno 8 caratteri.","servererror587": "Il minimo livello di sicurezza richiesto per la tua password è","servererror588": "Il livello di sicurezza minimo della tua password è 'Media': deve contenere almeno 8 caratteri, con lettere minuscole e maiuscole e almeno un numero.","servererror589": "Il livello di sicurezza minimo della tua password è 'Sicura': deve contenere almeno 8 caratteri, con lettere minuscole e maiuscole e almeno un numero e un carattere speciale.","servererror590": "Il livello di sicurezza minimo della tua password è 'Molto sicura': deve contenere almeno 12 caratteri, con lettere minuscole e maiuscole e almeno un numero e un carattere speciale.","servererror6": "Non abbiamo ricevuto risposta dal server di gioco.<br>Ti preghiamo di contattare l'assistenza clienti all'indirizzo [supportemail] per ricevere un supporto immediato.<br>Ci scusiamo per ogni inconveniente causato.","servererror610": "Questo gioco non è al momento disponibile. Perché non provi un altro dei nostri giochi?","servererror615": "I giochi progressivi sono disponibili solo quando giochi con denaro reale.","servererror616": "Questa postazione è già occupata da un altro giocatore. Seleziona una postazione libera.","servererror630": "A causa di problemi tecnici, non è stato possibile completare questo round di gioco.<br>Una volta risolto il problema, ne riceverai notifica e il tuo saldo verrà modificato di conseguenza.","servererror644": "Siamo spiacenti ma questa funzione non è al momento disponibile.","servererror647": "Siamo spiacenti ma le tue puntate non sono state accettate. Per maggiori informazioni, ti preghiamo di contattare il servizio di assistenza clienti all'indirizzo [supportemail].","servererror650": "Il gioco è limitato ad una sola sessione alla volta. Per unirti ad un altro tavolo è necessario chiudere la partita attuale.","servererror680": "In una sessione di gioco precedente, una partita è rimasta incompleta e in una modalità di gioco non supportata al momento. Per ricevere supporto immediato, ti preghiamo di contattare il Servizio Assistenza. Ci scusiamo per ogni inconveniente causato.","servererror681": "La tua nuova password deve essere diversa dalla precedente.<br>Inserisci una password diversa e riprova.","servererror700": "[casino] ha raggiunto il numero massimo di giocatori interni in contemporanea.","servererror701": "È stato superato limite di puntata massima dei giocatori interni al [casino].","servererror720": "Il gioco è limitato ad una sola sessione per volta.","servererror801": "Stai già osservando questo tavolo.","servererror802": "Siamo spiacenti ma per questo tavolo è stato raggiunto il limite massimo di osservatori. La tua connessione al tavolo sarà interrotta.","servererror803": "Al momento, il tavolo è al completo. La tua connessione al tavolo sarà interrotta.","servererror804": "Siamo spiacenti ma questo tavolo non è disponibile. Scegli un altro tavolo.","servererror805": "Il round non è attivo.","servererror806": "Azione non valida.","servererror807": "Non puoi unirti al tavolo perché i limiti di puntata non sono compatibili con i tuoi.","servererror808": "Duplica la puntata.","servererror809": "Hai raggiunto il tempo massimo di inattività consentito. La tua connessione al tavolo sarà interrotta.","servererror810": "Hai raggiunto il numero massimo di round da osservatore. La tua connessione al tavolo sarà interrotta.","servererror811": "Non puoi unirti due volte allo stesso tavolo.","servererror812": "Stai osservando.","servererror813": "Questa postazione è già occupata da un altro giocatore. Seleziona una postazione libera.","servererror814": "Le puntate non confermate saranno rimosse dal tavolo.","servererror815": "Siamo spiacenti ma questo tavolo verrà chiuso. Scegli un altro tavolo.","servererror816": "A questo tavolo non vi sono giocatori. Verrà chiuso tra [1] secondi.","servererror817": "Siamo spiacenti ma questo tavolo era chiuso. Scegli un altro tavolo.","servererror818": "Partita attiva non trovata.","servererror819": "Non disponi del permesso necessario a unirti a questo tavolo.","servererror820": "Il tavolo è stato chiuso perché è stato raggiunto il limite di tempo.","servererror821": "Codice di invito non valido. Ti preghiamo di verificare il tuo codice di invito.","servererror822": "Il nome del tavolo inserito contiene parole non consentite. Inserisci un nome del tavolo diverso.","servererror823": "Il nome del tavolo deve essere compreso tra 1 e 30 caratteri e può contenere solo lettere, numeri e spazi.","servererror824": "Non puoi creare ulteriori tavoli perché altri tre tavoli privati che hai creato sono attualmente aperti.","servererror825": "Il nome del tavolo inserito è già in uso. Inserisci un nome diverso per il tavolo.","servererror826": "Il modello di gruppo privato è stato chiuso. Ti preghiamo di scegliere un modello diverso.","servererror827": "La password inserita contiene parole vietate. Inserisci una password diversa.","servererror828": "Il codice di invito deve essere compreso tra 1 e 10 caratteri e può contenere solo lettere e numeri.","servererror832": "Non puoi unirti al tavolo con la stessa puntata totale.","servererror9": "Ti preghiamo di selezionare un nome diverso.","setSelfExclusionDialog.cancelButton": "Annulla","setSelfExclusionDialog.header": "Auto Esclusione","setSelfExclusionDialog.okButton": "Applica","setSelfExclusionDialog.periodRestrictionLabel": "Attiva l'auto esclusione","sky.error.undefined": "Si è verificato un errore! Sarai reindirizzato alla Lobby.","sound.popup.dontShowMeAgain": "Non mostrare più","sound.popup.text": "Vuoi attivare i suoni del gioco?","timeLossLimit.gambling.closeGame.button": "Esci","timeLossLimit.gambling.ignore.button": "Continua","timeLossLimit.gambling.warning": "Hai giocato per for [minutes] dall’inizio della sessione di gioco alle slot machine. Durante questo periodo hai puntato un totale di [bets]","timeLossLimit.limitReached.loss.error": "Hai raggiunto il limite massimo di perdita per sessione. La finestra di gioco verrà chiusa. Durante questa sessione hai puntato un totale di [bets] e vinto un totale di [wins]","timeLossLimit.limitReached.time.error": "Hai raggiunto il limite massimo di tempo per sessione. La finestra di gioco verrà chiusa. Durante questa sessione hai puntato un totale di [bets] e vinto un totale di [wins]","timeLossLimit.losslimit.proximity.warning": "N.B.: stai per raggiungere il limite di perdita per sessione","timeLossLimit.sessionsummary": "Ora la tua sessione di gioco attuale verrà conclusa. Durante questa sessione hai puntato un totale di [bets] e vinto un totale di [wins]","timeLossLimit.timelimit.proximity.warning": "N.B.: stai per raggiungere il limite di tempo per sessione","timeLossLimit.tooHighBet.error": "La tua puntata non può essere accettata perché il tuo limite di perdite della sessione potrebbe essere superato. Ti preghiamo di piazzare una puntata inferiore.","timeLossLimitDialog.betLimit.label": "Limite di puntata","timeLossLimitDialog.betLimit.value.error": "Importo non valido. Ti preghiamo di inserire un importo valido","timeLossLimitDialog.betLimit.value.error.bigThanBalance": "I tuoi limiti di perdita superano l’importo del tuo saldo. Ti preghiamo di scegliere un limite inferiore o di effettuare un deposito.","timeLossLimitDialog.betLimit.value.error.notValid": "Importo non valido. Ti preghiamo di inserire un importo valido","timeLossLimitDialog.cancelButton.label": "Annulla","timeLossLimitDialog.gamblingNoticeInterval.label": "Intervallo di notifica del gioco","timeLossLimitDialog.okButton.label": "Ok","timeLossLimitDialog.sessionTimer.label": "Limite di perdita","timeLossLimitDialog.sessionTimer.placeholder": "Tocca per selezionare","timeLossLimitDialog.timeLimit.value.error.empty": "Valore di timer della sessione non valido. Seleziona un periodo di tempo valido","timeLossLimitDialog.title": "Limiti della Slot","uifeatures.demo.popup": "Provalo subito gratis","uifeatures.real.popup": "Adesso stai giocando con denaro vero","ukreg.autoplay.jackpotsinglewinlimit.message": "Modalità automatica interrotta: jackpot vinto. Più di [amount] vinti","ukreg.autoplay.jackpotwinlimit.message": "Modalità automatica interrotta: jackpot vinto.","ukreg.autoplay.losslimit.message": "Gioco automatico interrotto: hai raggiunto il limite di perdita.","ukreg.autoplay.singlewinlimit.message": "Gioco automatico interrotto: hai vinto più di [amount].","ukreg.cancelButtonText": "Esci","ukreg.confirmButtonText": "Conferma","ukreg.jackPotLabel": "Ferma il gioco automatico in caso di vincita del jackpot","ukreg.lossLabel": "Ferma il gioco automatico quando perdi in tutto:","ukreg.lossLimitExceedMessage": "Il limite delle perdite è troppo alto: L'importo massimo consentito è pari a [amount]","ukreg.lossLimitInvalidMessage": "L'importo del limite delle perdite non è valido. Inserisci un importo valido.","ukreg.lossLimitLowMessage": "Il limite di perdita inserito è troppo basso per il gioco automatico. Inserisci un importo più alto.","ukreg.singleWinExceedMessage": "Il limite per la vincita singola è troppo alto: L'importo massimo consentito è pari a [amount]","ukreg.singleWinInvalidMessage": "L'importo del limite della singola vincita non è valido. Inserisci un importo valido.","ukreg.singleWinLabel": "Ferma quando una singola vincita supera:","ukreg.singleWinLowMessage": "Il limite per la vincita singola è troppo alto: L'importo massimo consentito è pari a [amount]","ukreg.title": "Gioco responsabile - Gioco automatico","unit.time.10minutes": "10 minuti","unit.time.12hours": "12 ore","unit.time.15minutes": "15 minuti","unit.time.1day": "1 giorno","unit.time.1hour": "1 ora","unit.time.1month": "1 mese","unit.time.1week": "1 settimana","unit.time.20minutes": "20 minuti","unit.time.2hours": "2 ore","unit.time.30minutes": "30 minuti","unit.time.40minutes": "40 minuti","unit.time.50minutes": "50 minuti","unit.time.5minutes": "5 minuti","unit.time.60minutes": "60 minuti","unit.time.dimension.day.1": "giorno","unit.time.dimension.day.few": "giorni","unit.time.dimension.day.other": "giorni","unit.time.dimension.hour.1": "ora","unit.time.dimension.hour.few": "ore","unit.time.dimension.hour.other": "ore","unit.time.dimension.minute.1": "minuto","unit.time.dimension.minute.few": "minuti","unit.time.dimension.minute.other": "minuti","unit.time.dimension.month.1": "mese","unit.time.dimension.month.few": "mesi","unit.time.dimension.month.other": "mesi","unit.time.dimension.second.1": "secondo","unit.time.dimension.second.few": "secondi","unit.time.dimension.second.other": "secondi","unit.time.dimension.week.1": "settimana","unit.time.dimension.week.few": "settimane","unit.time.dimension.week.other": "settimane","unsupported.landscape.text": "QUESTO GIOCO È STATO IDEATO PER GIOCARE IN MODALITÀ VERTICALE.<br />RUOTA IL TUO DISPOSITIVO PER GIOCARE.","unsupported.landscape.title": "GIOCA<br />IN VERTICALE","unsupported.portrait.text": "Questo gioco è creato per la modalità in orizzontale.<br /> Per giocare, gira orizzontalmente il tuo dispositivo.","unsupported.portrait.title": "Gioca <br />in orizzontale","update.ie9.browser.checkbox": "Non mostrare più","update.ie9.browser.message": "Il Gioco offre un'esperienza di gioco migliore sull'ultima versione di Internet Explorer o Chrome. <br/>Fai clic qui per aggiornare Internet Explorer.","multiplayerlobby.avatar": "Avatar","multiplayerlobby.join": "Aderire","multiplayerlobby.join.table": "Unisciti al tavolo","multiplayerlobby.limits": "Limiti","multiplayerlobby.my.account": "Il mio conto","multiplayerlobby.nickname": "Nick","multiplayerlobby.player.profile": "Profilo Giocatore","multiplayerlobby.players": "Giocatori","multiplayerlobby.save": "Salva","multiplayerlobby.status": "Stato","multiplayerlobby.table.name": "Nome tavolo","multiplayerlobby.timer": "Timer","multiplayerlobby.show.country": "Mostra il mio Paese","message.unexpectedError.501" : "Siamo spiacenti ma questo gioco non è disponibile in modalità demo. Ti preghiamo di effettuare l'accesso","multiplayerlobby.playerprofile.error.nickname.3" : "Il nickname può contenere un massimo di 20 simboli","multiplayerlobby.playerprofile.error.nickname.2" : "È necessario compilare il campo del nickname","multiplayerlobby.playerprofile.error.nickname.4" : "Si è verificato un errore durante il download del tuo nickname","multiplayerlobby.playerprofile.error.avatar.2" : "Impossibile aggiornare l'avatar","multiplayerlobby.switch.to.another.game" : "SEI SICURO DI VOLERE CAMBIARE IL GIOCO?","multiplayerlobby.playerprofile.error.avatar.1" : "Si è verificato un errore durante il download del tuo avatar","multiplayerlobby.playerprofile.error.status.2" : "Il campo dello stato deve contenere un massimo di 20 simboli","multiplayerlobby.nickname.update.error" : "Per modificare il tuo nickname, contatta l'amministratore.","multiplayerlobby.playerprofile.error.status.3" : "Si è verificato un errore durante il download del tuo stato","multiplayerlobby.playerprofile.error.showcountry.2" : "Si è verificato un errore durante il download del tuo paese","multiplayerlobby.playerprofile.error.showcountry.1" : "Impossibile aggiornare il paese","multiplayerlobby.playerprofile.error.status.1" : "Impossibile aggiornare lo stato del giocatore","multiplayerlobby.stay" : "Rimani","multiplayerlobby.change" : "Cambia","multiplayerlobby.join.error.no.nickname": "Siamo spiacenti, non puoi partecipare al gioco senza un nickname","multiplayerlobby.playerprofile.error.nickname.1" : "Ti preghiamo di utilizzare solo lettere e numeri","leaderboard.notification.leaderboard.completed": "Classifica completato","leaderboard.notification.leaderboard.finished": "Classifica finito","leaderboard.notification.leaderboard.cancelled": "Classifica annullata","leaderboard.notification.leaderboard.started": "Classifica avviata","leaderboard.notification.active": "Attivo","leaderboard.notification.starts.in": "INIZIA TRA"}}