{"texts": {"GAME_CATEGORY_FEATURED": "Uthevet","GAME_CATEGORY_LIVE": "Live","GAME_CATEGORY_NEW": "Ny","GAME_CATEGORY_POKER": "Poker","GAME_CATEGORY_SCRATCH": "Skrape","GAME_CATEGORY_SLOTS": "Automater","GAME_CATEGORY_TABLE_GAMES": "Bordspill","GAME_CATEGORY_VIDEO_POKER": "Videopoker","affiliate.button.casino": "Casino","affiliate.button.dl": "Last ned","blockScreen.close.split": "Vennligst slå av delt visning for å fortsette spillet","blockScreen.doubleTap": "Dobbeltrykk for å spille i normal størrelse.","blockScreen.singleTap": "Trykk på skjermen for å fortsette spillet","blockScreen.swipeDown": "↓ Vennligst sveip ned ↓","blockScreen.swipeUp": "Sveiv opp for å spille på fullskjerm.","bringMoney.aamsCode": "AAMS-øktkode:","bringMoney.back": "Tilbake","bringMoney.bring": "Ta med til spillet","bringMoney.casinoBalance": "Casinosaldo:","bringMoney.confirm": "Bekreft","bringMoney.credits": "Kreditter","bringMoney.desktopBonusTitle": "Velg beløpet for morokreditter<br/>som skal tas med til spillet","bringMoney.desktopSpinsCurrency": "GRATISSPINN","bringMoney.failure.message": "Overføring feilet","bringMoney.fsbTitle": "Velg beløpet for gratisspinn<br/>som skal tas med til spillet","bringMoney.mobileBonusTitle": "Velg beløpet for bonuskreditter<br/>som skal tas med til spillet","bringMoney.mobileMultiBonusTitle2": "Velg beløpet for morokreditter<br/>som skal tas med til spillet","bringMoney.mobilePrimarySpinsCurrency": "Gratisspinn","bringMoney.mobileSecondarySpinsCurrency": "SPINN","bringMoney.multiBonusTitle": "Velg beløpet for gratisspinn<br/>og morokreditter som skal tas med til spillet","bringMoney.next": "Neste","bringMoney.notEnough.message": "Du har ikke nok penger på saldoen din","bringMoney.participationCode": "Deltakerkode:","bringMoney.realTitle": "Velg beløpet for ekte penger<br/>som skal tas med til spillet","bringMoney.ropCode": "Den siste tillatte deltakelseskoden er:","bringMoney.ropTimestamp": "Kode laget:","bringMoney.sessionLimit.message": "Du kan ikke ta med mer enn {0} i en økt","bringMoney.success.message": "{0} Overføring vellykket","bringMoney.tableBalance": "Spillsaldo:","bringMoney.transactionLimit.message": "Du kan ikke ta med mer enn {0}","brokenGames.unfinishedGames": "Du har uferdige spill i casinoet.","brokenGames.likeToResume": "Ønsker du å fortsette?","brokenGames.selectGame": "Velg et spill for å fortsette.","csreg.timer.label": "Spilling er vanedannende","desktop.caption.audioSettings": "Lydinnstillinger","desktop.caption.generalSettings": "Generelle innstillinger","desktop.fsb.ButtonText": "Trykk her","desktop.fsb.notificationText": "Du har gratisspinn! Klikk her for å bruke dem nå!","desktop.goldenchip.ButtonText": "Info","desktop.goldenchip.notificationText": "trykk for å velge en Golden Chip fra Golden Chip-brettet ved bunnen av bordet","desktop.goldenchip.v2.notificationText": "Du har tilgjengelige Golden Chips. Golden Chips kan kun benyttes til innsatser, og trekkes fra gevinstene dine etter hver innsatsrunde","desktop.label.freeSpins": "GRATISSPINN","desktop.label.gameSounds": "Spill-lyder","desktop.label.skipIntro": "Hopp over introvideoen","desktop.label.splashScreen": "Ikke vis oppstartskjermbildet","desktop.label.volume": "Volum","desktop.loading.gameBy": "SPILL FRA","desktop.loading.loadingGame": "Laster inn spillet...","desktop.loading.proudlyPresents": "ER STOLT AV Å PRESENTERE","desktop.promotetoreal.continuePlaying": "Fortsett spillingen","desktop.promotetoreal.playForReal": "SPILL MED EKTE PENGER","desktop.promotetoreal.text": "Det ser ut som du er på en seiersrekke. Ønsker du å spille med ekte penger?","desktopGameAdvisor.header": "Trenger du hjelp til å finne flere spill?","desktopGameAdvisor.hideButton": "Ikke vis denne meldingen igjen","desktopGameAdvisor.suggestions": "Sjekk ut følgende forslag","download.installFlashPlayer.linkText": "Adobe.com","download.installFlashPlayer.part1": "For å starte casinoet må du ha Adobe Flash Player installert på systemet ditt.","download.installFlashPlayer.part2.1": "Klikk her for å besøke","download.installFlashPlayer.part2.2": "nå.","download.installFlashPlayer.part3": "Start casinoet på ny etter at spilleren er installert.","error.id.title": "Ugyldig spill-ID","error.item.unavailable": "Beklager men denne gjenstanden er for øyeblikket utilgjengelig. Vennligst forsøk igjen senere.","error.malformed.back.url": "Misformet tilbake-URL. Du kan ikke starte spillet","gameAdvisor.header": "Spillrådgiver","gameAdvisor.hideButton": "skjul midlertidig","gameAdvisor.mostPopular": "Mest populært","gameAdvisor.mostPopular_1": "Automater","gameAdvisor.mostPopular_2": "Bordspill","gameAdvisor.mostPopular_3": "Kortspill","gameAdvisor.mostPopular_4": "Videopoker","gameAdvisor.mostPopular_5": "Arkadespill","gameAdvisor.mostPopular_6": "Progressive spill","gameAdvisor.mostPopular_7": "Progressive spill","gameAdvisor.newGames": "Nye spill","gameAdvisor.otherGames": "Andre spill","gameAdvisor.otherPlayers": "Andre spillere","gameAdvisor.similarGames": "Lignende spill","gameAdvisor.suggestions": "Sjekk ut følgende forslag","gameConfigurationError1": "Dessverre har dette spillet konfigurasjonsproblemer. Du tas til lobbyen. <br>Vennligst kontakt kundesupport<br> eller prøv et annet spill.","gameConfigurationError2": "Dessverre er denne funksjonen utilgjengelig i dette spillet grunnet konfigurasjonsproblemer. <br>Vennligst kontakt kundesupport<br> eller prøv denne funksjonen i et annet spill.","goldenChip.notification": "{count} GOLDEN CHIPS VERDT {amount} TILGJENGELIG I DETTE SPILLET","italyBonusRewards": "Spillbonus","italyDesktopGameBonusNotification": "Du spiller nå med spillbonus. Klikk på knappen på det nedre panelet for å bytte til ekte penger","italyDesktopRealMoneyNotification": "Du spiller nå med ekte penger. Klikk på knappen på det nedre panelet for å bytte til spillbonus","italyFSB": "Gratisspinn","italyFunBonusCreditsMessage": "Hvilken type kreditt ønsker du å bruke i dette spillet?","italyGameBonus": "Spillbonus","italyGameBonusNotification": "Du spiller nå med spillbonus, klikk på hurtigmenyen for å bytte til ekte","italyLowGameBonusBalance": "Din spillbonussaldo er for liten til å fortsette å spillei spillmodus. Spillet bytter til ekte penger","italyRealMoney": "Ekte penger","italyRealMoneyNotification": "Du spiller nå med ekte penger, klikk på hurtigmenyen for å bytte til spillbonus","label.addMoreMoney": "Legg til flere penger","label.balance": "saldo","label.concession": "Konsesjon","label.extend": "Utvide","label.extend.for": "Utvid for %time% minutter","label.forgot": "Glemt passordet ditt?","label.joinNow": "Bli med nå","label.logIn": "Logg inn","label.logout": "Logg ut","label.mode.fun": "SPILLER FOR MORO","label.mode.real": "SPILL PÅ ORDENTLIG","label.notInUse": "Ikke i bruk","label.practice": "Spill i øvelsesmodus","label.rememberPass": "Husk passord","licenseeInfo.message": "Prøve","limits.state.title": "GRENSER:","loading.game.title": "Laster inn<br />","lobbyInGame.categoryName.featured": "Uthevet","lobbyInGame.categoryName.jackpots": "Jackpoter","lobbyInGame.categoryName.slots": "Automater","lobbyInGame.categoryName.tableGames": "Bordspill","lobbyInGame.title": "Spill","mainMenu.account": "Min konto","mainMenu.bank": "Bank","mainMenu.bonusTerms": "Bonusvilkår","mainMenu.bringMoney": "Hent penger","mainMenu.chat": "Chat","mainMenu.compPoints": "Gratispoeng","mainMenu.deposit": "Innskudd","mainMenu.depositLimit": "Innskuddsgrense","mainMenu.fullScreen": "Full skjerm","mainMenu.fundsTransfer": "Overfør midler","mainMenu.gameVersion": "Spillversjon","mainMenu.help": "Info","mainMenu.history": "Historikk","mainMenu.inviteFriend": "Inviter venner","mainMenu.licenseeInfo": "Lisensinnehavers info","mainMenu.limits": "Grenser","mainMenu.lobby": "Lobby","mainMenu.multiplayerLobby": "Multispillerlobby","mainMenu.logout": "Logg ut","mainMenu.options": "Alternativer","mainMenu.panic": "Panikk","mainMenu.paytable": "Utbetalingsoversikt","mainMenu.playForReal": "Spill på ordentlig","mainMenu.promotions": "Tilbud","mainMenu.promptTempToken": "Oppgi midlertidig pollett","mainMenu.quickDeposit": "Hurtiginnskudd","mainMenu.respGaming": "Ansvarlig spilling","mainMenu.responsibleGamingApproval": "Ansvarlig spilling","mainMenu.responsibleGamingSngc": "Godkjent av SNGC","mainMenu.reverse.withdraw": "Reversere uttak","mainMenu.selfExclusion": "Selvutestengelse","mainMenu.settings": "Innstillinger","mainMenu.share": "Del","mainMenu.shareRefer": "Verv en venn","mainMenu.sound": "Lyd","mainMenu.support": "Brukerstøtte","mainMenu.timeOut": "Pause","mainMenu.transactions": "Transaksjoner","mainMenu.withdraw": "Ta ut","menu.main.left.right.hand": "Venstre/høyre hånd","message.autoplayFinished": "Autospill stoppet","message.browserMode": "Er du sikker på at du vil bytte til nettlesermodus, dette krever at du laster inn spillet på ny samtidig som det pågående spillet ikke lagres","message.button.accept": "Godta","message.button.cancel": "Avbryt","message.button.close": "Lukk","message.button.decline": "Avslå","message.button.later": "Senere","message.button.no": "Nei","message.button.ok": "OK","message.button.play_fun": "Spiller for moro","message.button.reload": "Laste på ny","message.button.relogin": "Forsøk igjen","message.button.update": "Oppdater","message.button.yes": "Ja","message.button.resume": "Fortsette","message.connError": "Kunne ikke koble til serveren. Vennligst forsøk igjen senere. Dette spillet blir lastet inn modus for moro","message.connectionLost": "Dessverre oppstod det et nettverksproblem.<br/>Vennligst forsøk å laste inn spilet på ny eller velg et annet.","message.exit": "Takk for at du spiller hos [casinoname] Casino!<br/>Ønsker du virkelig å avslutte?","message.fsbError": "Gratisspinn er for øyeblikket ikke tilgjengelig. Vennligst forsøk igjen senere","message.gameNotLoaded": "Spillet lastes ikke inn. Vennligst prøv igjen, eller velg et annet spill. Kontakt kundeservice dersom problemet vedvarer.","message.incorrectUser": "Ugyldig brukernavn eller passord oppgitt. Vennligst bekreft kontoinformasjonen din og forsøk igjen.","message.insufDep": "Utilstrekkelig saldo. Ønsker du å sette inn?","message.insufDl": "Utilstrekkelig saldo. Vennligst plasser en lavere innsats.","message.insufReal": "Utilstrekkelig saldo. Ønsker du å spille med ekte penger?","message.insufTable": "Utilstrekkelig saldo. Ønsker du å ta med ytterligere penger til bordet?","message.loggedOut": "Du ble utlogget","message.login.failed": "Innlogging feilet. Vi videresender deg til lobby-siden.","message.login.retry": "Kunne ikke logge inn","message.loginError": "Økten utløpt, vennligst logg inn igjen.","message.needLogin": "Vennligst logg inn i lobbyen for å spille med ekte penger.","message.sessionClosed": "Økt utløpt: du videresendes til lobbyen.","message.networkError": "En nettverksfeil oppstod. Spillet vil lukkes.","message.shutdownNotification": "Systemet gjennomgår vedlikehold. Du blir frakoblet om {timeLeft} minutter. For å fortsette spillingen bes du logge inn igjen i casinoet.","message.panicMessage": "Er du sikker på at du vil selvutestenges for de 12 neste timene?","message.reconnect": "Tilkoblingen ble brutt, kobler til igjen","message.selectGame": "Velg et spill for å bruke bonusen","message.server.disconnect": "Frakoble fra serveren. Dette spillet blir lastet inn modus for moro","message.single.session": "Et spill med denne brukeren er åpnet på en annen enhet","message.spinError": "Spillspinn-feil. Vennligst forsøk igjen","message.termsAndConditions": "Vilkår og betingelser","message.unexpectedError": "Uventet feil ({code}).","mg.label.balance": "SALDO","mg.label.demo": "DEMO","mini.caption.settings": "Innstillinger","mini.label.disableWarnings": "Deaktivere advarsler","mini.label.volume": "VOLUM","nickname.error": "Vennligst velg et annet brukernavn.","nickname.message": "Velkommen! <br> Velg brukernavnet du vil benytte i casinoet.","nickname.note": "Merk: Kontakt kundeservice for å endre brukernavnet ditt.","promotionsTitle": "Tilbud","quickMenu.inGameLobby": "","quickMenu.notification.freeSpin": "I DETTE SPILLET ER DET GRATISSPINN","quickMenu.notification.promoGadget": "NYE KAMPANJER ER TILGJENGELIG","quickMenu.promoGadget": "","realitycheck.message.button.continue": "Fortsette","realitycheck.message.button.stop": "Stopp","servererror10": "Dette brukernavnet blir for øyeblikket bruk av en annen spiller.<br>Oppgi et annet brukernavn og forsøk igjen.","servererror1018": "Du kan kun spille på ett nettverk samtidig. Vennligst lukk alle spillene og forlat ventelistene før du bytter nettverk.","servererror104": "Økten din er ugyldig","servererror108": "Utilstrekkelig saldo for den forespurte innsatsen. Vennligst passer en lavere innsats, eller besøk <u><a href=\"htcmd:switchtogame?code=cashier\">kassen</a></u> for å gjøre et innskudd.","servererror178": "Innlogging feilet. Vi videresender deg til lobby-siden.","servererror113": "Grunnet er teknisk problem er vi for øyeblikket ikke i stand til å fullføre denne runden.<br>Du kan fullføre spillet eller vise resultatet i spillhistorikken på et senere tidspunkt, med en gang problemet har blitt løst.<br>Vennligst kontakt kundesupport på [supportemail] for videre assistanse.<br>Vi beklager eventuelle ubeleiligheter.","servererror13": "Beklager, den progressive jackpotserveren gir for øyeblikket ikke respons.<br>Vennligst forsøk igjen senere.<br>I mellomtiden kan du spille noen av våre øvrige spill.","servererror147": "Du må fullføre ditt ufullstendige spill før du spiller et nytt","servererror15": "Beklager, kundesupportavdelingen er for øyeblikket utilgjengelig.<br>Vennligst forsøk igjen om noen minutter.<br>Vi beklager eventuelle ubeleiligheter.","servererror16": "Dealeren er for øyeblikket borte fra bordet. Vennligst prøv et av våre andre bord.","servererror17": "Beklager, det er ingen respons fra spillserveren.<br>Dersom problemet vedvarer vil du kun kunne spille i frakoblet modus.<br>Vennligst kontakt kundesupport på [supportemail] for umiddelbar assistanse.<br>Vi beklager eventuelle ubeleiligheter.","servererror204": "Dealeren er ikke ved bordet.","servererror233": "Innsatsene dine ble ikke bekreftet for denne spillrunden grunnet problemer med internettforbindelsen din. Vennligst forsøk igjen i den neste spillrunden. Dersom problemet vedvarer kan det være du må kontakte internettleverandøren din for assistanse.","servererror27": "En intern synkroniseringsfeil har oppstått. Vennligst kontakt kundesupport på [supportemail] for videre assistanse.<br>Vi beklager eventuelle ubeleiligheter.","servererror28": "Dette spillet er for øyeblikket lukket. Vennligst prøv et av våre andre spill.","servererror29": "Du kan ikke bli med på det same livespillet to ganger.","servererror31": "Grunnet et kommunikasjonsproblem ble ikke innsatsen din registrert i tide. Vennligst lukk spillvinduet og start spillet igjen. For å forhindre at dette problemet gjentar seg, bes du forsøke bekrefte innsatsene dine så snart spillrunden starter.","servererror33": "Du har ikke nok penger til å gi tips.","servererror332": "Du forsøker å ta flere plasser enn tillatt.","servererror334": "Dette bordet er forbudt grunnet italienske reguleringer. Vennligst prøv et av våre andre spill.","servererror35": "Den progressive sideinnsatsen kunne ikke plasseres. For ytterligere assistanse bes du kontakte kundesupport på [supportemail].","servererror4": "Dette bordet er for øyeblikket fult.<br>Vennligst forsøk igjen senere, eller ta en titt på våre øvrige bord.","servererror522": "Feltet med '<b>verifisere passord</b>' samsvarer ikke.<br>Vennligst skriv inn på ny i feltet med '<b>Verifisere passord</b>'.","servererror57": "Teknisk feil. Alle innsatsene dine ble returnert","servererror586": "Minste styrke for passordet ditt er ‘svært svakt’. Det må bestå av minst 8 tegn.","servererror587": "Minstestyrken til passordet ditt er ‘svakt’. Det må bestå av minst 8 tegn,og inneholde både små og store bokstaver.","servererror588": "Minstestyrken til passordet ditt er ‘middels’. Det må bestå av minst 8 tegn, inneholde både små og store bokstaver, og ha minst ett tall.","servererror589": "Minstestyrken til passordet ditt er ‘sterkt’. Det må bestå av minst 8 tegn, inneholde både små og store bokstaver, ha minst ett tall og ha minst ett spesialtegn.","servererror590": "Minstestyrken til passordet ditt er ‘sterkest’. Det må bestå av minst 12 tegn, inneholde både små og store bokstaver, ha minst ett tall og ha minst ett spesialtegn.","servererror6": "Det var dessverre ingen svar fra spillserveren.<br>Vennligst kontakt Brukerstøtten på [supportemail] for umiddelbar hjelp.<br>Vi beklager eventuelle ubeleiligheter.","servererror610": "Dette spillet er for øyeblikket utilgjengelig. Vennligst prøv et av våre andre spill.","servererror615": "Progressive spill er kun tilgjengelige når det spilles med ekte penger.","servererror616": "Denne plassen er allerede tatt av en annen spiller. Vennligst velg en ledig plass.","servererror630": "Grunnet tekniske årsaker har vi ikke klart å fullføre denne runden.<br>Du blir varslet med en gang spillet er avklart, og saldoen din blir justert tilsvarende.","servererror644": "Beklager, denne funksjonen er for øyeblikket ikke tilgjengelig.","servererror647": "Beklager, innsatsene dine ble ikke godtatt. Vennligst kontakt kundesupport på [supportemail] for videre assistanse.","servererror650": "Dette spillet er begrenset til å spille en økt om gangen. Vennligst lukk ditt aktive spill for å kunne gå inn på et nytt bord.","servererror680": "Du har et ikke-fullført spill fra en tidligere spilløkt, det er i en spillmodus som for tiden ikke støttes. Vennligst kontakt kundesupport for umiddelbar assistanse. Vi beklager eventuelle ubeleiligheter.","servererror681": "Ditt nye passord må være forskjellige fra ditt gamle passord.<br>Oppgi et annet passord og forsøk igjen.","servererror700": "[casino] har nådd maksimalt antall samtidige interne spillere.","servererror701": "Maksimal innsats for interne spillere hos [casino] er nådd.","servererror720": "Dette spillet er begrenset til en økt om gangen.","servererror801": "Du ser allerede på dette bordet.","servererror802": "Beklager, maksimalt antall tilskuere for dette bordet er nådd. Du blir nå frakoblet fra dette bordet.","servererror803": "Dette bordet er fullt. Du blir nå frakoblet fra dette bordet.","servererror804": "Beklager, dette bordet er ikke tilgjengelig. Vennligst velg et annet bord.","servererror805": "Runden er ikke aktiv.","servererror806": "Ugyldig handling.","servererror807": "Beklager, du kan ikke bli med på det bordet siden innsatsgrensene ikke er tilgjengelige for deg.","servererror808": "Duplikatinnsats.","servererror809": "Maksimalt antall tillatte inaktive runder er nådd. Du blir nå frakoblet fra dette bordet.","servererror810": "Maksimalt antall viste runder er nådd. Du blir nå frakoblet fra dette bordet.","servererror811": "Du kan ikke bli med på det samme bordet to ganger.","servererror812": "Du ser på.","servererror813": "Denne plassen er allerede tatt av en annen spiller. Vennligst velg en ledig plass.","servererror814": "Ubekreftede innsatser blir fjernet fra bordet.","servererror815": "Beklager, dette bordet blir lukket. Vennligst velg et annet bord.","servererror816": "Det er ingen spillere ved dette bordet. Det blir lukket om [1] sekunder.","servererror817": "Beklager, dette bordet ble lukket. Vennligst velg et annet bord.","servererror818": "Aktivt spill ikke funnet.","servererror819": "Du har ikke tillatelse til å bli med på dette bordet.","servererror820": "Bordets slutt-tid er nådd, og bordet har blitt lukket.","servererror821": "Feil invitasjonskode. Vennligst verifiser din invitasjonskode.","servererror822": "Oppgitt bordnavn inneholder ord som ikke er tillatt. Oppgi et annet bordnavn.","servererror823": "Bordnavnenemå bestå av mellom 1 og 30 tegn, og kan kun inneholde bokstaver, tall og mellomrom.","servererror824": "Du kan ikke opprette flere bord siden du allerede har laget tre private gruppebord, som for øyeblikket har en åpen status.","servererror825": "Det oppgitte bordnavnet er allerede i bruk. Oppgi et annet bordnavn.","servererror826": "Den private gruppemalen er stengt. Vennligst velg en annen mal.","servererror827": "Oppgitt passord inneholder ord som ikke er tillatt. Oppgi et annet passord.","servererror828": "Invitasjonskoden må være mellom 1 og 10 tegn, og kan kun bestå av bokstaver og tall.","servererror832": "Du kan ikke bli med på bordet med den samme totalinnsatsen.","servererror9": "Vennligst velg et annet brukernavn.","setSelfExclusionDialog.cancelButton": "Avbryt","setSelfExclusionDialog.header": "Selvutestengelse","setSelfExclusionDialog.okButton": "Legg til","setSelfExclusionDialog.periodRestrictionLabel": "Aktivere selvutestengelse","sky.error.undefined": "Spillfeil oppstod! Du tas til lobbyen.","sound.popup.dontShowMeAgain": "Ikke vis meg igjen","sound.popup.text": "Vil du spille med lyd?","timeLossLimit.gambling.closeGame.button": "Forlat","timeLossLimit.gambling.ignore.button": "Fortsette","timeLossLimit.gambling.warning": "Du har nå spilt for [minutes] minutter siden starten av spilløkten på automatene.","timeLossLimit.limitReached.loss.error": "Du har nådd din maksimale tapsgrense for økten og spillet blir nå lukket","timeLossLimit.limitReached.time.error": "Du har nådd din maksimale tidsgrense for økten og spillet blir nå lukket","timeLossLimit.losslimit.proximity.warning": "Vennligst merk - du nærmer deg øktens tapsgrense","timeLossLimit.sessionsummary": "Din nåværende spilløkt blir nå avsluttet. Under denne økten satset du totalt [bets] og du vant totalt [wins]","timeLossLimit.timelimit.proximity.warning": "Vennligst merk - du nærmer deg øktens tidsgrense","timeLossLimit.tooHighBet.error": "Du kan ikke plassere denne innsatsen siden den vil overstige innsatsgrensen. Vennligst plasser en mindre innsats","timeLossLimitDialog.betLimit.label": "Tapsgrense","timeLossLimitDialog.betLimit.value.error.bigThanBalance": "Tapsgrensen er høyere enn saldoen din. Vennligst oppgi et mindre beløp eller gjør et innskudd","timeLossLimitDialog.betLimit.value.error.notValid": "Ugyldig beløp. Vennligst gjenta gyldig beløp","timeLossLimitDialog.cancelButton.label": "Avbryt","timeLossLimitDialog.gamblingNoticeInterval.label": "Spillvarslingsintervall","timeLossLimitDialog.okButton.label": "Ok","timeLossLimitDialog.sessionTimer.label": "Økt-tidtaker","timeLossLimitDialog.sessionTimer.placeholder": "Trykk for å velge","timeLossLimitDialog.timeLimit.value.error.empty": "Ugyldig tidtakerverdi for økten. Vennligst velg en gyldig tidsperiode.","timeLossLimitDialog.title": "Automatspill-begrensninger","uifeatures.demo.popup": "Prøv det nå gratis","uifeatures.real.popup": "Du spiller nå med ekte penger","ukreg.autoplay.jackpotsinglewinlimit.message": "Autospill stoppet: jackpot vunnet. Mer enn [amount] vunnet","ukreg.autoplay.jackpotwinlimit.message": "Autospill stoppet: jackpot vunnet.","ukreg.autoplay.losslimit.message": "Autospill stoppet: tapsgrense nådd.","ukreg.autoplay.singlewinlimit.message": "Autospill stoppet: mer enn [amount] vunnet.","ukreg.cancelButtonText": "Avslutt","ukreg.confirmButtonText": "Bekreft","ukreg.jackPotLabel": "Stopp autospill ved jackpottgevinst","ukreg.lossLabel": "Stopp autospill ved samlet tap på:","ukreg.lossLimitExceedMessage": "For høy gevinstgrenseverdi: Maksimalt tillatt beløp er [amount]","ukreg.lossLimitInvalidMessage": "Ugyldig beløp i tapsgrensefelt. Vennligst oppgi et gyldig beløp.","ukreg.lossLimitLowMessage": "Oppgitt tapsgrense er for lav til å starte autospill. Vennligst oppgi et større beløp.","ukreg.singleWinExceedMessage": "For høy enkeltvis gevinstgrenseverdi: Maksimalt tillatt beløp er [amount]","ukreg.singleWinInvalidMessage": "Ugyldig beløp i enkelt gevinstgrensefelt. Vennligst oppgi et gyldig beløp.","ukreg.singleWinLabel": "Stopp ved en enkel gevinst på mer enn:","ukreg.singleWinLowMessage": "For høy enkeltvis gevinstgrenseverdi: Maksimalt tillatt beløp er 999999999,00","ukreg.title": "Ansvarlig spilling - autospill","unit.time.10minutes": "10 minutter","unit.time.12hours": "12 timer","unit.time.15minutes": "15 minutter","unit.time.1day": "1 dag","unit.time.1hour": "1 time","unit.time.1month": "1 måned","unit.time.1week": "1 uke","unit.time.20minutes": "20 minutter","unit.time.2hours": "2 timer","unit.time.30minutes": "30 minutter","unit.time.40minutes": "40 minutter","unit.time.50minutes": "50 minutter","unit.time.5minutes": "5 minutter","unit.time.60minutes": "60 minutter","unit.time.dimension.day.1": "dag","unit.time.dimension.day.few": "dager","unit.time.dimension.day.other": "dager","unit.time.dimension.hour.1": "time","unit.time.dimension.hour.few": "timer","unit.time.dimension.hour.other": "timer","unit.time.dimension.minute.1": "minutt","unit.time.dimension.minute.few": "minutter","unit.time.dimension.minute.other": "minutter","unit.time.dimension.month.1": "måned","unit.time.dimension.month.few": "måneder","unit.time.dimension.month.other": "måneder","unit.time.dimension.second.1": "sekund","unit.time.dimension.second.few": "sekunder","unit.time.dimension.second.other": "sekunder","unit.time.dimension.week.1": "uke","unit.time.dimension.week.few": "uker","unit.time.dimension.week.other": "uker","unsupported.landscape.text": "DETTE SPILLET ER DESIGNET FOR PORTRETTMODUS.<br />SNU ENHETEN DIN VERTIKALT FOR Å SPILLE.","unsupported.landscape.title": "SPILL<br />I PORTRETT","unsupported.portrait.text": "DETTE SPILLET ER DESIGNET FOR LANDSKAPSMODUS.<br />SNU ENHETEN DIN HORISONTALT FOR Å SPILLE.","unsupported.portrait.title": "SPILL<br />I LANDSKAP","update.ie9.browser.checkbox": "Ikke vis meg igjen","update.ie9.browser.message": "Spillet fungerer bedre i nyeste versjon av Internet Explorer eller Chrome. <br />Klikk her for å oppdatere Internet Explorer.","multiplayerlobby.avatar": "Avatar","multiplayerlobby.join": "Bli med","multiplayerlobby.join.table": "Delta på bordet","multiplayerlobby.limits": "Grenser","multiplayerlobby.my.account": "My Account","multiplayerlobby.nickname": "Kallenavn","multiplayerlobby.player.profile": "Spillerprofil","multiplayerlobby.players": "Spillere","multiplayerlobby.save": "Redning","multiplayerlobby.status": "Status","multiplayerlobby.table.name": "Bordnavn","multiplayerlobby.timer": "Tidtaker","multiplayerlobby.show.country": "Vis Mitt Land","message.unexpectedError.501" : "Dessverre er dette spillet utilgjengelig i modus for moro. Vennligst logg inn først","multiplayerlobby.playerprofile.error.nickname.3" : "Brukernavnet må være mindre eller lik 20 symboler","multiplayerlobby.playerprofile.error.nickname.2" : "Brukernavnfeltet må være utfylt","multiplayerlobby.playerprofile.error.nickname.4" : "Feil oppstod under nedlasting av ditt brukernavn","multiplayerlobby.playerprofile.error.avatar.2" : "Kunne ikke oppdatere avatar","multiplayerlobby.switch.to.another.game" : "ER DU SIKKER PÅ AT DU VIL ENDRE SPILLET?","multiplayerlobby.playerprofile.error.avatar.1" : "Feil oppstod under nedlasting av din avatar","multiplayerlobby.playerprofile.error.status.2" : "Statusfeltet må være mindre eller lik 20 symboler","multiplayerlobby.nickname.update.error" : "For å endre brukernavn bes du kontakte administratoren.","multiplayerlobby.playerprofile.error.status.3" : "Feil oppstod under nedlasting av din status","multiplayerlobby.playerprofile.error.showcountry.2" : "Feil oppstod under nedlasting av ditt lands show","multiplayerlobby.playerprofile.error.showcountry.1" : "Kunne ikke oppdatere landsshow","multiplayerlobby.playerprofile.error.status.1" : "Kunne ikke oppdatere spillerstatus","multiplayerlobby.stay" : "Bli","multiplayerlobby.change" : "Endre","multiplayerlobby.playerprofile.error.nickname.1" : "Benytt kun bokstaver og tall","leaderboard.notification.leaderboard.completed": "Poengtavle fullført","leaderboard.notification.leaderboard.finished": "Poengtavle fullført","leaderboard.notification.leaderboard.cancelled": "Poengtavle kansellert","leaderboard.notification.leaderboard.started": "Poengtavle startet","leaderboard.notification.active": "Aktiv","leaderboard.notification.starts.in": "STARTER OM"}}